model,feature,bin_value,ale_mean,ale_median,ale_lower_95,ale_upper_95,analysis_model,analysis_feature,ale_implementation,ale_central,n_samples,requested_bins,actual_bins
LR,aspect,3.8888744773705257,0.0250384460089953,0.0250509918300382,0.0246931495913081,0.0254064418078089,LR,aspect,exact_skexplain_tella_protocol,,,,
LR,aspect,20.932454908902248,0.0226821244264139,0.0226934741283305,0.0223660481433062,0.0230343918781933,LR,aspect,exact_skexplain_tella_protocol,,,,
LR,aspect,45.5420850245674,0.0192276936875002,0.0192326650183796,0.0188906708184536,0.0195598102865336,LR,aspect,exact_skexplain_tella_protocol,,,,
LR,aspect,68.06395916623433,0.0160203433856017,0.0160188430189302,0.0157247541769514,0.0163312254425579,LR,aspect,exact_skexplain_tella_protocol,,,,
LR,aspect,86.64994506668295,0.0133484761508362,0.0133582289026824,0.0130440636115821,0.0136285146792416,LR,aspect,exact_skexplain_tella_protocol,,,,
LR,aspect,103.56131931516464,0.0109251669253925,0.010925660081424,0.0106221018890925,0.0111984876663666,LR,aspect,exact_skexplain_tella_protocol,,,,
LR,aspect,120.30743583483384,0.0084662338735727,0.0084600406427471,0.0081958620038111,0.0087518161831512,LR,aspect,exact_skexplain_tella_protocol,,,,
LR,aspect,137.14719840083012,0.0059532348885191,0.0059480683038372,0.0056832604180983,0.0062420407187128,LR,aspect,exact_skexplain_tella_protocol,,,,
LR,aspect,153.59860530411694,0.0035066391667541,0.0035021147699385,0.0032536213067519,0.0037936193511633,LR,aspect,exact_skexplain_tella_protocol,,,,
LR,aspect,169.62860499893185,0.001140322435616,0.0011302443672405,0.0008993292331513,0.0014360744596302,LR,aspect,exact_skexplain_tella_protocol,,,,
LR,aspect,185.8624225592822,-0.0012315562550908,-0.0012450421690194,-0.0014704364236914,-0.0009059939283069,LR,aspect,exact_skexplain_tella_protocol,,,,
LR,aspect,202.49836725974305,-0.0036800334773276,-0.003700609333986,-0.0039186277020857,-0.0033858388833808,LR,aspect,exact_skexplain_tella_protocol,,,,
LR,aspect,219.20041505172887,-0.0061202965061893,-0.0061300642991202,-0.0063655574249648,-0.0058254783667951,LR,aspect,exact_skexplain_tella_protocol,,,,
LR,aspect,237.08405560472423,-0.0087382356032019,-0.0087536603728237,-0.0090112580897889,-0.0084597668059823,LR,aspect,exact_skexplain_tella_protocol,,,,
LR,aspect,254.5655690176092,-0.0113305445136667,-0.0113306174421371,-0.0116087800845891,-0.0110291590067454,LR,aspect,exact_skexplain_tella_protocol,,,,
LR,aspect,270.15763573107085,-0.013618897887059,-0.0136056015050286,-0.0139101310370058,-0.0133130546714151,LR,aspect,exact_skexplain_tella_protocol,,,,
LR,aspect,287.2397762993255,-0.0161092241533208,-0.0161045931226918,-0.0163909910742338,-0.0157966227406881,LR,aspect,exact_skexplain_tella_protocol,,,,
LR,aspect,305.9111453596606,-0.0188432185508173,-0.0188375083497447,-0.0191424526395976,-0.0185330473707981,LR,aspect,exact_skexplain_tella_protocol,,,,
LR,aspect,326.4003494369335,-0.021808101565486,-0.0217975836419093,-0.0221219603582945,-0.0214689660289853,LR,aspect,exact_skexplain_tella_protocol,,,,
LR,aspect,348.7707373271889,-0.024967782631895,-0.024958634546384,-0.0253287177926331,-0.0245947092001242,LR,aspect,exact_skexplain_tella_protocol,,,,
RF,aspect,3.8888744773705257,0.0173682133287969,0.0173727261008769,0.0142836363779689,0.0206293324575744,RF,aspect,exact_skexplain_tella_protocol,,,,
RF,aspect,20.932454908902248,0.005426049475015,0.0054774122419753,0.0027386183437116,0.0078682540834276,RF,aspect,exact_skexplain_tella_protocol,,,,
RF,aspect,45.5420850245674,0.0041846920043188,0.0041783860332442,0.0021247540898227,0.0061086143642301,RF,aspect,exact_skexplain_tella_protocol,,,,
RF,aspect,68.06395916623433,0.0046283664296857,0.0046181120782092,0.0029023001774605,0.0061636811057541,RF,aspect,exact_skexplain_tella_protocol,,,,
RF,aspect,86.64994506668295,0.0046095256396344,0.0045964588518242,0.0030206117957055,0.0059789015794336,RF,aspect,exact_skexplain_tella_protocol,,,,
RF,aspect,103.56131931516464,0.0035959130498657,0.0036342257470217,0.0023408182528942,0.0048168767127932,RF,aspect,exact_skexplain_tella_protocol,,,,
RF,aspect,120.30743583483384,0.0024844732830632,0.0024961531004394,0.0011288154373801,0.0037812725663795,RF,aspect,exact_skexplain_tella_protocol,,,,
RF,aspect,137.14719840083012,0.0012270465093667,0.0012505780319048,8.051177843941879e-05,0.0023810632989292,RF,aspect,exact_skexplain_tella_protocol,,,,
RF,aspect,153.59860530411694,0.0005968024059386,0.0005852562929131,-0.0005405618848027,0.001615327142334,RF,aspect,exact_skexplain_tella_protocol,,,,
RF,aspect,169.62860499893185,-8.281359549117707e-06,-1.6664317692444836e-05,-0.0009950466050331,0.0009692742701022,RF,aspect,exact_skexplain_tella_protocol,,,,
RF,aspect,185.8624225592822,-0.0022759676683034,-0.0022681769626891,-0.0032175485239302,-0.0012854311673092,RF,aspect,exact_skexplain_tella_protocol,,,,
RF,aspect,202.49836725974305,-0.0043292202039562,-0.0043618363393389,-0.0054037176827688,-0.0033782239827436,RF,aspect,exact_skexplain_tella_protocol,,,,
RF,aspect,219.20041505172887,-0.0049396654915804,-0.0049742279727933,-0.0061724650003677,-0.003720731014351,RF,aspect,exact_skexplain_tella_protocol,,,,
RF,aspect,237.08405560472423,-0.0046759528310798,-0.0046757842920508,-0.0058768779525859,-0.0033952099777303,RF,aspect,exact_skexplain_tella_protocol,,,,
RF,aspect,254.5655690176092,-0.0049602929065362,-0.0049899908569757,-0.0063425149126293,-0.0034393996353142,RF,aspect,exact_skexplain_tella_protocol,,,,
RF,aspect,270.15763573107085,-0.0059805305973976,-0.0060248227691724,-0.0074392064212358,-0.0042211498089972,RF,aspect,exact_skexplain_tella_protocol,,,,
RF,aspect,287.2397762993255,-0.0065088120053408,-0.0064736179723973,-0.0083719074906602,-0.0048262021550676,RF,aspect,exact_skexplain_tella_protocol,,,,
RF,aspect,305.9111453596606,-0.0074410031743908,-0.0074376144643811,-0.0095223688696449,-0.0054458587650961,RF,aspect,exact_skexplain_tella_protocol,,,,
RF,aspect,326.4003494369335,-0.0056620511844486,-0.0056329263498117,-0.0083280515374292,-0.0030066414888835,RF,aspect,exact_skexplain_tella_protocol,,,,
RF,aspect,348.7707373271889,0.0025863014266406,0.0027139607506165,-0.0008667941275086,0.0060344490245243,RF,aspect,exact_skexplain_tella_protocol,,,,
XGBoost,aspect,3.8888744773705257,-0.003735070565351,-0.0038482520709949,-0.0075834886609227,0.000171175576458,XGBoost,aspect,exact_skexplain_tella_protocol,,,,
XGBoost,aspect,20.932454908902248,0.0024942277698385,0.0022974471638837,-0.0007411240147269,0.0058093456382653,XGBoost,aspect,exact_skexplain_tella_protocol,,,,
XGBoost,aspect,45.5420850245674,0.0070870012883636,0.0069166490936418,0.0043025416405816,0.0101385858235904,XGBoost,aspect,exact_skexplain_tella_protocol,,,,
XGBoost,aspect,68.06395916623433,0.0067828121440403,0.0066979581584339,0.0044687138738785,0.0092973996679158,XGBoost,aspect,exact_skexplain_tella_protocol,,,,
XGBoost,aspect,86.64994506668295,0.0086981703667509,0.0086413864707617,0.0065543168933846,0.0114637172108155,XGBoost,aspect,exact_skexplain_tella_protocol,,,,
XGBoost,aspect,103.56131931516464,0.0047642579504517,0.0047196628662932,0.0023982541497747,0.0072902877942015,XGBoost,aspect,exact_skexplain_tella_protocol,,,,
XGBoost,aspect,120.30743583483384,0.0025845320381685,0.0025630759973719,0.0003825348838648,0.00489255207142,XGBoost,aspect,exact_skexplain_tella_protocol,,,,
XGBoost,aspect,137.14719840083012,0.0001929212825834,0.0001907904808816,-0.0020077533938347,0.0024291494137779,XGBoost,aspect,exact_skexplain_tella_protocol,,,,
XGBoost,aspect,153.59860530411694,-0.0015177285604726,-0.0015026143904484,-0.0036836668667764,0.0005582952201616,XGBoost,aspect,exact_skexplain_tella_protocol,,,,
XGBoost,aspect,169.62860499893185,0.0091214980173929,0.0091740691791434,0.007447797684667,0.0111806614622466,XGBoost,aspect,exact_skexplain_tella_protocol,,,,
XGBoost,aspect,185.8624225592822,0.0031263756550766,0.0031625396471819,0.0015330868411135,0.0044616566985695,XGBoost,aspect,exact_skexplain_tella_protocol,,,,
XGBoost,aspect,202.49836725974305,-0.009281133247175,-0.0091260447714594,-0.0117017552258539,-0.007374251913848,XGBoost,aspect,exact_skexplain_tella_protocol,,,,
XGBoost,aspect,219.20041505172887,-0.006631495138033,-0.0065477824434114,-0.0092777053982272,-0.0046401021027051,XGBoost,aspect,exact_skexplain_tella_protocol,,,,
XGBoost,aspect,237.08405560472423,-0.0052668939184944,-0.0051474231197527,-0.0079687972695205,-0.0032396893349057,XGBoost,aspect,exact_skexplain_tella_protocol,,,,
XGBoost,aspect,254.5655690176092,-0.0084966024096205,-0.0084069444589957,-0.0111315144073357,-0.0063062151905024,XGBoost,aspect,exact_skexplain_tella_protocol,,,,
XGBoost,aspect,270.15763573107085,-0.0091910928906333,-0.0091275638653241,-0.0115069112753259,-0.0068631930240077,XGBoost,aspect,exact_skexplain_tella_protocol,,,,
XGBoost,aspect,287.2397762993255,-0.0038660022095858,-0.003715535407231,-0.0062465741121736,-0.0014743461341137,XGBoost,aspect,exact_skexplain_tella_protocol,,,,
XGBoost,aspect,305.9111453596606,-0.0021761791135402,-0.0021331168426811,-0.00479857402205,0.0006445566872914,XGBoost,aspect,exact_skexplain_tella_protocol,,,,
XGBoost,aspect,326.4003494369335,0.0001555073972418,0.000194256160235,-0.0028131729053816,0.0031114508767251,XGBoost,aspect,exact_skexplain_tella_protocol,,,,
XGBoost,aspect,348.7707373271889,0.0054278024950138,0.0054812230134324,0.0025991909352893,0.0081607657951384,XGBoost,aspect,exact_skexplain_tella_protocol,,,,
CatBoost,aspect,3.8888744773705257,0.0049238563885695,0.0049444022251578,0.0030370741111291,0.0069803370923,CatBoost,aspect,exact_skexplain_tella_protocol,,,,
CatBoost,aspect,20.932454908902248,0.0059007618882371,0.0058961118635611,0.0041723135987327,0.0076737172736786,CatBoost,aspect,exact_skexplain_tella_protocol,,,,
CatBoost,aspect,45.5420850245674,0.0069697822027608,0.0069574245924525,0.0050933396230905,0.0083869788465262,CatBoost,aspect,exact_skexplain_tella_protocol,,,,
CatBoost,aspect,68.06395916623433,0.0076858382199672,0.0076656464615809,0.0062953441966319,0.0089116233083008,CatBoost,aspect,exact_skexplain_tella_protocol,,,,
CatBoost,aspect,86.64994506668295,0.0090946511105728,0.0090507103915937,0.0080455421573731,0.0103656384586999,CatBoost,aspect,exact_skexplain_tella_protocol,,,,
CatBoost,aspect,103.56131931516464,0.0077999183566415,0.0078009046350839,0.0068831120056515,0.0090712071214855,CatBoost,aspect,exact_skexplain_tella_protocol,,,,
CatBoost,aspect,120.30743583483384,0.0049482800984557,0.0048603868058306,0.0040733988716255,0.0061331667842567,CatBoost,aspect,exact_skexplain_tella_protocol,,,,
CatBoost,aspect,137.14719840083012,0.0019480023181591,0.0019407801617287,0.0011294812498332,0.0027791647535708,CatBoost,aspect,exact_skexplain_tella_protocol,,,,
CatBoost,aspect,153.59860530411694,0.0004091247822204,0.0004391871870026,-0.000612403898684,0.0012293572285455,CatBoost,aspect,exact_skexplain_tella_protocol,,,,
CatBoost,aspect,169.62860499893185,0.0004271562698148,0.0004453722547418,-0.0004038148441755,0.0011670601849633,CatBoost,aspect,exact_skexplain_tella_protocol,,,,
CatBoost,aspect,185.8624225592822,-0.0027439800086676,-0.0027668338237187,-0.0034077373840884,-0.0019733650358156,CatBoost,aspect,exact_skexplain_tella_protocol,,,,
CatBoost,aspect,202.49836725974305,-0.0063833220991092,-0.0063950900565624,-0.0072880881081086,-0.0054167455646375,CatBoost,aspect,exact_skexplain_tella_protocol,,,,
CatBoost,aspect,219.20041505172887,-0.0065547101044172,-0.006535729639763,-0.0074892712086828,-0.0056456591068718,CatBoost,aspect,exact_skexplain_tella_protocol,,,,
CatBoost,aspect,237.08405560472423,-0.0065665218913536,-0.0065388398067715,-0.0074097585159137,-0.0057747307251996,CatBoost,aspect,exact_skexplain_tella_protocol,,,,
CatBoost,aspect,254.5655690176092,-0.0067962531192034,-0.0067339809610872,-0.0076314528519442,-0.0059114035447781,CatBoost,aspect,exact_skexplain_tella_protocol,,,,
CatBoost,aspect,270.15763573107085,-0.0071433808556046,-0.0071189475157287,-0.008196888838518,-0.0062527582952261,CatBoost,aspect,exact_skexplain_tella_protocol,,,,
CatBoost,aspect,287.2397762993255,-0.0069869839581907,-0.0069771655264786,-0.0079204873483268,-0.0060517591991262,CatBoost,aspect,exact_skexplain_tella_protocol,,,,
CatBoost,aspect,305.9111453596606,-0.0066357917448285,-0.0066334944172449,-0.0076305728856418,-0.0056626865180748,CatBoost,aspect,exact_skexplain_tella_protocol,,,,
CatBoost,aspect,326.4003494369335,-0.0034164501937224,-0.003451475558207,-0.0046054673706864,-0.0021480165910839,CatBoost,aspect,exact_skexplain_tella_protocol,,,,
CatBoost,aspect,348.7707373271889,0.0031356683357643,0.0030845361976122,0.001246428632983,0.0049638559379311,CatBoost,aspect,exact_skexplain_tella_protocol,,,,
TabPFN,aspect,3.8994785149693296,0.0005114628513018,0.0003700275457737,-0.002245659420137,0.0030737276743499,TabPFN,aspect,cached_local_effect_bootstrap_validated,0.0006084992794167,500.0,20.0,20.0
TabPFN,aspect,20.674239707632687,0.0006256932799413,0.0005068962109173,-0.0018779845395245,0.0032499082508083,TabPFN,aspect,cached_local_effect_bootstrap_validated,0.0006749217147553,500.0,20.0,20.0
TabPFN,aspect,44.5404854731895,0.000742589368913,0.0006194795731229,-0.0016649757539241,0.003557694707268,TabPFN,aspect,cached_local_effect_bootstrap_validated,0.0008167054922632,500.0,20.0,20.0
TabPFN,aspect,67.10147061067539,0.0017129115806492,0.0016847700989776,-0.0004450574359804,0.0042081472409506,TabPFN,aspect,cached_local_effect_bootstrap_validated,0.0017566130565792,500.0,20.0,20.0
TabPFN,aspect,86.1978274636067,0.0022932691207061,0.0022154585204039,0.00020325493951,0.0047436782976101,TabPFN,aspect,cached_local_effect_bootstrap_validated,0.0023183725145027,500.0,20.0,20.0
TabPFN,aspect,103.17199964903716,0.0017760542840454,0.0016966129454813,-0.0001447323881788,0.0041576053004873,TabPFN,aspect,cached_local_effect_bootstrap_validated,0.0017899654059983,500.0,20.0,20.0
TabPFN,aspect,119.74941557054352,0.0031907208748356,0.0031369668136707,0.0012780075531258,0.0059256862757587,TabPFN,aspect,cached_local_effect_bootstrap_validated,0.0032055579078696,498.0,20.0,20.0
TabPFN,aspect,136.59523758659628,-0.0017192018773833,-0.0016798901075992,-0.0036244561851502,0.0001915580607407,TabPFN,aspect,cached_local_effect_bootstrap_validated,-0.001774195958922,502.0,20.0,20.0
TabPFN,aspect,153.43775444807278,0.0042959693450054,0.004375914212306,0.0021980393283555,0.0063265418227654,TabPFN,aspect,cached_local_effect_bootstrap_validated,0.0042489102063082,482.0,20.0,20.0
TabPFN,aspect,169.62171926023132,-0.0046804585273493,-0.0046072952816321,-0.0069068617810825,-0.0028058590956405,TabPFN,aspect,cached_local_effect_bootstrap_validated,-0.0046963397460676,518.0,20.0,20.0
TabPFN,aspect,185.85553682058168,0.0033586893823813,0.0033350208598163,0.0012762929693429,0.0052518100948253,TabPFN,aspect,cached_local_effect_bootstrap_validated,0.003375736619284,499.0,20.0,20.0
TabPFN,aspect,202.3970091860714,-0.0014538252086494,-0.0014174341876147,-0.0034978443801632,0.0004455336331193,TabPFN,aspect,cached_local_effect_bootstrap_validated,-0.0015605286742247,501.0,20.0,20.0
TabPFN,aspect,218.99907605212564,-0.0042905260809347,-0.0042412895687273,-0.0065766057431725,-0.0020397025385628,TabPFN,aspect,cached_local_effect_bootstrap_validated,-0.0042919047689683,500.0,20.0,20.0
TabPFN,aspect,236.64116489150672,-0.0015540670464397,-0.0016334780140648,-0.0036930038245488,0.000692864803804,TabPFN,aspect,cached_local_effect_bootstrap_validated,-0.001565192970509,500.0,20.0,20.0
TabPFN,aspect,253.9582468642232,0.0015610596622379,0.0015465335124579,-0.0002653296870447,0.0039226687784881,TabPFN,aspect,cached_local_effect_bootstrap_validated,0.0015129792456828,496.0,20.0,20.0
TabPFN,aspect,269.41177251503035,-0.0023046743870363,-0.0023274243496765,-0.0042989555228251,7.244856761666657e-05,TabPFN,aspect,cached_local_effect_bootstrap_validated,-0.0023178068502493,504.0,20.0,20.0
TabPFN,aspect,286.75598429822685,-0.000560826912076,-0.0005094540447986,-0.0033561185086073,0.0017555668379957,TabPFN,aspect,cached_local_effect_bootstrap_validated,-0.000579224694582,500.0,20.0,20.0
TabPFN,aspect,305.85922688985875,-0.001219124981481,-0.0011160333102656,-0.0041964924323183,0.0012473559425836,TabPFN,aspect,cached_local_effect_bootstrap_validated,-0.0012478953856661,500.0,20.0,20.0
TabPFN,aspect,326.31413998840304,-0.0012661991828423,-0.0013611008080229,-0.0041238788706145,0.0014014524194262,TabPFN,aspect,cached_local_effect_bootstrap_validated,-0.0012610170795487,500.0,20.0,20.0
TabPFN,aspect,348.7341051973022,-0.0006361735498351,-0.0006889275879145,-0.0039372445553848,0.0022750136126108,TabPFN,aspect,cached_local_effect_bootstrap_validated,-0.0006316884808147,500.0,20.0,20.0
LR,curvature,-0.0179571977904598,-0.0813095151019243,-0.0812039900811855,-0.0843477666209726,-0.0785981251420084,LR,curvature,exact_skexplain_tella_protocol,,,,
LR,curvature,-0.0038115024262214,-0.0234178931181539,-0.0234010181406911,-0.0241160298771575,-0.0226740371916195,LR,curvature,exact_skexplain_tella_protocol,,,,
LR,curvature,-0.0014545655690175,-0.0106615809327172,-0.0106523987769606,-0.0113000554077988,-0.0100229240031342,LR,curvature,exact_skexplain_tella_protocol,,,,
LR,curvature,-0.0004645298623615,-0.0042588217667064,-0.0042858743027074,-0.0047956468985302,-0.00369330897429,LR,curvature,exact_skexplain_tella_protocol,,,,
LR,curvature,-0.0001345179601427,-0.0017713661319867,-0.001799407765817,-0.0023214729247758,-0.0011949687932483,LR,curvature,exact_skexplain_tella_protocol,,,,
LR,curvature,-5.303353984188741e-05,-0.001131324283368,-0.0011616121492491,-0.0016800933585337,-0.0005533605648665,LR,curvature,exact_skexplain_tella_protocol,,,,
LR,curvature,-2.6551103244093488e-05,-0.0009280275213044,-0.0009594458666388,-0.0014753650429836,-0.0003489598018264,LR,curvature,exact_skexplain_tella_protocol,,,,
LR,curvature,-1.4328440198954628e-05,-0.0008364409074086,-0.0008680708964477,-0.0013847834675578,-0.0002574786328341,LR,curvature,exact_skexplain_tella_protocol,,,,
LR,curvature,-8.217108676392137e-06,-0.0007905315297408,-0.0008221527371737,-0.0013394340970741,-0.0002111196481977,LR,curvature,exact_skexplain_tella_protocol,,,,
LR,curvature,-4.142887661345851e-06,-0.0007593246989796,-0.0007906560011859,-0.0013082631314492,-0.0001799846819951,LR,curvature,exact_skexplain_tella_protocol,,,,
LR,curvature,-6.866664629956444e-08,-0.000728047381426,-0.0007590522049628,-0.0012770009879453,-0.0001488997532462,LR,curvature,exact_skexplain_tella_protocol,,,,
LR,curvature,4.005554368746722e-06,-0.000695278668111,-0.000726318013889,-0.0012442004780194,-0.0001161914445188,LR,curvature,exact_skexplain_tella_protocol,,,,
LR,curvature,8.079775383793009e-06,-0.0006603029816901,-0.0006915818817842,-0.0012091766838798,-8.10984002607519e-05,LR,curvature,exact_skexplain_tella_protocol,,,,
LR,curvature,1.4191106906355496e-05,-0.0006071415757085,-0.0006388969235988,-0.001156082841812,-2.767898178212893e-05,LR,curvature,exact_skexplain_tella_protocol,,,,
LR,curvature,2.8450880459010564e-05,-0.0004796308339239,-0.0005114709520069,-0.0010288576299745,0.0001007422694776,LR,curvature,exact_skexplain_tella_protocol,,,,
LR,curvature,7.326731162445968e-05,-7.469791146590623e-05,-0.0001033959828338,-0.0006238680653354,0.0005058196946116,LR,curvature,exact_skexplain_tella_protocol,,,,
LR,curvature,0.0002769783623767,0.0016114870743848,0.0015983003642285,0.0010313151561389,0.0021780620815022,LR,curvature,exact_skexplain_tella_protocol,,,,
LR,curvature,0.0010755256813257,0.0071958423846614,0.0072068346332706,0.0066311110446505,0.0077074906059939,LR,curvature,exact_skexplain_tella_protocol,,,,
LR,curvature,0.0035282067323832,0.0203980300900478,0.0203769450060991,0.0196837462994598,0.0210881141137436,LR,curvature,exact_skexplain_tella_protocol,,,,
LR,curvature,0.0181444746238593,0.1009941381180122,0.1009585496784433,0.0980288139694976,0.1042241396815403,LR,curvature,exact_skexplain_tella_protocol,,,,
RF,curvature,-0.0179571977904598,0.0082388645381064,0.008291081976909,0.0021057291466055,0.013677854940455,RF,curvature,exact_skexplain_tella_protocol,,,,
RF,curvature,-0.0038115024262214,-0.0399415261764943,-0.0396973083246421,-0.0456450055796339,-0.0348876501894867,RF,curvature,exact_skexplain_tella_protocol,,,,
RF,curvature,-0.0014545655690175,-0.0428950378739652,-0.0429057622095669,-0.0481898243181509,-0.0376347600831651,RF,curvature,exact_skexplain_tella_protocol,,,,
RF,curvature,-0.0004645298623615,-0.0450423737352483,-0.0451423679623728,-0.0499242010673128,-0.0398768702948952,RF,curvature,exact_skexplain_tella_protocol,,,,
RF,curvature,-0.0001345179601427,-0.0351549530835221,-0.0351711038434755,-0.0391289010198132,-0.0309420597339813,RF,curvature,exact_skexplain_tella_protocol,,,,
RF,curvature,-5.303353984188741e-05,-0.0090199736960328,-0.0090401796193915,-0.0117196366294935,-0.006126994523002,RF,curvature,exact_skexplain_tella_protocol,,,,
RF,curvature,-2.6551103244093488e-05,0.0146557890554564,0.0147203697349418,0.0117349854789121,0.0176154393394672,RF,curvature,exact_skexplain_tella_protocol,,,,
RF,curvature,-1.4328440198954628e-05,0.0271417946941967,0.0271633218956123,0.0243025094908132,0.0298594306705763,RF,curvature,exact_skexplain_tella_protocol,,,,
RF,curvature,-8.217108676392137e-06,0.0328899609806919,0.0329101135558491,0.0302541641386055,0.0354186123448039,RF,curvature,exact_skexplain_tella_protocol,,,,
RF,curvature,-4.142887661345851e-06,0.0351583069498765,0.0351723706166218,0.032600981659233,0.0378984481601186,RF,curvature,exact_skexplain_tella_protocol,,,,
RF,curvature,-6.866664629956444e-08,0.0374416079225473,0.0375195617316732,0.0348381005255123,0.040279712839055,RF,curvature,exact_skexplain_tella_protocol,,,,
RF,curvature,4.005554368746722e-06,0.0380076373449457,0.0380553643216902,0.0354697650173419,0.0407249358160143,RF,curvature,exact_skexplain_tella_protocol,,,,
RF,curvature,8.079775383793009e-06,0.0346475500253643,0.0346983483461128,0.0318483168982486,0.0371340311763083,RF,curvature,exact_skexplain_tella_protocol,,,,
RF,curvature,1.4191106906355496e-05,0.0287151403497278,0.0286826693352312,0.0259202517156631,0.0315512457180561,RF,curvature,exact_skexplain_tella_protocol,,,,
RF,curvature,2.8450880459010564e-05,0.011733027316553,0.0117028632359106,0.0088338258367426,0.0145174518373394,RF,curvature,exact_skexplain_tella_protocol,,,,
RF,curvature,7.326731162445968e-05,-0.0103654584994611,-0.0103411586112543,-0.0145303711735032,-0.0062527198348846,RF,curvature,exact_skexplain_tella_protocol,,,,
RF,curvature,0.0002769783623767,-0.0243083928374346,-0.0244522625848758,-0.0294755706650082,-0.0200239458379487,RF,curvature,exact_skexplain_tella_protocol,,,,
RF,curvature,0.0010755256813257,-0.025020819253688,-0.0250676568223481,-0.0302720415116214,-0.0199432919331655,RF,curvature,exact_skexplain_tella_protocol,,,,
RF,curvature,0.0035282067323832,-0.0213343408382874,-0.021254534868104,-0.0266646596766089,-0.0161375491977831,RF,curvature,exact_skexplain_tella_protocol,,,,
RF,curvature,0.0181444746238593,-0.0103167899833879,-0.0102786050650271,-0.0158354197713232,-0.0043472103244532,RF,curvature,exact_skexplain_tella_protocol,,,,
XGBoost,curvature,-0.0179571977904598,-0.0151204206649657,-0.0152998639266937,-0.0198959373043919,-0.0107569496817234,XGBoost,curvature,exact_skexplain_tella_protocol,,,,
XGBoost,curvature,-0.0038115024262214,-0.0186351937159098,-0.0187029066777555,-0.0228343965998815,-0.014238317316391,XGBoost,curvature,exact_skexplain_tella_protocol,,,,
XGBoost,curvature,-0.0014545655690175,-0.0187575695425715,-0.0189110168675892,-0.0228556146250339,-0.0142620323724742,XGBoost,curvature,exact_skexplain_tella_protocol,,,,
XGBoost,curvature,-0.0004645298623615,-0.0270673441462662,-0.0271598774416372,-0.0313673135516548,-0.0226288708965887,XGBoost,curvature,exact_skexplain_tella_protocol,,,,
XGBoost,curvature,-0.0001345179601427,-0.0273903195259915,-0.0273567888362333,-0.0316762645149347,-0.0226584759943932,XGBoost,curvature,exact_skexplain_tella_protocol,,,,
XGBoost,curvature,-5.303353984188741e-05,-0.0048629681372838,-0.0049066720130387,-0.0073615481921494,-0.0021246365114208,XGBoost,curvature,exact_skexplain_tella_protocol,,,,
XGBoost,curvature,-2.6551103244093488e-05,0.0183730974348438,0.0183125147099373,0.0156658953842159,0.0208002858393476,XGBoost,curvature,exact_skexplain_tella_protocol,,,,
XGBoost,curvature,-1.4328440198954628e-05,0.0268409906534655,0.0269921873352956,0.0240854442062304,0.0291406854769017,XGBoost,curvature,exact_skexplain_tella_protocol,,,,
XGBoost,curvature,-8.217108676392137e-06,0.0317034384566846,0.0317685157246887,0.0287612464454473,0.0339543199834565,XGBoost,curvature,exact_skexplain_tella_protocol,,,,
XGBoost,curvature,-4.142887661345851e-06,0.0326577927689555,0.0327057278526248,0.0298563777366903,0.0349323873717046,XGBoost,curvature,exact_skexplain_tella_protocol,,,,
XGBoost,curvature,-6.866664629956444e-08,0.0366679356081588,0.0368778372980887,0.0338979526786383,0.038840444068656,XGBoost,curvature,exact_skexplain_tella_protocol,,,,
XGBoost,curvature,4.005554368746722e-06,0.0407320832543872,0.0408897971509024,0.0379419579674658,0.0430065229488199,XGBoost,curvature,exact_skexplain_tella_protocol,,,,
XGBoost,curvature,8.079775383793009e-06,0.0307583240936997,0.0307662903185468,0.028213801175116,0.0329532401542773,XGBoost,curvature,exact_skexplain_tella_protocol,,,,
XGBoost,curvature,1.4191106906355496e-05,0.0192637867066565,0.0191813813138287,0.0163555940942338,0.0221642820514773,XGBoost,curvature,exact_skexplain_tella_protocol,,,,
XGBoost,curvature,2.8450880459010564e-05,-0.0026991299084521,-0.002701570408605,-0.0054321900457073,7.493769786902759e-05,XGBoost,curvature,exact_skexplain_tella_protocol,,,,
XGBoost,curvature,7.326731162445968e-05,-0.0242364796913362,-0.0241166168570984,-0.0283699575153959,-0.0200044010326627,XGBoost,curvature,exact_skexplain_tella_protocol,,,,
XGBoost,curvature,0.0002769783623767,-0.0255131000756419,-0.0254634450122248,-0.0296799992933229,-0.0214254354437522,XGBoost,curvature,exact_skexplain_tella_protocol,,,,
XGBoost,curvature,0.0010755256813257,-0.0177188801558511,-0.0178474320457549,-0.022322280502601,-0.0135341335113043,XGBoost,curvature,exact_skexplain_tella_protocol,,,,
XGBoost,curvature,0.0035282067323832,-0.0197993714124408,-0.0196224233494373,-0.0240956882292404,-0.0154245138613926,XGBoost,curvature,exact_skexplain_tella_protocol,,,,
XGBoost,curvature,0.0181444746238593,-0.0362533884878403,-0.0363451030948199,-0.042013663405074,-0.031429650793391,XGBoost,curvature,exact_skexplain_tella_protocol,,,,
CatBoost,curvature,-0.0179571977904598,-0.0130211365362691,-0.0128855342635487,-0.0183681476573319,-0.0082554196913955,CatBoost,curvature,exact_skexplain_tella_protocol,,,,
CatBoost,curvature,-0.0038115024262214,-0.027185150122753,-0.0271063726371872,-0.0318101656963701,-0.0224271497867183,CatBoost,curvature,exact_skexplain_tella_protocol,,,,
CatBoost,curvature,-0.0014545655690175,-0.0270639411621738,-0.0269892336292458,-0.0314765334734681,-0.0222877325532196,CatBoost,curvature,exact_skexplain_tella_protocol,,,,
CatBoost,curvature,-0.0004645298623615,-0.0271420738900711,-0.027117840456197,-0.0315285676716335,-0.0223845575574112,CatBoost,curvature,exact_skexplain_tella_protocol,,,,
CatBoost,curvature,-0.0001345179601427,-0.0253759036240493,-0.0253856435084022,-0.0298430943120563,-0.020938625730777,CatBoost,curvature,exact_skexplain_tella_protocol,,,,
CatBoost,curvature,-5.303353984188741e-05,-0.0045347453521505,-0.0045829152182788,-0.0068012694814469,-0.0025807564003248,CatBoost,curvature,exact_skexplain_tella_protocol,,,,
CatBoost,curvature,-2.6551103244093488e-05,0.0214336669744037,0.0214317184411841,0.0189743107962851,0.0233142769199712,CatBoost,curvature,exact_skexplain_tella_protocol,,,,
CatBoost,curvature,-1.4328440198954628e-05,0.0302917548594831,0.0304123743647916,0.0277495003100483,0.0324394311250998,CatBoost,curvature,exact_skexplain_tella_protocol,,,,
CatBoost,curvature,-8.217108676392137e-06,0.0329053614514028,0.0329917251515803,0.0302545308499661,0.0348536447734239,CatBoost,curvature,exact_skexplain_tella_protocol,,,,
CatBoost,curvature,-4.142887661345851e-06,0.0335090831260905,0.0335630148259133,0.0309744656643911,0.0355589390743785,CatBoost,curvature,exact_skexplain_tella_protocol,,,,
CatBoost,curvature,-6.866664629956444e-08,0.0346679994262936,0.0347441645295587,0.0321850783052286,0.0366854252409488,CatBoost,curvature,exact_skexplain_tella_protocol,,,,
CatBoost,curvature,4.005554368746722e-06,0.0358678280603209,0.0359121110412189,0.0333127877585057,0.0379310469788397,CatBoost,curvature,exact_skexplain_tella_protocol,,,,
CatBoost,curvature,8.079775383793009e-06,0.0308804476108545,0.0309457815500248,0.0284481932040371,0.0329099610046919,CatBoost,curvature,exact_skexplain_tella_protocol,,,,
CatBoost,curvature,1.4191106906355496e-05,0.0247286323020455,0.0247826488255164,0.0221928977025435,0.0269843186597942,CatBoost,curvature,exact_skexplain_tella_protocol,,,,
CatBoost,curvature,2.8450880459010564e-05,0.0044830027863338,0.0045018630179784,0.0024557092175386,0.0069733704016104,CatBoost,curvature,exact_skexplain_tella_protocol,,,,
CatBoost,curvature,7.326731162445968e-05,-0.0184043492024227,-0.0184268732991966,-0.0212964567629019,-0.0146533416634869,CatBoost,curvature,exact_skexplain_tella_protocol,,,,
CatBoost,curvature,0.0002769783623767,-0.0247901080165549,-0.024584101638016,-0.0280177318934092,-0.0205129500754353,CatBoost,curvature,exact_skexplain_tella_protocol,,,,
CatBoost,curvature,0.0010755256813257,-0.0255459134775066,-0.0254736931236303,-0.0289556661417346,-0.0210609583936805,CatBoost,curvature,exact_skexplain_tella_protocol,,,,
CatBoost,curvature,0.0035282067323832,-0.0264940274363406,-0.0264466366281828,-0.0300335796970976,-0.0217628939943497,CatBoost,curvature,exact_skexplain_tella_protocol,,,,
CatBoost,curvature,0.0181444746238593,-0.0299363282990534,-0.0299174935069158,-0.0336181029468703,-0.0251547120315342,CatBoost,curvature,exact_skexplain_tella_protocol,,,,
TabPFN,curvature,-0.0179673833429975,-0.0046724455808887,-0.0046641664616445,-0.0072109565361909,-0.0021288207076745,TabPFN,curvature,cached_local_effect_bootstrap_validated,-0.0046186376177123,499.0,20.0,20.0
TabPFN,curvature,-0.0037919461653492,-0.0045177707375321,-0.0045638940176393,-0.0069967319288489,-0.0020469739839731,TabPFN,curvature,cached_local_effect_bootstrap_validated,-0.004454451384989,501.0,20.0,20.0
TabPFN,curvature,-0.0013901928769798,-0.0050833094397991,-0.0050499181564644,-0.0075996733843633,-0.0026083977694228,TabPFN,curvature,cached_local_effect_bootstrap_validated,-0.0050560262217535,498.0,20.0,20.0
TabPFN,curvature,-0.000423787652211,-0.0059426660110551,-0.0059296346216979,-0.0082032349774829,-0.0035422148197256,TabPFN,curvature,cached_local_effect_bootstrap_validated,-0.0060055455007008,496.0,20.0,20.0
TabPFN,curvature,-0.0001243324076051,-0.000668475137837,-0.0006636507379887,-0.0027271043709201,0.0012383234993636,TabPFN,curvature,cached_local_effect_bootstrap_validated,-0.0007035391219309,496.0,20.0,20.0
TabPFN,curvature,-4.692220831932492e-05,0.0042375723330305,0.0042542956532881,0.0024458322968396,0.0063122370093862,TabPFN,curvature,cached_local_effect_bootstrap_validated,0.0041690237074741,476.0,20.0,20.0
TabPFN,curvature,-2.4513992736577284e-05,0.0050716028655754,0.0050807439336473,0.003363851463329,0.0067883250052583,TabPFN,curvature,cached_local_effect_bootstrap_validated,0.0049944734153919,452.0,20.0,20.0
TabPFN,curvature,-1.4328440198954628e-05,0.008059359964126,0.0079794560332215,0.0063626539669311,0.0098177605614002,TabPFN,curvature,cached_local_effect_bootstrap_validated,0.0079700474114739,537.0,20.0,20.0
TabPFN,curvature,-8.217108676392137e-06,0.0095275637501305,0.0094821931028048,0.007949076562991,0.0111304352464128,TabPFN,curvature,cached_local_effect_bootstrap_validated,0.0095314143644296,359.0,20.0,20.0
TabPFN,curvature,-4.142887661345851e-06,0.0107751277819676,0.010748515234889,0.0092183813026179,0.0123021106083426,TabPFN,curvature,cached_local_effect_bootstrap_validated,0.0107875204365351,421.0,20.0,20.0
TabPFN,curvature,-6.866664629956444e-08,0.0128348094537847,0.0128351304095391,0.0113458760412065,0.0141231792843689,TabPFN,curvature,cached_local_effect_bootstrap_validated,0.0128268582000979,367.0,20.0,20.0
TabPFN,curvature,4.005554368746722e-06,0.0103555693122861,0.0102977581703918,0.0088948589691256,0.0117525211071475,TabPFN,curvature,cached_local_effect_bootstrap_validated,0.0103379563614376,849.0,20.0,20.0
TabPFN,curvature,8.079775383793009e-06,0.0068488614496457,0.0068243994200518,0.0052112491706021,0.0083563145994163,TabPFN,curvature,cached_local_effect_bootstrap_validated,0.0068395143560715,391.0,20.0,20.0
TabPFN,curvature,1.4191106906355496e-05,0.0043411309064979,0.0043215672811107,0.0029678789321056,0.0061239199801453,TabPFN,curvature,cached_local_effect_bootstrap_validated,0.0043028386961319,533.0,20.0,20.0
TabPFN,curvature,2.8450880459010564e-05,-0.0019916855098997,-0.0020287657798002,-0.0036518634679299,-0.0003087882857704,TabPFN,curvature,cached_local_effect_bootstrap_validated,-0.0019741758052608,551.0,20.0,20.0
TabPFN,curvature,7.530442213200967e-05,-0.0069419253762508,-0.006823872739544,-0.0090094443243713,-0.0051532308340026,TabPFN,curvature,cached_local_effect_bootstrap_validated,-0.0069392194319865,570.0,20.0,20.0
TabPFN,curvature,0.0002793210394603,-0.0100609852161576,-0.0099578352239852,-0.0123277816942089,-0.0077498416043785,TabPFN,curvature,cached_local_effect_bootstrap_validated,-0.0100718910154304,504.0,20.0,20.0
TabPFN,curvature,0.0010823500015258,-0.0098272694039375,-0.0099095899583997,-0.0120923597072041,-0.0074357193726369,TabPFN,curvature,cached_local_effect_bootstrap_validated,-0.0097506545472773,500.0,20.0,20.0
TabPFN,curvature,0.0035226046784874,-0.0107857434568328,-0.0108947864952886,-0.0130415448895244,-0.0082462037870115,TabPFN,curvature,cached_local_effect_bootstrap_validated,-0.0107017552701639,500.0,20.0,20.0
TabPFN,curvature,0.0181323538163395,-0.0085018073393287,-0.008506243474374,-0.0118433089497797,-0.0055887306240259,TabPFN,curvature,cached_local_effect_bootstrap_validated,-0.0084193807316827,500.0,20.0,20.0
LR,distdrainage,15.042176580095829,-0.0062400631288654,-0.0062328882604574,-0.0065575067667013,-0.0059385297151071,LR,distdrainage,exact_skexplain_tella_protocol,,,,
LR,distdrainage,45.00808740501114,-0.0058781232150481,-0.0058699823459491,-0.0061993988335598,-0.005579347399504,LR,distdrainage,exact_skexplain_tella_protocol,,,,
LR,distdrainage,72.48670918912322,-0.0055369317547594,-0.0055273514052962,-0.0058565568805899,-0.0052393291585426,LR,distdrainage,exact_skexplain_tella_protocol,,,,
LR,distdrainage,90.01617481002228,-0.0053171092256873,-0.0053025428287862,-0.0056379329387187,-0.0050210913502343,LR,distdrainage,exact_skexplain_tella_protocol,,,,
LR,distdrainage,109.44071779534286,-0.0050686892853449,-0.0050510885036066,-0.0053875682317874,-0.0047756187931201,LR,distdrainage,exact_skexplain_tella_protocol,,,,
LR,distdrainage,136.91933957945494,-0.0047165023131009,-0.004700896971569,-0.0050359871370504,-0.0044237143992014,LR,distdrainage,exact_skexplain_tella_protocol,,,,
LR,distdrainage,162.50288399914547,-0.0043890914300965,-0.004371353997347,-0.0047115721578564,-0.0040916106266043,LR,distdrainage,exact_skexplain_tella_protocol,,,,
LR,distdrainage,192.58723715933712,-0.0040031571375512,-0.0039873056776951,-0.0043291700273451,-0.0037002658300213,LR,distdrainage,exact_skexplain_tella_protocol,,,,
LR,distdrainage,222.07937864314707,-0.0036271131251991,-0.0036111311760248,-0.0039510074560032,-0.0033219724461827,LR,distdrainage,exact_skexplain_tella_protocol,,,,
LR,distdrainage,250.97930845057527,-0.0032590876643808,-0.0032426824492327,-0.0035750663423706,-0.002955780512376,LR,distdrainage,exact_skexplain_tella_protocol,,,,
LR,distdrainage,282.4849696340831,-0.0028516690679859,-0.0028367997514681,-0.0031650458059226,-0.0025459440221223,LR,distdrainage,exact_skexplain_tella_protocol,,,,
LR,distdrainage,313.5168614764855,-0.002454205468665,-0.0024422615315665,-0.002771960011339,-0.0021443992932229,LR,distdrainage,exact_skexplain_tella_protocol,,,,
LR,distdrainage,347.5098117007966,-0.0020296027410307,-0.0020201999262683,-0.0023451974782788,-0.0017207936563184,LR,distdrainage,exact_skexplain_tella_protocol,,,,
LR,distdrainage,390.9781487472152,-0.0014869228424651,-0.0014815516135371,-0.0017966272277374,-0.0011843331102067,LR,distdrainage,exact_skexplain_tella_protocol,,,,
LR,distdrainage,441.4345835749382,-0.0008679128171702,-0.0008579541604701,-0.0011738563070168,-0.0005690094648049,LR,distdrainage,exact_skexplain_tella_protocol,,,,
LR,distdrainage,494.9705191198461,-0.0002163495085249,-0.0002069852935143,-0.0005247683733348,9.244120357918536e-05,LR,distdrainage,exact_skexplain_tella_protocol,,,,
LR,distdrainage,562.4826502273629,0.0006047634017972,0.0006137490684144,0.0002995980320112,0.0009084323329131,LR,distdrainage,exact_skexplain_tella_protocol,,,,
LR,distdrainage,668.0147709585864,0.0018451032791985,0.0018545233123739,0.0015366363136277,0.0021413850253004,LR,distdrainage,exact_skexplain_tella_protocol,,,,
LR,distdrainage,5947.5818659016695,0.062608760910225,0.0627209902143554,0.0601477496249556,0.0647068361204464,LR,distdrainage,exact_skexplain_tella_protocol,,,,
RF,distdrainage,15.042176580095829,0.0161900400073848,0.0160991604233083,0.0138001141776014,0.0189113558254566,RF,distdrainage,exact_skexplain_tella_protocol,,,,
RF,distdrainage,45.00808740501114,0.0138321024519016,0.0138434304871433,0.0119955965142489,0.0156023500671308,RF,distdrainage,exact_skexplain_tella_protocol,,,,
RF,distdrainage,72.48670918912322,0.0110439645749683,0.0110688848937012,0.0095114069399307,0.0124666591579284,RF,distdrainage,exact_skexplain_tella_protocol,,,,
RF,distdrainage,90.01617481002228,0.0096806468580922,0.0097278520245375,0.0082071965974706,0.0108983074012969,RF,distdrainage,exact_skexplain_tella_protocol,,,,
RF,distdrainage,109.44071779534286,0.0093813755320093,0.0094355947323948,0.0079924055985548,0.0105900727960623,RF,distdrainage,exact_skexplain_tella_protocol,,,,
RF,distdrainage,136.91933957945494,0.0095903923178055,0.0096323465672776,0.0081746687565619,0.0107979444437873,RF,distdrainage,exact_skexplain_tella_protocol,,,,
RF,distdrainage,162.50288399914547,0.0088330941312629,0.0088056560504515,0.0074628236603923,0.0100322077317132,RF,distdrainage,exact_skexplain_tella_protocol,,,,
RF,distdrainage,192.58723715933712,0.0067262914624286,0.0067720475107278,0.0053827885504301,0.0078765165808082,RF,distdrainage,exact_skexplain_tella_protocol,,,,
RF,distdrainage,222.07937864314707,0.0055193887490358,0.0055501411543415,0.0043124162241189,0.0067331213570039,RF,distdrainage,exact_skexplain_tella_protocol,,,,
RF,distdrainage,250.97930845057527,0.0050520302431328,0.0050349296026644,0.0037601427032595,0.0063958365315442,RF,distdrainage,exact_skexplain_tella_protocol,,,,
RF,distdrainage,282.4849696340831,0.004204598570548,0.0041120975894267,0.002967983846728,0.0055391999665437,RF,distdrainage,exact_skexplain_tella_protocol,,,,
RF,distdrainage,313.5168614764855,0.0011675887310723,0.0011755510666868,1.09435720588324e-05,0.0024991332859218,RF,distdrainage,exact_skexplain_tella_protocol,,,,
RF,distdrainage,347.5098117007966,-0.0026870273189259,-0.0026947321436689,-0.0038567716259593,-0.0015162530498621,RF,distdrainage,exact_skexplain_tella_protocol,,,,
RF,distdrainage,390.9781487472152,-0.0068934124510951,-0.0068276957233211,-0.0083116135960917,-0.0055720004797027,RF,distdrainage,exact_skexplain_tella_protocol,,,,
RF,distdrainage,441.4345835749382,-0.0120657502760858,-0.0120933396659458,-0.0136875367276586,-0.010106543366978,RF,distdrainage,exact_skexplain_tella_protocol,,,,
RF,distdrainage,494.9705191198461,-0.0165823499417358,-0.0167088124912497,-0.0187973421665249,-0.0145295776143577,RF,distdrainage,exact_skexplain_tella_protocol,,,,
RF,distdrainage,562.4826502273629,-0.0253618486229813,-0.0254922274245604,-0.0281562058247343,-0.023163794665148,RF,distdrainage,exact_skexplain_tella_protocol,,,,
RF,distdrainage,668.0147709585864,-0.034934210396857,-0.0349420334885608,-0.0376621255966133,-0.0320554016746725,RF,distdrainage,exact_skexplain_tella_protocol,,,,
RF,distdrainage,5947.5818659016695,-0.0218516193820683,-0.021766909184107,-0.025964417459423,-0.0177664284695853,RF,distdrainage,exact_skexplain_tella_protocol,,,,
XGBoost,distdrainage,15.042176580095829,0.0214030942128286,0.0214175390836666,0.0191174316120834,0.0233992890221762,XGBoost,distdrainage,exact_skexplain_tella_protocol,,,,
XGBoost,distdrainage,45.00808740501114,0.0177888774291238,0.0177828458534786,0.0156182039473403,0.0195932725584603,XGBoost,distdrainage,exact_skexplain_tella_protocol,,,,
XGBoost,distdrainage,72.48670918912322,0.0125751815815392,0.0126242490169126,0.0108782426566828,0.0141365364125021,XGBoost,distdrainage,exact_skexplain_tella_protocol,,,,
XGBoost,distdrainage,90.01617481002228,0.0050080153813211,0.005053527424531,0.0035911491748172,0.0062806759053695,XGBoost,distdrainage,exact_skexplain_tella_protocol,,,,
XGBoost,distdrainage,109.44071779534286,0.0050243508010107,0.0050183566407067,0.0035606031407177,0.0063095872574546,XGBoost,distdrainage,exact_skexplain_tella_protocol,,,,
XGBoost,distdrainage,136.91933957945494,0.0107307452027001,0.0107739114088122,0.0094416722166072,0.0118659600290778,XGBoost,distdrainage,exact_skexplain_tella_protocol,,,,
XGBoost,distdrainage,162.50288399914547,0.0108628587053714,0.0109095474301604,0.0095559176173392,0.0119996448479025,XGBoost,distdrainage,exact_skexplain_tella_protocol,,,,
XGBoost,distdrainage,192.58723715933712,0.0063904536144433,0.0064609888729173,0.0050222154199203,0.0075467885934058,XGBoost,distdrainage,exact_skexplain_tella_protocol,,,,
XGBoost,distdrainage,222.07937864314707,0.0031184986607728,0.0032082890732213,0.0018791410521138,0.0044580281624896,XGBoost,distdrainage,exact_skexplain_tella_protocol,,,,
XGBoost,distdrainage,250.97930845057527,0.0025238439814744,0.0024983736163412,0.0014175624290434,0.0037918185236724,XGBoost,distdrainage,exact_skexplain_tella_protocol,,,,
XGBoost,distdrainage,282.4849696340831,0.0025304007283348,0.0025114913747645,0.0012671088088635,0.0037104354047036,XGBoost,distdrainage,exact_skexplain_tella_protocol,,,,
XGBoost,distdrainage,313.5168614764855,-0.0016661353221537,-0.0016445372912916,-0.0027928638366155,-0.0005504909499071,XGBoost,distdrainage,exact_skexplain_tella_protocol,,,,
XGBoost,distdrainage,347.5098117007966,-0.0071299684791268,-0.0071234173720644,-0.0084071923598353,-0.0057283231981768,XGBoost,distdrainage,exact_skexplain_tella_protocol,,,,
XGBoost,distdrainage,390.9781487472152,-0.007461294270903,-0.0074883398468489,-0.0088426798828801,-0.0056321337579016,XGBoost,distdrainage,exact_skexplain_tella_protocol,,,,
XGBoost,distdrainage,441.4345835749382,-0.012143048948149,-0.0121854854164179,-0.0138329901762621,-0.0102756660379189,XGBoost,distdrainage,exact_skexplain_tella_protocol,,,,
XGBoost,distdrainage,494.9705191198461,-0.0172502535828452,-0.0173425061666057,-0.0192536034016514,-0.0153055926950153,XGBoost,distdrainage,exact_skexplain_tella_protocol,,,,
XGBoost,distdrainage,562.4826502273629,-0.0298470902938148,-0.029857866342779,-0.0322417338113702,-0.0274749862422293,XGBoost,distdrainage,exact_skexplain_tella_protocol,,,,
XGBoost,distdrainage,668.0147709585864,-0.037250488040199,-0.0373675677076913,-0.0406649324058785,-0.0341477907773503,XGBoost,distdrainage,exact_skexplain_tella_protocol,,,,
XGBoost,distdrainage,5947.5818659016695,-0.0110461205366752,-0.0110827015115763,-0.0156777209835161,-0.0058293824670318,XGBoost,distdrainage,exact_skexplain_tella_protocol,,,,
CatBoost,distdrainage,15.042176580095829,0.0185095218557708,0.0185283975746933,0.0173892470360182,0.0197951461392834,CatBoost,distdrainage,exact_skexplain_tella_protocol,,,,
CatBoost,distdrainage,45.00808740501114,0.0171617809321936,0.0171798361866231,0.0161722824786581,0.0182679967942539,CatBoost,distdrainage,exact_skexplain_tella_protocol,,,,
CatBoost,distdrainage,72.48670918912322,0.0145593646795159,0.0145780045402814,0.0136350453915958,0.0154215776172321,CatBoost,distdrainage,exact_skexplain_tella_protocol,,,,
CatBoost,distdrainage,90.01617481002228,0.0112436115609645,0.0112330276895497,0.0104802705058308,0.0121047630656923,CatBoost,distdrainage,exact_skexplain_tella_protocol,,,,
CatBoost,distdrainage,109.44071779534286,0.0094320726768263,0.0094500022141013,0.0087029871159277,0.0102842814659299,CatBoost,distdrainage,exact_skexplain_tella_protocol,,,,
CatBoost,distdrainage,136.91933957945494,0.009255333721825,0.0092728232740252,0.0085262429002535,0.0100841626090578,CatBoost,distdrainage,exact_skexplain_tella_protocol,,,,
CatBoost,distdrainage,162.50288399914547,0.0079914446304041,0.0079936153296173,0.0072695310559081,0.0087282076507303,CatBoost,distdrainage,exact_skexplain_tella_protocol,,,,
CatBoost,distdrainage,192.58723715933712,0.0062726768012125,0.0062486152091144,0.0054995990566369,0.0070145502260604,CatBoost,distdrainage,exact_skexplain_tella_protocol,,,,
CatBoost,distdrainage,222.07937864314707,0.0058142151681888,0.0058363678994595,0.0050374482016131,0.0065418703004239,CatBoost,distdrainage,exact_skexplain_tella_protocol,,,,
CatBoost,distdrainage,250.97930845057527,0.0047131664624099,0.0047020261172105,0.0039220241561862,0.0055047424049472,CatBoost,distdrainage,exact_skexplain_tella_protocol,,,,
CatBoost,distdrainage,282.4849696340831,0.003142477070424,0.003120758909678,0.0023244795097901,0.0039817477990547,CatBoost,distdrainage,exact_skexplain_tella_protocol,,,,
CatBoost,distdrainage,313.5168614764855,1.358990360870789e-05,4.040868480609944e-05,-0.0007012835050339,0.0006469858196445,CatBoost,distdrainage,exact_skexplain_tella_protocol,,,,
CatBoost,distdrainage,347.5098117007966,-0.003231764396974,-0.0032499977540744,-0.0039548366474093,-0.002513139317912,CatBoost,distdrainage,exact_skexplain_tella_protocol,,,,
CatBoost,distdrainage,390.9781487472152,-0.0061969439271762,-0.0061677808684723,-0.0071156928818397,-0.0052322429567117,CatBoost,distdrainage,exact_skexplain_tella_protocol,,,,
CatBoost,distdrainage,441.4345835749382,-0.0123466991744295,-0.0123710704521771,-0.0135592607773674,-0.0111952977441162,CatBoost,distdrainage,exact_skexplain_tella_protocol,,,,
CatBoost,distdrainage,494.9705191198461,-0.018315024651244,-0.0183350010175799,-0.0197841249202308,-0.0169502577073473,CatBoost,distdrainage,exact_skexplain_tella_protocol,,,,
CatBoost,distdrainage,562.4826502273629,-0.0273814262200787,-0.02742056591092,-0.0289668150055022,-0.0257429640195786,CatBoost,distdrainage,exact_skexplain_tella_protocol,,,,
CatBoost,distdrainage,668.0147709585864,-0.0361365060790549,-0.0361063500649475,-0.0387131622904827,-0.0335803067726836,CatBoost,distdrainage,exact_skexplain_tella_protocol,,,,
CatBoost,distdrainage,5947.5818659016695,-0.0262143073494606,-0.0261969791104528,-0.0312303687282828,-0.0204513525328364,CatBoost,distdrainage,exact_skexplain_tella_protocol,,,,
TabPFN,distdrainage,15.042176580095829,0.0043165049306384,0.0042532723236057,0.002958556350936,0.0058722825612854,TabPFN,distdrainage,cached_local_effect_bootstrap_validated,0.0043962168449172,401.0,20.0,19.0
TabPFN,distdrainage,45.00808740501114,0.0047618647192843,0.0047515934301445,0.0034550794714466,0.0063364051660633,TabPFN,distdrainage,cached_local_effect_bootstrap_validated,0.004865404352323,942.0,20.0,19.0
TabPFN,distdrainage,72.48670918912322,0.0052159653500919,0.0051499729830276,0.0041312305755876,0.0066274138575967,TabPFN,distdrainage,cached_local_effect_bootstrap_validated,0.0052544810925712,603.0,20.0,19.0
TabPFN,distdrainage,90.01617481002228,0.0034613189164969,0.0034852755505689,0.0023367647982575,0.0047345383751888,TabPFN,distdrainage,cached_local_effect_bootstrap_validated,0.0035005964920957,486.0,20.0,19.0
TabPFN,distdrainage,107.54564043092137,0.0044225731734296,0.004456318878015,0.0032920087176802,0.0054971869214291,TabPFN,distdrainage,cached_local_effect_bootstrap_validated,0.004432960401765,307.0,20.0,19.0
TabPFN,distdrainage,135.02426221503345,0.0045657817432207,0.0045706778020679,0.0034475994692246,0.005507267569712,TabPFN,distdrainage,cached_local_effect_bootstrap_validated,0.0045717626082579,551.0,20.0,19.0
TabPFN,distdrainage,162.50288399914547,0.0022507095448223,0.0022733395941822,0.0012694630291236,0.0031425124510832,TabPFN,distdrainage,cached_local_effect_bootstrap_validated,0.0022967157157938,634.0,20.0,19.0
TabPFN,distdrainage,188.086428418836,0.0018426174374677,0.0018827327620361,0.0008368508061785,0.0027660822642161,TabPFN,distdrainage,cached_local_effect_bootstrap_validated,0.0019363132625687,534.0,20.0,19.0
TabPFN,distdrainage,217.578569902646,0.0021983458545524,0.0021774536790484,0.0010355640130099,0.0032600402199518,TabPFN,distdrainage,cached_local_effect_bootstrap_validated,0.0022438001207876,517.0,20.0,19.0
TabPFN,distdrainage,246.0047303689688,0.0011123309817475,0.0011169210685497,5.5130333611200665e-05,0.0023050098189217,TabPFN,distdrainage,cached_local_effect_bootstrap_validated,0.0011157691798973,507.0,20.0,19.0
TabPFN,distdrainage,277.51039155247656,0.0002350762710984,0.0002534074925229,-0.0007709363596799,0.0014282174303692,TabPFN,distdrainage,cached_local_effect_bootstrap_validated,0.000255306690825,492.0,20.0,19.0
TabPFN,distdrainage,313.5168614764855,-0.0021012440324372,-0.0020726386133163,-0.0031003477676096,-0.001153514729369,TabPFN,distdrainage,cached_local_effect_bootstrap_validated,-0.0020994891208727,524.0,20.0,19.0
TabPFN,distdrainage,345.970061342204,-0.0015398228433451,-0.0014802846523867,-0.0026800507697266,-0.0005202736883619,TabPFN,distdrainage,cached_local_effect_bootstrap_validated,-0.0015612910181414,478.0,20.0,19.0
TabPFN,distdrainage,384.9375896481215,-0.0043426328401859,-0.0043279200855005,-0.005692988458721,-0.0033617198844982,TabPFN,distdrainage,cached_local_effect_bootstrap_validated,-0.0043810780305546,515.0,20.0,19.0
TabPFN,distdrainage,434.18591265602834,-0.00582221131123,-0.0058096284800309,-0.0072942621722205,-0.0046410501394677,TabPFN,distdrainage,cached_local_effect_bootstrap_validated,-0.0058292658912148,509.0,20.0,19.0
TabPFN,distdrainage,492.6964262825429,-0.0065399727892385,-0.006511085794882,-0.0080857975886429,-0.00539115321616,TabPFN,distdrainage,cached_local_effect_bootstrap_validated,-0.0065553045977037,496.0,20.0,19.0
TabPFN,distdrainage,564.4961699270608,-0.0097146602106535,-0.0097703685554117,-0.0113283586858667,-0.0080908587824455,TabPFN,distdrainage,cached_local_effect_bootstrap_validated,-0.0097403723891955,499.0,20.0,19.0
TabPFN,distdrainage,672.9893490401929,-0.0140232208502733,-0.0140374658471022,-0.0158363555217003,-0.0123544302237047,TabPFN,distdrainage,cached_local_effect_bootstrap_validated,-0.0140425280813258,504.0,20.0,19.0
TabPFN,distdrainage,5951.016693624684,0.006091084569574,0.0062832689997908,-0.0055264859654081,0.0167778205426303,TabPFN,distdrainage,cached_local_effect_bootstrap_validated,0.0056324082281309,501.0,20.0,19.0
LR,distriver,298.5451826532792,0.1103621023156526,0.1103022704193369,0.1082701645052471,0.1124115721782627,LR,distriver,exact_skexplain_tella_protocol,,,,
LR,distriver,978.8017059846798,0.1066592029625383,0.1066051471708194,0.1045567936783453,0.1086562631063905,LR,distriver,exact_skexplain_tella_protocol,,,,
LR,distriver,1806.1983550523396,0.1021249029005238,0.1020582450868803,0.1000116309181695,0.1041645027652092,LR,distriver,exact_skexplain_tella_protocol,,,,
LR,distriver,2802.059785760064,0.096573714256794,0.096488475665408,0.094465942878838,0.0986429060667869,LR,distriver,exact_skexplain_tella_protocol,,,,
LR,distriver,3962.1210669270913,0.0901792856458591,0.0900996799560133,0.0881094680642584,0.0922679147981849,LR,distriver,exact_skexplain_tella_protocol,,,,
LR,distriver,5262.925077059237,0.0830416254588431,0.0829945554357505,0.0809983351888308,0.0850944223421615,LR,distriver,exact_skexplain_tella_protocol,,,,
LR,distriver,6753.518524735252,0.0747925535564753,0.0747866832799754,0.0727401373197639,0.0768576828399633,LR,distriver,exact_skexplain_tella_protocol,,,,
LR,distriver,8410.444288460953,0.0655275847937072,0.0655717810732223,0.0634799310157484,0.0675252971147425,LR,distriver,exact_skexplain_tella_protocol,,,,
LR,distriver,10205.980315561388,0.0553300461155795,0.0553431585414789,0.0531704658709212,0.0571899674020101,LR,distriver,exact_skexplain_tella_protocol,,,,
LR,distriver,12291.53166295358,0.0433643767665576,0.0433662015360183,0.0412579839284827,0.0452096635214273,LR,distriver,exact_skexplain_tella_protocol,,,,
LR,distriver,14637.243812372204,0.0298875251845366,0.0298281234429456,0.0276674402818453,0.0317248002455353,LR,distriver,exact_skexplain_tella_protocol,,,,
LR,distriver,17268.706350901823,0.0148862110272879,0.0148660184749591,0.0127511339092575,0.0167319630611187,LR,distriver,exact_skexplain_tella_protocol,,,,
LR,distriver,20358.64899136326,-0.0024599180354508,-0.0024559736171289,-0.0046952958681668,-0.0005523462487289,LR,distriver,exact_skexplain_tella_protocol,,,,
LR,distriver,23941.191183202613,-0.0225225915497872,-0.02247665541548,-0.0248644048949743,-0.0204797497814393,LR,distriver,exact_skexplain_tella_protocol,,,,
LR,distriver,28270.09633167516,-0.0458044833772838,-0.0457694754262528,-0.0480237808246197,-0.0437899999060317,LR,distriver,exact_skexplain_tella_protocol,,,,
LR,distriver,33464.78250984222,-0.0728378198259562,-0.0727859667350982,-0.0749827576384596,-0.0707839691732023,LR,distriver,exact_skexplain_tella_protocol,,,,
LR,distriver,39602.018478957485,-0.1034988148057176,-0.1034359430328077,-0.106076475466768,-0.1011757936461771,LR,distriver,exact_skexplain_tella_protocol,,,,
LR,distriver,47722.44744712667,-0.1406806879083413,-0.1407121485474521,-0.1434308888455184,-0.1376187755468373,LR,distriver,exact_skexplain_tella_protocol,,,,
LR,distriver,62293.58482619708,-0.1953578878803712,-0.1953550795912376,-0.1987283153640451,-0.1917935648158156,LR,distriver,exact_skexplain_tella_protocol,,,,
LR,distriver,172495.14160588395,-0.2909177481814317,-0.2907502324086082,-0.2970662708426877,-0.2856487208437201,LR,distriver,exact_skexplain_tella_protocol,,,,
RF,distriver,298.5451826532792,0.1361631925417295,0.1362352477686295,0.1253623235458796,0.1473884724851208,RF,distriver,exact_skexplain_tella_protocol,,,,
RF,distriver,978.8017059846798,0.1299517812810813,0.1303397876148369,0.1201931450031301,0.1393158901597344,RF,distriver,exact_skexplain_tella_protocol,,,,
RF,distriver,1806.1983550523396,0.1054027201000207,0.1051223177581971,0.0973491110383377,0.113457637392504,RF,distriver,exact_skexplain_tella_protocol,,,,
RF,distriver,2802.059785760064,0.086374926746527,0.0860641443493302,0.0796820314887456,0.0935502300907064,RF,distriver,exact_skexplain_tella_protocol,,,,
RF,distriver,3962.1210669270913,0.0669623344128585,0.0670092045663971,0.0612151768352511,0.0734946725720228,RF,distriver,exact_skexplain_tella_protocol,,,,
RF,distriver,5262.925077059237,0.0360326940995484,0.0358712119510212,0.0320176594345446,0.0404956570343154,RF,distriver,exact_skexplain_tella_protocol,,,,
RF,distriver,6753.518524735252,0.0112946262780227,0.0113942005600336,0.007196705547682,0.0149768827719567,RF,distriver,exact_skexplain_tella_protocol,,,,
RF,distriver,8410.444288460953,0.0018515103413646,0.0020122867891624,-0.0021250719947796,0.0049266151319818,RF,distriver,exact_skexplain_tella_protocol,,,,
RF,distriver,10205.980315561388,-0.0056024973411296,-0.0053127972571843,-0.0091871561483769,-0.0023910998685597,RF,distriver,exact_skexplain_tella_protocol,,,,
RF,distriver,12291.53166295358,-0.0180969396751103,-0.0180659833994829,-0.0214927115618096,-0.0150275903637713,RF,distriver,exact_skexplain_tella_protocol,,,,
RF,distriver,14637.243812372204,-0.0292025698267288,-0.029181564967459,-0.0324292265754535,-0.0261372996020258,RF,distriver,exact_skexplain_tella_protocol,,,,
RF,distriver,17268.706350901823,-0.0362448549578506,-0.0362865009705284,-0.0394229452152442,-0.0326837619378514,RF,distriver,exact_skexplain_tella_protocol,,,,
RF,distriver,20358.64899136326,-0.0409077465879022,-0.0410419106636252,-0.0442414517902208,-0.0376264959387635,RF,distriver,exact_skexplain_tella_protocol,,,,
RF,distriver,23941.191183202613,-0.045844818849247,-0.0458558133839605,-0.0492469663431575,-0.0422660436465908,RF,distriver,exact_skexplain_tella_protocol,,,,
RF,distriver,28270.09633167516,-0.0516937884838651,-0.0516206077508629,-0.0561760642096245,-0.047686109242151,RF,distriver,exact_skexplain_tella_protocol,,,,
RF,distriver,33464.78250984222,-0.0547124496934167,-0.0546660686769424,-0.0592053941905362,-0.050793850980422,RF,distriver,exact_skexplain_tella_protocol,,,,
RF,distriver,39602.018478957485,-0.0568456712240459,-0.0567623695606803,-0.0617017368558676,-0.0522196611226818,RF,distriver,exact_skexplain_tella_protocol,,,,
RF,distriver,47722.44744712667,-0.0690973212212703,-0.0693794788071839,-0.074222772510294,-0.0628276653147352,RF,distriver,exact_skexplain_tella_protocol,,,,
RF,distriver,62293.58482619708,-0.0847547974675211,-0.0849527478493059,-0.0908381150942554,-0.0777197737604144,RF,distriver,exact_skexplain_tella_protocol,,,,
RF,distriver,172495.14160588395,-0.0814535502051506,-0.0816879428902458,-0.0883019058061765,-0.0740962721782015,RF,distriver,exact_skexplain_tella_protocol,,,,
XGBoost,distriver,298.5451826532792,0.1372459499191342,0.1374726176581461,0.1270233559352892,0.1457562914272921,XGBoost,distriver,exact_skexplain_tella_protocol,,,,
XGBoost,distriver,978.8017059846798,0.1197292161945102,0.1200858346623135,0.1118729313521011,0.1264461520999891,XGBoost,distriver,exact_skexplain_tella_protocol,,,,
XGBoost,distriver,1806.1983550523396,0.0835680434506235,0.0837161571376956,0.077447686523351,0.0893220817447774,XGBoost,distriver,exact_skexplain_tella_protocol,,,,
XGBoost,distriver,2802.059785760064,0.0698237202528713,0.0699622681570937,0.0651536645922734,0.0748348869697662,XGBoost,distriver,exact_skexplain_tella_protocol,,,,
XGBoost,distriver,3962.1210669270913,0.0598386769084729,0.0599871279715211,0.0554119652499182,0.0639240111531078,XGBoost,distriver,exact_skexplain_tella_protocol,,,,
XGBoost,distriver,5262.925077059237,0.0288771243357259,0.0289892001528991,0.0256691608717676,0.0322756997969432,XGBoost,distriver,exact_skexplain_tella_protocol,,,,
XGBoost,distriver,6753.518524735252,0.0033854717725116,0.0036175630507059,0.0001309789455443,0.0061654153415409,XGBoost,distriver,exact_skexplain_tella_protocol,,,,
XGBoost,distriver,8410.444288460953,-0.0018045087443194,-0.0016357223650673,-0.0049206328317365,0.0009213264634605,XGBoost,distriver,exact_skexplain_tella_protocol,,,,
XGBoost,distriver,10205.980315561388,0.0002575057460465,0.0003620292165665,-0.0027291246843728,0.0028997010670323,XGBoost,distriver,exact_skexplain_tella_protocol,,,,
XGBoost,distriver,12291.53166295358,-0.0137398679093918,-0.0137402131218579,-0.0164215312046738,-0.0112843953990796,XGBoost,distriver,exact_skexplain_tella_protocol,,,,
XGBoost,distriver,14637.243812372204,-0.0326272968735696,-0.0325776930339168,-0.0352857925168797,-0.029984533886736,XGBoost,distriver,exact_skexplain_tella_protocol,,,,
XGBoost,distriver,17268.706350901823,-0.0394595985895794,-0.0394684652306721,-0.0423207825947919,-0.0367972747560031,XGBoost,distriver,exact_skexplain_tella_protocol,,,,
XGBoost,distriver,20358.64899136326,-0.0351790479606788,-0.0352013255254365,-0.0381625796199787,-0.032580828824602,XGBoost,distriver,exact_skexplain_tella_protocol,,,,
XGBoost,distriver,23941.191183202613,-0.0319881665494443,-0.0319882071894127,-0.0352746775690926,-0.0293957243258226,XGBoost,distriver,exact_skexplain_tella_protocol,,,,
XGBoost,distriver,28270.09633167516,-0.0358328881150882,-0.0357568219550419,-0.0391189924624538,-0.0325599282938579,XGBoost,distriver,exact_skexplain_tella_protocol,,,,
XGBoost,distriver,33464.78250984222,-0.0350176858193081,-0.0349940178446471,-0.0383824189171957,-0.0315793743938894,XGBoost,distriver,exact_skexplain_tella_protocol,,,,
XGBoost,distriver,39602.018478957485,-0.0367410772826673,-0.0367050850412109,-0.0401020104501239,-0.0331592258468316,XGBoost,distriver,exact_skexplain_tella_protocol,,,,
XGBoost,distriver,47722.44744712667,-0.056102060853084,-0.0560188478291034,-0.0610254697745229,-0.0507924858680181,XGBoost,distriver,exact_skexplain_tella_protocol,,,,
XGBoost,distriver,62293.58482619708,-0.0789974612282119,-0.0787183371492428,-0.0861142509985179,-0.0727250184477109,XGBoost,distriver,exact_skexplain_tella_protocol,,,,
XGBoost,distriver,172495.14160588395,-0.1055492261833351,-0.1055927831720095,-0.1129305415707442,-0.0991493138526281,XGBoost,distriver,exact_skexplain_tella_protocol,,,,
CatBoost,distriver,298.5451826532792,0.1382397244682859,0.1380593606015545,0.13082996205049,0.1456894059952796,CatBoost,distriver,exact_skexplain_tella_protocol,,,,
CatBoost,distriver,978.8017059846798,0.127026384129766,0.1270154814208813,0.1199948901627892,0.1334227262293764,CatBoost,distriver,exact_skexplain_tella_protocol,,,,
CatBoost,distriver,1806.1983550523396,0.0983441416756573,0.0982310567763331,0.0937886208769945,0.1033773759456042,CatBoost,distriver,exact_skexplain_tella_protocol,,,,
CatBoost,distriver,2802.059785760064,0.0732656150787351,0.0730987616962348,0.0694283429591607,0.0778086254058438,CatBoost,distriver,exact_skexplain_tella_protocol,,,,
CatBoost,distriver,3962.1210669270913,0.0559829188599731,0.0559570108170642,0.0523943330613454,0.0604487369115596,CatBoost,distriver,exact_skexplain_tella_protocol,,,,
CatBoost,distriver,5262.925077059237,0.0291640485363905,0.0291505932653795,0.0265966221281991,0.0324950994902467,CatBoost,distriver,exact_skexplain_tella_protocol,,,,
CatBoost,distriver,6753.518524735252,0.0047244125510823,0.0047504630475761,0.0021949885858118,0.0074419403439858,CatBoost,distriver,exact_skexplain_tella_protocol,,,,
CatBoost,distriver,8410.444288460953,-0.0044481358483572,-0.0044689093097778,-0.0069182341918472,-0.0018889512844733,CatBoost,distriver,exact_skexplain_tella_protocol,,,,
CatBoost,distriver,10205.980315561388,-0.0088283014427704,-0.0089257602565621,-0.0112133067448789,-0.0062202059783811,CatBoost,distriver,exact_skexplain_tella_protocol,,,,
CatBoost,distriver,12291.53166295358,-0.0188873013943264,-0.0189288850358727,-0.0212567213838652,-0.0165568156702018,CatBoost,distriver,exact_skexplain_tella_protocol,,,,
CatBoost,distriver,14637.243812372204,-0.029335211402518,-0.0293356508161713,-0.0314144869922856,-0.0271484567480135,CatBoost,distriver,exact_skexplain_tella_protocol,,,,
CatBoost,distriver,17268.706350901823,-0.0310210419510331,-0.0309226245569133,-0.0336923689909744,-0.028885432727542,CatBoost,distriver,exact_skexplain_tella_protocol,,,,
CatBoost,distriver,20358.64899136326,-0.0329929961778209,-0.0329050803580916,-0.0354607230638803,-0.0306295731245056,CatBoost,distriver,exact_skexplain_tella_protocol,,,,
CatBoost,distriver,23941.191183202613,-0.0373099134794748,-0.0372744399990026,-0.0396829388802092,-0.0344606318756408,CatBoost,distriver,exact_skexplain_tella_protocol,,,,
CatBoost,distriver,28270.09633167516,-0.0396080020968465,-0.0395372030755735,-0.0423026540465442,-0.036321415261789,CatBoost,distriver,exact_skexplain_tella_protocol,,,,
CatBoost,distriver,33464.78250984222,-0.040800132372627,-0.0409412159851334,-0.0435414932864833,-0.0372639897163062,CatBoost,distriver,exact_skexplain_tella_protocol,,,,
CatBoost,distriver,39602.018478957485,-0.0473519794407101,-0.0474634293311839,-0.0504920742446751,-0.0439512132618469,CatBoost,distriver,exact_skexplain_tella_protocol,,,,
CatBoost,distriver,47722.44744712667,-0.0641426762591269,-0.0644035660184528,-0.0676944156427898,-0.0600067429671268,CatBoost,distriver,exact_skexplain_tella_protocol,,,,
CatBoost,distriver,62293.58482619708,-0.0778715551518579,-0.0779928859674126,-0.0820856725605103,-0.0734653514954788,CatBoost,distriver,exact_skexplain_tella_protocol,,,,
CatBoost,distriver,172495.14160588395,-0.0946199178237585,-0.09464664164363,-0.099781342043776,-0.0894304002536498,CatBoost,distriver,exact_skexplain_tella_protocol,,,,
TabPFN,distriver,298.5451826532792,0.0363599977494331,0.0364770866392296,0.03124861227318,0.0414681290601455,TabPFN,distriver,cached_local_effect_bootstrap_validated,0.036121104064607,497.0,20.0,20.0
TabPFN,distriver,983.0666371654409,0.0321157048184228,0.0318329292641268,0.0274180242136417,0.0368116427807504,TabPFN,distriver,cached_local_effect_bootstrap_validated,0.0318378691219026,501.0,20.0,20.0
TabPFN,distriver,1823.258079775384,0.0257406930167031,0.0256277888971235,0.0221173450963737,0.0296732586959068,TabPFN,distriver,cached_local_effect_bootstrap_validated,0.0255193772383267,501.0,20.0,20.0
TabPFN,distriver,2814.8545793023472,0.020851313795378,0.0208643859813455,0.0170200459300915,0.0245094915679302,TabPFN,distriver,cached_local_effect_bootstrap_validated,0.0205933085300261,499.0,20.0,20.0
TabPFN,distriver,3959.988601336711,0.0142210876079701,0.0142553910625778,0.0104961240408814,0.0176921411917172,TabPFN,distriver,cached_local_effect_bootstrap_validated,0.0140112812288338,501.0,20.0,20.0
TabPFN,distriver,5256.527680288094,0.0090250357899618,0.0092510942352208,0.0055795854124374,0.0121540788954917,TabPFN,distriver,cached_local_effect_bootstrap_validated,0.008810620441311,498.0,20.0,20.0
TabPFN,distriver,6748.507230597858,0.0042731303410718,0.0043080360766442,0.001134890279074,0.0078949707827353,TabPFN,distriver,cached_local_effect_bootstrap_validated,0.0040997193783754,503.0,20.0,20.0
TabPFN,distriver,8413.109870448929,0.0001068687585917,6.924888216308309e-05,-0.0031807922020452,0.0034447345602244,TabPFN,distriver,cached_local_effect_bootstrap_validated,3.5670737945477093e-05,500.0,20.0,20.0
TabPFN,distriver,10171.007879879147,-0.0031575753761496,-0.0031645235725736,-0.0060734204228037,0.000286285662674,TabPFN,distriver,cached_local_effect_bootstrap_validated,-0.0031577433336293,499.0,20.0,20.0
TabPFN,distriver,12139.060373241373,-0.0080179858491486,-0.0079221046703343,-0.0109392908943144,-0.0047153928955079,TabPFN,distriver,cached_local_effect_bootstrap_validated,-0.0079404605429386,501.0,20.0,20.0
TabPFN,distriver,14395.208967864008,-0.0124178778384542,-0.0126329238141595,-0.0152301036208812,-0.0093528788359829,TabPFN,distriver,cached_local_effect_bootstrap_validated,-0.0121555389713263,497.0,20.0,20.0
TabPFN,distriver,17016.222425000764,-0.0155308956502046,-0.015516218257352,-0.0180335071304824,-0.0123301387159121,TabPFN,distriver,cached_local_effect_bootstrap_validated,-0.0152560489594703,503.0,20.0,20.0
TabPFN,distriver,20042.937460707424,-0.0138033616839454,-0.014055138282862,-0.016429797257583,-0.0106330273640071,TabPFN,distriver,cached_local_effect_bootstrap_validated,-0.0136011604562168,500.0,20.0,20.0
TabPFN,distriver,23678.151552629177,-0.0139447616602553,-0.0140492597018077,-0.017092164917275,-0.0111158532665943,TabPFN,distriver,cached_local_effect_bootstrap_validated,-0.0137637589003657,500.0,20.0,20.0
TabPFN,distriver,28098.53947492905,-0.0114776099522857,-0.0115181086751592,-0.0148769394652306,-0.0081752890485111,TabPFN,distriver,cached_local_effect_bootstrap_validated,-0.0112970607232069,500.0,20.0,20.0
TabPFN,distriver,33194.91898937957,-0.0069429917023465,-0.0066902267419209,-0.0108482340711416,-0.0034722245701681,TabPFN,distriver,cached_local_effect_bootstrap_validated,-0.0069281450349604,500.0,20.0,20.0
TabPFN,distriver,39246.10997192301,-0.0055342769367316,-0.0053714760502218,-0.0100999500886828,-0.0019775349122326,TabPFN,distriver,cached_local_effect_bootstrap_validated,-0.0055879004874965,500.0,20.0,20.0
TabPFN,distriver,47331.77975096899,-0.0108832108992546,-0.010863262648636,-0.0169625792940176,-0.0054938135804442,TabPFN,distriver,cached_local_effect_bootstrap_validated,-0.0108844609575113,500.0,20.0,20.0
TabPFN,distriver,62244.43149433883,-0.0243261674250871,-0.024542395477154,-0.0325663854148483,-0.0156327819892133,TabPFN,distriver,cached_local_effect_bootstrap_validated,-0.0245104413123568,500.0,20.0,20.0
TabPFN,distriver,172650.91821726126,-0.0165025489715381,-0.016246268496642,-0.0308189641250904,-0.0022341561369533,TabPFN,distriver,cached_local_effect_bootstrap_validated,-0.0157922422157367,500.0,20.0,20.0
LR,distroads,29.79064302499466,0.0347690608573264,0.0347152391332896,0.033636661269237,0.035960527021798,LR,distroads,exact_skexplain_tella_protocol,,,,
LR,distroads,93.09575945310831,0.0342422189868021,0.0341872953899788,0.0331132887804078,0.0354409805076117,LR,distroads,exact_skexplain_tella_protocol,,,,
LR,distroads,169.06189916684468,0.0336239442401662,0.0335757786432919,0.0324963922035021,0.0348265839794819,LR,distroads,exact_skexplain_tella_protocol,,,,
LR,distroads,267.3710211493271,0.0328245786872455,0.0327786338204457,0.031694024812221,0.0340207003233231,LR,distroads,exact_skexplain_tella_protocol,,,,
LR,distroads,382.8097628711814,0.0318873475544287,0.0318428588731338,0.0307578399001055,0.0330777225864812,LR,distroads,exact_skexplain_tella_protocol,,,,
LR,distroads,509.4199957274087,0.0308651218363702,0.0308251242478026,0.0297341347181906,0.0320563851345454,LR,distroads,exact_skexplain_tella_protocol,,,,
LR,distroads,663.5865733817561,0.0296250390066698,0.0295905729837147,0.0284949611127282,0.0308040750443654,LR,distroads,exact_skexplain_tella_protocol,,,,
LR,distroads,860.2048173467208,0.0280724535863847,0.028030756250827,0.0269498472894502,0.029246207390957,LR,distroads,exact_skexplain_tella_protocol,,,,
LR,distroads,1102.9985580004272,0.0261936367337592,0.0261455324348125,0.0250718620672162,0.0273751301922761,LR,distroads,exact_skexplain_tella_protocol,,,,
LR,distroads,1423.24797051912,0.0237080139155662,0.0236449936209722,0.0226012923922214,0.0248868659911421,LR,distroads,exact_skexplain_tella_protocol,,,,
LR,distroads,1837.3379085665456,0.0204948477015207,0.0204235104022512,0.0193919670405394,0.0216783493763006,LR,distroads,exact_skexplain_tella_protocol,,,,
LR,distroads,2341.544541764581,0.0166772351632064,0.0166211317586254,0.0155568313490375,0.0178580730175273,LR,distroads,exact_skexplain_tella_protocol,,,,
LR,distroads,3003.6415829950865,0.0117726798582973,0.0117190232810568,0.0106791864470825,0.0129871684906993,LR,distroads,exact_skexplain_tella_protocol,,,,
LR,distroads,3877.252189703055,0.0053749200283609,0.0053181594056144,0.0043369392420931,0.0066847577075785,LR,distroads,exact_skexplain_tella_protocol,,,,
LR,distroads,5027.171010467849,-0.0026342234468926,-0.0027033659123903,-0.0036763216589979,-0.0013687433721409,LR,distroads,exact_skexplain_tella_protocol,,,,
LR,distroads,6556.920529801325,-0.0128352660004115,-0.0128330018747935,-0.0139079378757098,-0.0116458534078842,LR,distroads,exact_skexplain_tella_protocol,,,,
LR,distroads,8692.909634693442,-0.026002752648287,-0.0260227618409039,-0.027121299754548,-0.0248271536070303,LR,distroads,exact_skexplain_tella_protocol,,,,
LR,distroads,11854.441625721,-0.0445083071663965,-0.0445884641439892,-0.0458345970727454,-0.0429084327316116,LR,distroads,exact_skexplain_tella_protocol,,,,
LR,distroads,17068.548921170688,-0.072613965888566,-0.0725862031798157,-0.0745732872194888,-0.0706577668724087,LR,distroads,exact_skexplain_tella_protocol,,,,
LR,distroads,54406.65135654775,-0.2035251952320333,-0.2032502334885077,-0.2133719215320076,-0.1951795792802074,LR,distroads,exact_skexplain_tella_protocol,,,,
RF,distroads,29.79064302499466,-0.0271628753460988,-0.0273028064421728,-0.0313093528013007,-0.0214948112751246,RF,distroads,exact_skexplain_tella_protocol,,,,
RF,distroads,93.09575945310831,-0.0163039538788211,-0.0164252337863862,-0.0199926282744449,-0.0115146083923888,RF,distroads,exact_skexplain_tella_protocol,,,,
RF,distroads,169.06189916684468,-0.0122057043875848,-0.0123776291261435,-0.0156749867942311,-0.0082518391252176,RF,distroads,exact_skexplain_tella_protocol,,,,
RF,distroads,267.3710211493271,-0.0074862382303376,-0.0075406733564431,-0.010837033872219,-0.0038566299093519,RF,distroads,exact_skexplain_tella_protocol,,,,
RF,distroads,382.8097628711814,0.0014011341063843,0.001271641922501,-0.0011107535828015,0.0044657034708084,RF,distroads,exact_skexplain_tella_protocol,,,,
RF,distroads,509.4199957274087,0.0091028806765874,0.0090426792251434,0.0070333603529198,0.011672082610559,RF,distroads,exact_skexplain_tella_protocol,,,,
RF,distroads,663.5865733817561,0.0113457478772384,0.0113091236815651,0.009299909626925,0.0137987322806435,RF,distroads,exact_skexplain_tella_protocol,,,,
RF,distroads,860.2048173467208,0.0143876252197592,0.0143480236337964,0.0124904862133474,0.016409729150427,RF,distroads,exact_skexplain_tella_protocol,,,,
RF,distroads,1102.9985580004272,0.0188432722865384,0.0188368036964077,0.0167365915470443,0.0212194878553168,RF,distroads,exact_skexplain_tella_protocol,,,,
RF,distroads,1423.24797051912,0.0214543809223391,0.0212458198204943,0.0193311521767872,0.0238858829180457,RF,distroads,exact_skexplain_tella_protocol,,,,
RF,distroads,1837.3379085665456,0.0202072586831603,0.0201319621372649,0.0183447747595459,0.0225272220564831,RF,distroads,exact_skexplain_tella_protocol,,,,
RF,distroads,2341.544541764581,0.0146866505539831,0.0146456867860437,0.0125959814841814,0.0168902688647354,RF,distroads,exact_skexplain_tella_protocol,,,,
RF,distroads,3003.6415829950865,0.0097114368741649,0.0097289926563996,0.0076102260332293,0.0118408781786597,RF,distroads,exact_skexplain_tella_protocol,,,,
RF,distroads,3877.252189703055,0.0030365436478584,0.0031557807160822,0.0007650011502084,0.005097349206481,RF,distroads,exact_skexplain_tella_protocol,,,,
RF,distroads,5027.171010467849,-0.0037688784428431,-0.003817235647327,-0.0066923068624159,-0.0015106425437045,RF,distroads,exact_skexplain_tella_protocol,,,,
RF,distroads,6556.920529801325,-0.0084040572302492,-0.0083921269523755,-0.0112146619330764,-0.0056960730764572,RF,distroads,exact_skexplain_tella_protocol,,,,
RF,distroads,8692.909634693442,-0.0150590546236676,-0.0150294345644385,-0.0184816554987307,-0.0120594339489756,RF,distroads,exact_skexplain_tella_protocol,,,,
RF,distroads,11854.441625721,-0.0203291690527463,-0.0202422213213717,-0.0244220189190028,-0.0163801833315669,RF,distroads,exact_skexplain_tella_protocol,,,,
RF,distroads,17068.548921170688,-0.0172786614837161,-0.0169478066321358,-0.0222064636738589,-0.0136224728079683,RF,distroads,exact_skexplain_tella_protocol,,,,
RF,distroads,54406.65135654775,0.0060886973468178,0.0060536251656386,-0.0006882639552612,0.0116065035322778,RF,distroads,exact_skexplain_tella_protocol,,,,
XGBoost,distroads,29.79064302499466,-0.0302524534690783,-0.0301580155003583,-0.0347474714001314,-0.0259211687995423,XGBoost,distroads,exact_skexplain_tella_protocol,,,,
XGBoost,distroads,93.09575945310831,-0.0160031549834615,-0.0159904031044337,-0.0194790826570475,-0.0125217862196196,XGBoost,distroads,exact_skexplain_tella_protocol,,,,
XGBoost,distroads,169.06189916684468,-0.0193030946438169,-0.019266488668695,-0.0223264945764641,-0.0156719223021972,XGBoost,distroads,exact_skexplain_tella_protocol,,,,
XGBoost,distroads,267.3710211493271,-0.0183901936793979,-0.018392481091246,-0.0211864508848276,-0.015647460218881,XGBoost,distroads,exact_skexplain_tella_protocol,,,,
XGBoost,distroads,382.8097628711814,-0.0039781213753825,-0.0039042344815796,-0.0064603493937768,-0.001189114040333,XGBoost,distroads,exact_skexplain_tella_protocol,,,,
XGBoost,distroads,509.4199957274087,0.0050978713901434,0.0049885620333254,0.0029498762284964,0.0074582211998628,XGBoost,distroads,exact_skexplain_tella_protocol,,,,
XGBoost,distroads,663.5865733817561,0.0052879157211973,0.0051460956935305,0.0029184796212869,0.007474471086061,XGBoost,distroads,exact_skexplain_tella_protocol,,,,
XGBoost,distroads,860.2048173467208,0.0082960201846156,0.0082419644581154,0.006246967370928,0.0104367690987396,XGBoost,distroads,exact_skexplain_tella_protocol,,,,
XGBoost,distroads,1102.9985580004272,0.0163101667708748,0.016282578090392,0.0144013924437749,0.0185237503945222,XGBoost,distroads,exact_skexplain_tella_protocol,,,,
XGBoost,distroads,1423.24797051912,0.023233528030077,0.0232996499685337,0.0214266526340215,0.0252414572214591,XGBoost,distroads,exact_skexplain_tella_protocol,,,,
XGBoost,distroads,1837.3379085665456,0.020646706277787,0.0206344297857489,0.0187696097820717,0.0223039784896722,XGBoost,distroads,exact_skexplain_tella_protocol,,,,
XGBoost,distroads,2341.544541764581,0.0115323648399704,0.0116113165097543,0.0095340168268012,0.0134644880864094,XGBoost,distroads,exact_skexplain_tella_protocol,,,,
XGBoost,distroads,3003.6415829950865,0.0088899856355382,0.0089244197061983,0.0066463145484332,0.0112137547947547,XGBoost,distroads,exact_skexplain_tella_protocol,,,,
XGBoost,distroads,3877.252189703055,0.0039064923099273,0.0040169869201723,0.0016319369584601,0.0066216493712819,XGBoost,distroads,exact_skexplain_tella_protocol,,,,
XGBoost,distroads,5027.171010467849,0.0002425804966781,0.0002197480975184,-0.0021934394312358,0.0028959707113064,XGBoost,distroads,exact_skexplain_tella_protocol,,,,
XGBoost,distroads,6556.920529801325,0.0023521320257677,0.002344348369399,-8.230256073875321e-05,0.004864214196623,XGBoost,distroads,exact_skexplain_tella_protocol,,,,
XGBoost,distroads,8692.909634693442,0.0005169159716957,0.0006043755270075,-0.0021963887509773,0.0032594278842047,XGBoost,distroads,exact_skexplain_tella_protocol,,,,
XGBoost,distroads,11854.441625721,-0.0078085077942317,-0.0077751123921945,-0.0109569182873773,-0.0052117265480093,XGBoost,distroads,exact_skexplain_tella_protocol,,,,
XGBoost,distroads,17068.548921170688,-0.0038982609675234,-0.0038696362849092,-0.0081731820293073,-0.0001324763282039,XGBoost,distroads,exact_skexplain_tella_protocol,,,,
XGBoost,distroads,54406.65135654775,-0.0041139547666814,-0.00435606069481,-0.0089865856011258,0.0007341392886242,XGBoost,distroads,exact_skexplain_tella_protocol,,,,
CatBoost,distroads,29.79064302499466,-0.0348414643306378,-0.0346623290810444,-0.0400126494198746,-0.030355923048304,CatBoost,distroads,exact_skexplain_tella_protocol,,,,
CatBoost,distroads,93.09575945310831,-0.0249132969957828,-0.0248615784833603,-0.0281377955387433,-0.0221876966754222,CatBoost,distroads,exact_skexplain_tella_protocol,,,,
CatBoost,distroads,169.06189916684468,-0.0214730929413902,-0.0213962696653185,-0.0243325897769083,-0.0189166365543961,CatBoost,distroads,exact_skexplain_tella_protocol,,,,
CatBoost,distroads,267.3710211493271,-0.0170117657192862,-0.0170005202017909,-0.019562538504466,-0.014485316857512,CatBoost,distroads,exact_skexplain_tella_protocol,,,,
CatBoost,distroads,382.8097628711814,-0.0071695928438384,-0.0072502569697354,-0.0095877677513017,-0.0048736889938653,CatBoost,distroads,exact_skexplain_tella_protocol,,,,
CatBoost,distroads,509.4199957274087,0.0020063325423892,0.0020211840884105,-5.346408547581663e-05,0.0040146147208165,CatBoost,distroads,exact_skexplain_tella_protocol,,,,
CatBoost,distroads,663.5865733817561,0.0062954944734777,0.0063144395401737,0.004298647529447,0.0083547112074241,CatBoost,distroads,exact_skexplain_tella_protocol,,,,
CatBoost,distroads,860.2048173467208,0.0102698760338181,0.0102717683993561,0.0087549560670846,0.0119533293516385,CatBoost,distroads,exact_skexplain_tella_protocol,,,,
CatBoost,distroads,1102.9985580004272,0.0169633587716509,0.0169402023113564,0.0154036383198252,0.0187506078585177,CatBoost,distroads,exact_skexplain_tella_protocol,,,,
CatBoost,distroads,1423.24797051912,0.020811090983188,0.0208016897849154,0.0190458869630652,0.0225944263984813,CatBoost,distroads,exact_skexplain_tella_protocol,,,,
CatBoost,distroads,1837.3379085665456,0.0186903196850309,0.0187534817670672,0.016782023027334,0.0203607862926321,CatBoost,distroads,exact_skexplain_tella_protocol,,,,
CatBoost,distroads,2341.544541764581,0.0158466888528998,0.0158725824795048,0.0142543798406931,0.018147998606919,CatBoost,distroads,exact_skexplain_tella_protocol,,,,
CatBoost,distroads,3003.6415829950865,0.0143553697641876,0.0143383756810977,0.0126494246527846,0.0163125227104691,CatBoost,distroads,exact_skexplain_tella_protocol,,,,
CatBoost,distroads,3877.252189703055,0.0106355674929289,0.010614360806631,0.0091682473491166,0.0125907289710979,CatBoost,distroads,exact_skexplain_tella_protocol,,,,
CatBoost,distroads,5027.171010467849,0.0068071644631142,0.006752817554102,0.0051092477423195,0.0088782075333957,CatBoost,distroads,exact_skexplain_tella_protocol,,,,
CatBoost,distroads,6556.920529801325,0.0051927800146483,0.0051204185459428,0.0035218274315113,0.0073212627573842,CatBoost,distroads,exact_skexplain_tella_protocol,,,,
CatBoost,distroads,8692.909634693442,0.0007406354481707,0.0007554850937493,-0.0012187316012066,0.0028860780137216,CatBoost,distroads,exact_skexplain_tella_protocol,,,,
CatBoost,distroads,11854.441625721,-0.0052963398041708,-0.0052263686233975,-0.0079127535178307,-0.0025486389929609,CatBoost,distroads,exact_skexplain_tella_protocol,,,,
CatBoost,distroads,17068.548921170688,-0.0055891063588888,-0.0055723687433538,-0.0089238845111343,-0.0027644914652128,CatBoost,distroads,exact_skexplain_tella_protocol,,,,
CatBoost,distroads,54406.65135654775,-0.0097631525187147,-0.009703301091477,-0.0144149721089851,-0.0056601490438756,CatBoost,distroads,exact_skexplain_tella_protocol,,,,
TabPFN,distroads,29.79064302499466,-0.0154116185499791,-0.0153683256289543,-0.0177193271067531,-0.0133751284682852,TabPFN,distroads,cached_local_effect_bootstrap_validated,-0.0153916167883551,467.0,20.0,20.0
TabPFN,distroads,91.60622730185858,-0.0120099836441813,-0.0120053955275694,-0.0144616342839792,-0.0098071633902867,TabPFN,distroads,cached_local_effect_bootstrap_validated,-0.0120036692215479,510.0,20.0,20.0
TabPFN,distroads,166.82760093997013,-0.0102514728443357,-0.0102903907498617,-0.0125140749051942,-0.0081556051412434,TabPFN,distroads,cached_local_effect_bootstrap_validated,-0.0102822748568258,497.0,20.0,20.0
TabPFN,distroads,257.6890621662038,-0.0071855396456676,-0.0071257694222184,-0.0091927137126018,-0.005470887035221,TabPFN,distroads,cached_local_effect_bootstrap_validated,-0.0072282134179375,522.0,20.0,20.0
TabPFN,distroads,367.914441358684,-0.0051225947912132,-0.005147875121378,-0.00665867212076,-0.0033956790455265,TabPFN,distroads,cached_local_effect_bootstrap_validated,-0.0051326684743515,501.0,20.0,20.0
TabPFN,distroads,500.4828028199103,-0.0025796434451486,-0.0024723883230364,-0.0042152861397237,-0.000877208443266,TabPFN,distroads,cached_local_effect_bootstrap_validated,-0.0025717157960287,493.0,20.0,20.0
TabPFN,distroads,656.1389126255074,-0.0007556740762481,-0.0007328225400337,-0.0023160598764093,0.0008464566032548,TabPFN,distroads,cached_local_effect_bootstrap_validated,-0.0007211543243727,505.0,20.0,20.0
TabPFN,distroads,850.5228583635975,0.0027214627781446,0.0026843754388159,0.0014605433790563,0.0042052865586064,TabPFN,distroads,cached_local_effect_bootstrap_validated,0.0027355804949649,503.0,20.0,20.0
TabPFN,distroads,1091.8270668660543,0.0046602269016235,0.0046703109529899,0.0034262904203955,0.0059456585550707,TabPFN,distroads,cached_local_effect_bootstrap_validated,0.0046389102380373,499.0,20.0,20.0
TabPFN,distroads,1403.8840525528735,0.0062736344223561,0.0063141423413569,0.0047677011166211,0.0077191575900052,TabPFN,distroads,cached_local_effect_bootstrap_validated,0.0062984917921596,496.0,20.0,20.0
TabPFN,distroads,1805.238490707115,0.0061019811205487,0.0061014344545204,0.0045871569652773,0.0075681274997908,TabPFN,distroads,cached_local_effect_bootstrap_validated,0.0060686151872971,507.0,20.0,20.0
TabPFN,distroads,2314.956392864774,0.0057990099591221,0.0058113482171351,0.0042830147019912,0.007302103092961,TabPFN,distroads,cached_local_effect_bootstrap_validated,0.0058118741753161,500.0,20.0,20.0
TabPFN,distroads,2968.4513859218123,0.0059127254634497,0.0059215835090857,0.0043002083784201,0.0074714494593123,TabPFN,distroads,cached_local_effect_bootstrap_validated,0.0059701108283945,500.0,20.0,20.0
TabPFN,distroads,3818.825291070288,0.0054992613377577,0.0055916745838318,0.003740696685602,0.0070279179728656,TabPFN,distroads,cached_local_effect_bootstrap_validated,0.0055316945680999,500.0,20.0,20.0
TabPFN,distroads,4958.429101687678,0.0055582358686905,0.0055470593663329,0.0038218916239024,0.007146668395472,TabPFN,distroads,cached_local_effect_bootstrap_validated,0.005575861340668,500.0,20.0,20.0
TabPFN,distroads,6433.214884640041,0.00539159390612,0.0053545371955304,0.0038174718475846,0.0071175273191775,TabPFN,distroads,cached_local_effect_bootstrap_validated,0.0053842088481644,500.0,20.0,20.0
TabPFN,distroads,8536.806665242477,0.0059316140685756,0.0059643331588558,0.0033779945399695,0.0080209083310845,TabPFN,distroads,cached_local_effect_bootstrap_validated,0.0059061482124263,499.0,20.0,20.0
TabPFN,distroads,11743.843863490709,0.006554823567223,0.006471275595377,0.0046868409488082,0.0089257522309438,TabPFN,distroads,cached_local_effect_bootstrap_validated,0.0065478391288081,501.0,20.0,20.0
TabPFN,distroads,16946.481761375802,0.00903775940057,0.0092534841156533,0.0052775839261901,0.0121798903323194,TabPFN,distroads,cached_local_effect_bootstrap_validated,0.0089975702384719,500.0,20.0,20.0
TabPFN,distroads,54325.17394787441,-0.0167099205215388,-0.0165665737050961,-0.0303145040624171,-0.004683311932342,TabPFN,distroads,cached_local_effect_bootstrap_validated,-0.0167165366193046,500.0,20.0,20.0
LR,elevation,3.326440777614039,0.0285663893009854,0.0285516895032476,0.0277285777149097,0.0294423804336336,LR,elevation,exact_skexplain_tella_protocol,,,,
LR,elevation,13.73129221646282,0.0280917127867852,0.0280762297077389,0.0272540066814798,0.0289646886352228,LR,elevation,exact_skexplain_tella_protocol,,,,
LR,elevation,31.138150598436248,0.0273111525129031,0.0272889154044586,0.0264723079087859,0.0281816142292337,LR,elevation,exact_skexplain_tella_protocol,,,,
LR,elevation,49.91923464214442,0.0264738648510578,0.0264528023256823,0.0256313105380498,0.027344550719226,LR,elevation,exact_skexplain_tella_protocol,,,,
LR,elevation,68.70031868585258,0.0256068483570533,0.0255937084006781,0.0247649071762524,0.0264779497600156,LR,elevation,exact_skexplain_tella_protocol,,,,
LR,elevation,90.55705063915757,0.0245995810916631,0.0245784626686401,0.023760723048978,0.0254753124543138,LR,elevation,exact_skexplain_tella_protocol,,,,
LR,elevation,114.96591596425566,0.023522722517843,0.0234995839956676,0.0226945241103255,0.0244074734965041,LR,elevation,exact_skexplain_tella_protocol,,,,
LR,elevation,139.50565992380464,0.0224227205063124,0.0224063669827361,0.0216001791039066,0.0233118216411816,LR,elevation,exact_skexplain_tella_protocol,,,,
LR,elevation,162.14766368381518,0.0213957371886751,0.0213895920781357,0.0205708068793649,0.0222891900342294,LR,elevation,exact_skexplain_tella_protocol,,,,
LR,elevation,183.80807768544375,0.0204094711117512,0.0204105490846694,0.0195787454426912,0.0213031941984383,LR,elevation,exact_skexplain_tella_protocol,,,,
LR,elevation,205.14129510094503,0.0194221103818964,0.0194231408346562,0.0185887956920327,0.0203030587254326,LR,elevation,exact_skexplain_tella_protocol,,,,
LR,elevation,238.31902893425533,0.017867922751726,0.0178648248787799,0.0170261682903225,0.0187262384569403,LR,elevation,exact_skexplain_tella_protocol,,,,
LR,elevation,372.4696292464566,0.0117291121614143,0.0116989734947802,0.0108268834144565,0.0125522767170347,LR,elevation,exact_skexplain_tella_protocol,,,,
LR,elevation,576.0513451348751,0.0027402915815456,0.0027135754774687,0.0018188985239481,0.003529790308135,LR,elevation,exact_skexplain_tella_protocol,,,,
LR,elevation,784.7373277668797,-0.0055010221273518,-0.0055109490784296,-0.0065103653062985,-0.0046888332343934,LR,elevation,exact_skexplain_tella_protocol,,,,
LR,elevation,1077.709150985282,-0.0161750507930119,-0.0161620711271355,-0.0171215263420153,-0.0152731133739523,LR,elevation,exact_skexplain_tella_protocol,,,,
LR,elevation,1461.1835499265012,-0.0300955294523505,-0.0300695911986563,-0.0311317537075037,-0.029155875293146,LR,elevation,exact_skexplain_tella_protocol,,,,
LR,elevation,2033.4503790631843,-0.0497537120321511,-0.0497164294840223,-0.0509136709980686,-0.0485349760302851,LR,elevation,exact_skexplain_tella_protocol,,,,
LR,elevation,3295.5130510734834,-0.0823862661328553,-0.0823582306608406,-0.0841553154572575,-0.0806752729856276,LR,elevation,exact_skexplain_tella_protocol,,,,
LR,elevation,5681.037921210547,-0.1183347064598696,-0.1182911651776439,-0.121137372108975,-0.1156489959365273,LR,elevation,exact_skexplain_tella_protocol,,,,
RF,elevation,3.326440777614039,0.2021814318064187,0.2016126664232408,0.1860704442063964,0.2204606051479611,RF,elevation,exact_skexplain_tella_protocol,,,,
RF,elevation,13.73129221646282,0.249393239895212,0.2491392788187423,0.2348134546816879,0.2637861365820551,RF,elevation,exact_skexplain_tella_protocol,,,,
RF,elevation,31.138150598436248,0.2318728520644964,0.2313739863012543,0.2184403318200506,0.2460866528696058,RF,elevation,exact_skexplain_tella_protocol,,,,
RF,elevation,49.91923464214442,0.2214200886834601,0.2216242042771362,0.2080052625048047,0.235637784240838,RF,elevation,exact_skexplain_tella_protocol,,,,
RF,elevation,68.70031868585258,0.1557242037596386,0.1562505661621048,0.1446934076190802,0.1662285193524811,RF,elevation,exact_skexplain_tella_protocol,,,,
RF,elevation,90.55705063915757,0.0794774614734583,0.0803472815562744,0.0688259355369462,0.0901207789236702,RF,elevation,exact_skexplain_tella_protocol,,,,
RF,elevation,114.96591596425566,0.0380806621172577,0.0385304624545682,0.0291754085678927,0.0478252000706732,RF,elevation,exact_skexplain_tella_protocol,,,,
RF,elevation,139.50565992380464,-0.0108308393917228,-0.0106060986558249,-0.0195192863071723,-0.0026196734161386,RF,elevation,exact_skexplain_tella_protocol,,,,
RF,elevation,162.14766368381518,-0.0522911216545315,-0.0520134539792288,-0.0603025134752953,-0.0446874446891618,RF,elevation,exact_skexplain_tella_protocol,,,,
RF,elevation,183.80807768544375,-0.0575759777141135,-0.0570899288295271,-0.0653405112863268,-0.0503364792062277,RF,elevation,exact_skexplain_tella_protocol,,,,
RF,elevation,205.14129510094503,-0.0127421038616631,-0.0125243253436342,-0.020563067041805,-0.0060574569736727,RF,elevation,exact_skexplain_tella_protocol,,,,
RF,elevation,238.31902893425533,0.0207760326232059,0.0206239517503168,0.0135629990672159,0.0292585197712591,RF,elevation,exact_skexplain_tella_protocol,,,,
RF,elevation,372.4696292464566,-0.0437391816110216,-0.0437617870430232,-0.0502589073357923,-0.0353163612398248,RF,elevation,exact_skexplain_tella_protocol,,,,
RF,elevation,576.0513451348751,-0.1319770007436415,-0.1321294860225846,-0.1419750829795768,-0.1213702271398231,RF,elevation,exact_skexplain_tella_protocol,,,,
RF,elevation,784.7373277668797,-0.1571404788053779,-0.1570660143601251,-0.1672719330035714,-0.1463776135118548,RF,elevation,exact_skexplain_tella_protocol,,,,
RF,elevation,1077.709150985282,-0.1624165882051106,-0.1623568774339844,-0.1731171242853097,-0.1511059667488466,RF,elevation,exact_skexplain_tella_protocol,,,,
RF,elevation,1461.1835499265012,-0.1656946379410137,-0.1657373025038024,-0.176752555330612,-0.1541664358587897,RF,elevation,exact_skexplain_tella_protocol,,,,
RF,elevation,2033.4503790631843,-0.1494784282184615,-0.1495085360724863,-0.1601560488887224,-0.1377942057246142,RF,elevation,exact_skexplain_tella_protocol,,,,
RF,elevation,3295.5130510734834,-0.1179843094354961,-0.1181887131576696,-0.1316602562140619,-0.1057354299202934,RF,elevation,exact_skexplain_tella_protocol,,,,
RF,elevation,5681.037921210547,-0.139009466511025,-0.1385034842515347,-0.1535662147383985,-0.1232882191820397,RF,elevation,exact_skexplain_tella_protocol,,,,
XGBoost,elevation,3.326440777614039,0.2552653049344994,0.2559387686343863,0.2346871821682201,0.2755324848605506,XGBoost,elevation,exact_skexplain_tella_protocol,,,,
XGBoost,elevation,13.73129221646282,0.2542704018121141,0.254434266027133,0.2388280497473711,0.2701817411557644,XGBoost,elevation,exact_skexplain_tella_protocol,,,,
XGBoost,elevation,31.138150598436248,0.2234563199160175,0.2236502945410087,0.2099681866663112,0.2386512508083274,XGBoost,elevation,exact_skexplain_tella_protocol,,,,
XGBoost,elevation,49.91923464214442,0.2292711856069841,0.2294144564430229,0.2146953935037692,0.2439927012322552,XGBoost,elevation,exact_skexplain_tella_protocol,,,,
XGBoost,elevation,68.70031868585258,0.1666027042061267,0.1669195350438356,0.1544834696628665,0.1777394653561269,XGBoost,elevation,exact_skexplain_tella_protocol,,,,
XGBoost,elevation,90.55705063915757,0.1072352923120238,0.1075001511273905,0.0950147819594095,0.1180821754326799,XGBoost,elevation,exact_skexplain_tella_protocol,,,,
XGBoost,elevation,114.96591596425566,0.0832222764109748,0.0836100090496009,0.0711812484162754,0.0929428611280769,XGBoost,elevation,exact_skexplain_tella_protocol,,,,
XGBoost,elevation,139.50565992380464,-0.0001978493069432,-0.0001215298302238,-0.009797637935254,0.0075691722016315,XGBoost,elevation,exact_skexplain_tella_protocol,,,,
XGBoost,elevation,162.14766368381518,-0.0929369846815687,-0.0924177916736574,-0.102324244388591,-0.0852654536329582,XGBoost,elevation,exact_skexplain_tella_protocol,,,,
XGBoost,elevation,183.80807768544375,-0.1030147118702353,-0.1024480464410036,-0.1121804663479118,-0.0949258583091199,XGBoost,elevation,exact_skexplain_tella_protocol,,,,
XGBoost,elevation,205.14129510094503,-0.0449363673065922,-0.0449177199890604,-0.053050151608123,-0.0373526273847464,XGBoost,elevation,exact_skexplain_tella_protocol,,,,
XGBoost,elevation,238.31902893425533,-0.0044324381485404,-0.0043151406188495,-0.0128330295214523,0.0036658987498656,XGBoost,elevation,exact_skexplain_tella_protocol,,,,
XGBoost,elevation,372.4696292464566,-0.0595097668304862,-0.0596049243144691,-0.067893988164016,-0.0502996898347872,XGBoost,elevation,exact_skexplain_tella_protocol,,,,
XGBoost,elevation,576.0513451348751,-0.1360925506884675,-0.1360406629781704,-0.1463158610390173,-0.1251175987056177,XGBoost,elevation,exact_skexplain_tella_protocol,,,,
XGBoost,elevation,784.7373277668797,-0.1522389578158479,-0.1524102862873114,-0.1629282925803703,-0.1404189038542145,XGBoost,elevation,exact_skexplain_tella_protocol,,,,
XGBoost,elevation,1077.709150985282,-0.158939744863393,-0.1591674321884289,-0.1708274450678867,-0.1464185955014964,XGBoost,elevation,exact_skexplain_tella_protocol,,,,
XGBoost,elevation,1461.1835499265012,-0.1671902502909125,-0.1673982331593288,-0.1792346571166557,-0.1551200053821457,XGBoost,elevation,exact_skexplain_tella_protocol,,,,
XGBoost,elevation,2033.4503790631843,-0.1370079929962576,-0.1366517508856253,-0.1489130530848365,-0.1258565046085335,XGBoost,elevation,exact_skexplain_tella_protocol,,,,
XGBoost,elevation,3295.5130510734834,-0.0984920277530771,-0.0979839380411431,-0.112022440918727,-0.0868399659469723,XGBoost,elevation,exact_skexplain_tella_protocol,,,,
XGBoost,elevation,5681.037921210547,-0.1662540939782879,-0.1664367868614383,-0.1801318494194932,-0.1532861161564244,XGBoost,elevation,exact_skexplain_tella_protocol,,,,
CatBoost,elevation,3.326440777614039,0.2714379615010901,0.2718180170923944,0.2544134264790491,0.2884895055833872,CatBoost,elevation,exact_skexplain_tella_protocol,,,,
CatBoost,elevation,13.73129221646282,0.2506725856256076,0.2508874864812737,0.2387120778834456,0.2649110589044309,CatBoost,elevation,exact_skexplain_tella_protocol,,,,
CatBoost,elevation,31.138150598436248,0.2181918651469776,0.218088254723771,0.2074721657592531,0.2300081541548414,CatBoost,elevation,exact_skexplain_tella_protocol,,,,
CatBoost,elevation,49.91923464214442,0.230203108292873,0.2307023902974137,0.2201012987466948,0.2410054809462617,CatBoost,elevation,exact_skexplain_tella_protocol,,,,
CatBoost,elevation,68.70031868585258,0.183416894992814,0.1836029440006015,0.1735779499483456,0.1933349400794674,CatBoost,elevation,exact_skexplain_tella_protocol,,,,
CatBoost,elevation,90.55705063915757,0.1174259273511752,0.1176099760511114,0.1062006848696246,0.1280107877663905,CatBoost,elevation,exact_skexplain_tella_protocol,,,,
CatBoost,elevation,114.96591596425566,0.0850026271006298,0.0850141728769021,0.0746088644975569,0.0961575855881896,CatBoost,elevation,exact_skexplain_tella_protocol,,,,
CatBoost,elevation,139.50565992380464,0.0088088785058506,0.0082482027585788,0.0019022241919609,0.0165094589449856,CatBoost,elevation,exact_skexplain_tella_protocol,,,,
CatBoost,elevation,162.14766368381518,-0.0739644344453199,-0.0737831116864821,-0.0813044910939901,-0.0671228416222409,CatBoost,elevation,exact_skexplain_tella_protocol,,,,
CatBoost,elevation,183.80807768544375,-0.0874088056731831,-0.0869154508899017,-0.0953725658437531,-0.080874789102333,CatBoost,elevation,exact_skexplain_tella_protocol,,,,
CatBoost,elevation,205.14129510094503,-0.0557965435014514,-0.0556365822057818,-0.0629257622127722,-0.0495506015476451,CatBoost,elevation,exact_skexplain_tella_protocol,,,,
CatBoost,elevation,238.31902893425533,-0.0283744497021765,-0.0285697032221618,-0.0361131660167208,-0.0212517380311753,CatBoost,elevation,exact_skexplain_tella_protocol,,,,
CatBoost,elevation,372.4696292464566,-0.0830938784762096,-0.0831989753830576,-0.0900101541667416,-0.0761245943185795,CatBoost,elevation,exact_skexplain_tella_protocol,,,,
CatBoost,elevation,576.0513451348751,-0.1473234251560958,-0.1476015246871056,-0.1563918929193525,-0.138176636798715,CatBoost,elevation,exact_skexplain_tella_protocol,,,,
CatBoost,elevation,784.7373277668797,-0.1586549427161173,-0.158699272330449,-0.168684813644569,-0.1499265906745588,CatBoost,elevation,exact_skexplain_tella_protocol,,,,
CatBoost,elevation,1077.709150985282,-0.1618315195770494,-0.1617808418753512,-0.1723326100936859,-0.1530189659139963,CatBoost,elevation,exact_skexplain_tella_protocol,,,,
CatBoost,elevation,1461.1835499265012,-0.1625482095614049,-0.162358078943309,-0.1732453085515281,-0.1536596735635547,CatBoost,elevation,exact_skexplain_tella_protocol,,,,
CatBoost,elevation,2033.4503790631843,-0.1359438729107336,-0.1352356648030834,-0.146751790024325,-0.1278768584109214,CatBoost,elevation,exact_skexplain_tella_protocol,,,,
CatBoost,elevation,3295.5130510734834,-0.1060128914439303,-0.1047804858605739,-0.1185310878591912,-0.0972493178987014,CatBoost,elevation,exact_skexplain_tella_protocol,,,,
CatBoost,elevation,5681.037921210547,-0.1666037348434388,-0.1662948476313815,-0.1806085829222982,-0.156940975376805,CatBoost,elevation,exact_skexplain_tella_protocol,,,,
TabPFN,elevation,3.326440777614039,0.7229670964107805,0.7214125027188566,0.6722179787272898,0.7754344566872704,TabPFN,elevation,cached_local_effect_bootstrap_validated,0.7229128752012737,497.0,20.0,20.0
TabPFN,elevation,13.993049485364672,0.5643732448842022,0.5650339827550575,0.5225807541980076,0.6120801458194162,TabPFN,elevation,cached_local_effect_bootstrap_validated,0.5650775108595378,502.0,20.0,20.0
TabPFN,elevation,31.33446855011264,0.5490769756283761,0.5471984226892237,0.5138192775165435,0.5875137896360294,TabPFN,elevation,cached_local_effect_bootstrap_validated,0.5507808702175505,500.0,20.0,20.0
TabPFN,elevation,49.65747737324256,0.5208040131699443,0.5209378085875884,0.4833432486888098,0.5617812768222648,TabPFN,elevation,cached_local_effect_bootstrap_validated,0.521976787794102,495.0,20.0,20.0
TabPFN,elevation,68.17680414804887,0.3305882111759385,0.3314942872090032,0.2978077894774929,0.3650664075259399,TabPFN,elevation,cached_local_effect_bootstrap_validated,0.3321833798770792,505.0,20.0,20.0
TabPFN,elevation,90.22985405303024,0.3546638973599682,0.3547701861604582,0.3202793890775572,0.3862406075010332,TabPFN,elevation,cached_local_effect_bootstrap_validated,0.3560634611283428,500.0,20.0,20.0
TabPFN,elevation,114.83503732980472,0.3869039820118258,0.3859028071313631,0.3557011761807837,0.4158010752585565,TabPFN,elevation,cached_local_effect_bootstrap_validated,0.3850970847641117,500.0,20.0,20.0
TabPFN,elevation,139.3747812893537,0.2524614189052094,0.2524115101339877,0.2279035600842442,0.2761626968482352,TabPFN,elevation,cached_local_effect_bootstrap_validated,0.2498758269582874,500.0,20.0,20.0
TabPFN,elevation,162.05277667383828,0.076585733491531,0.0767890696516725,0.0552324960100534,0.1006172168622946,TabPFN,elevation,cached_local_effect_bootstrap_validated,0.0743955506120808,501.0,20.0,20.0
TabPFN,elevation,183.1242368204377,-0.0996821249541133,-0.0985774338815361,-0.1224976675168052,-0.0762326671394938,TabPFN,elevation,cached_local_effect_bootstrap_validated,-0.1018490211929195,497.0,20.0,20.0
TabPFN,elevation,204.4869019286904,-0.0854194856024585,-0.0856120927778538,-0.1097574865364702,-0.0613928325819236,TabPFN,elevation,cached_local_effect_bootstrap_validated,-0.088381128188502,501.0,20.0,20.0
TabPFN,elevation,235.9632135141386,-0.202812002384345,-0.203203006181051,-0.2275619911864627,-0.1768155560698907,TabPFN,elevation,cached_local_effect_bootstrap_validated,-0.2042864726747386,501.0,20.0,20.0
TabPFN,elevation,365.44799050816425,-0.3552728343344531,-0.3558648853598628,-0.3798475162833045,-0.3252127362378785,TabPFN,elevation,cached_local_effect_bootstrap_validated,-0.3552277998889797,501.0,20.0,20.0
TabPFN,elevation,562.9176741677246,-0.3864440063473386,-0.3869659684613216,-0.4171354468247168,-0.3585950974185008,TabPFN,elevation,cached_local_effect_bootstrap_validated,-0.3859130868579261,500.0,20.0,20.0
TabPFN,elevation,771.7214475707351,-0.3777785005626973,-0.3770064976007212,-0.4052756683786679,-0.3491392246176721,TabPFN,elevation,cached_local_effect_bootstrap_validated,-0.376844446908962,500.0,20.0,20.0
TabPFN,elevation,1057.0237828103134,-0.4160045722830193,-0.4156926356942509,-0.4486441026036372,-0.3838143551052417,TabPFN,elevation,cached_local_effect_bootstrap_validated,-0.4152800885851495,500.0,20.0,20.0
TabPFN,elevation,1424.027105605884,-0.413793067271764,-0.4136193287038812,-0.4438920024499041,-0.3824309718638495,TabPFN,elevation,cached_local_effect_bootstrap_validated,-0.4137162567705847,500.0,20.0,20.0
TabPFN,elevation,1935.625143742839,-0.3973375011050192,-0.3982252774518565,-0.4288352308487409,-0.365806849023443,TabPFN,elevation,cached_local_effect_bootstrap_validated,-0.3964185623110272,500.0,20.0,20.0
TabPFN,elevation,3199.062041414876,-0.4184737824810641,-0.4199292262725997,-0.455380350286393,-0.3800979822340718,TabPFN,elevation,cached_local_effect_bootstrap_validated,-0.4165232015431859,500.0,20.0,20.0
TabPFN,elevation,5661.327598862242,-0.600888483664701,-0.601351644096477,-0.6364652757571836,-0.5624997982076148,TabPFN,elevation,cached_local_effect_bootstrap_validated,-0.5994122756303288,500.0,20.0,20.0
LR,ndvi,-0.4919583727530747,0.0223104829040457,0.0223082538350329,0.0215970565350868,0.0229934585095502,LR,ndvi,exact_skexplain_tella_protocol,,,,
LR,ndvi,-0.0064088869899594,0.0097040863977989,0.0097151207246967,0.0095093697553855,0.009894805928598,LR,ndvi,exact_skexplain_tella_protocol,,,,
LR,ndvi,0.0505081331827753,0.007993061738321,0.0079962218069994,0.0077888967547437,0.0081945394349599,LR,ndvi,exact_skexplain_tella_protocol,,,,
LR,ndvi,0.0671712393566699,0.0073346729773888,0.0073380763669105,0.0071273640456291,0.0075387459197989,LR,ndvi,exact_skexplain_tella_protocol,,,,
LR,ndvi,0.0821253089999084,0.0067309156777927,0.0067333467395376,0.0065345336034325,0.00693619648801,LR,ndvi,exact_skexplain_tella_protocol,,,,
LR,ndvi,0.0979338969084749,0.0060836686926833,0.0060892786451478,0.0058879619783998,0.0062885879579352,LR,ndvi,exact_skexplain_tella_protocol,,,,
LR,ndvi,0.1168401135288552,0.0052996376257172,0.0053024434473698,0.0051047725074,0.0055036773200193,LR,ndvi,exact_skexplain_tella_protocol,,,,
LR,ndvi,0.1382488479262671,0.0044236936297327,0.0044290564327281,0.0042325862776095,0.0046284196568655,LR,ndvi,exact_skexplain_tella_protocol,,,,
LR,ndvi,0.1613666188543351,0.0034989630388278,0.0034990269710268,0.0033224596123845,0.0037042495926666,LR,ndvi,exact_skexplain_tella_protocol,,,,
LR,ndvi,0.1887112033448286,0.0023910324108543,0.002395928023498,0.002209786101488,0.0025943731870569,LR,ndvi,exact_skexplain_tella_protocol,,,,
LR,ndvi,0.2220526749473555,0.0009914288021832,0.0009956664287811,0.0007997769447345,0.0011956891883244,LR,ndvi,exact_skexplain_tella_protocol,,,,
LR,ndvi,0.26021607104709,-0.0006324289107293,-0.0006339195285115,-0.000809447986015,-0.0004391990642711,LR,ndvi,exact_skexplain_tella_protocol,,,,
LR,ndvi,0.3029725028229622,-0.0024613968339071,-0.0024637992929606,-0.002652330284888,-0.0022741519130908,LR,ndvi,exact_skexplain_tella_protocol,,,,
LR,ndvi,0.3461104159672842,-0.0043863579638663,-0.0043898327747393,-0.0045822497447956,-0.0042077007462291,LR,ndvi,exact_skexplain_tella_protocol,,,,
LR,ndvi,0.3851741080965606,-0.0061617382952899,-0.006161576434505,-0.0063629170664306,-0.0059770339640599,LR,ndvi,exact_skexplain_tella_protocol,,,,
LR,ndvi,0.4216589861751152,-0.0078155739991722,-0.0078209781207687,-0.008025030227042,-0.0076246164572591,LR,ndvi,exact_skexplain_tella_protocol,,,,
LR,ndvi,0.456343272194586,-0.009421896610199,-0.0094170121445397,-0.0096198816445764,-0.0092311354734694,LR,ndvi,exact_skexplain_tella_protocol,,,,
LR,ndvi,0.4935300759910886,-0.0111381989149159,-0.0111289691472346,-0.0113423759292502,-0.0109495476938718,LR,ndvi,exact_skexplain_tella_protocol,,,,
LR,ndvi,0.5386516922513505,-0.0132194435663108,-0.0132095674875063,-0.0134309280267757,-0.0130366230459666,LR,ndvi,exact_skexplain_tella_protocol,,,,
LR,ndvi,0.7194433423871578,-0.0210268720793668,-0.0210320556306578,-0.0213232775201957,-0.0207763845391857,LR,ndvi,exact_skexplain_tella_protocol,,,,
RF,ndvi,-0.4919583727530747,0.1166725575341448,0.1162548678266802,0.1059989935890678,0.1271395337388886,RF,ndvi,exact_skexplain_tella_protocol,,,,
RF,ndvi,-0.0064088869899594,0.0422977736121303,0.0421081526674964,0.0375084813277769,0.0478819877984768,RF,ndvi,exact_skexplain_tella_protocol,,,,
RF,ndvi,0.0505081331827753,0.0095455549496072,0.0095638033307471,0.0057703417910332,0.0129553491296667,RF,ndvi,exact_skexplain_tella_protocol,,,,
RF,ndvi,0.0671712393566699,-0.009361286301252,-0.0092369396640864,-0.0128076370646804,-0.0062637112017749,RF,ndvi,exact_skexplain_tella_protocol,,,,
RF,ndvi,0.0821253089999084,-0.011178736997231,-0.0111049933402746,-0.0141921187698496,-0.0078854036341669,RF,ndvi,exact_skexplain_tella_protocol,,,,
RF,ndvi,0.0979338969084749,-0.0113660126131069,-0.0113606123044427,-0.0140946304507117,-0.0084924559318772,RF,ndvi,exact_skexplain_tella_protocol,,,,
RF,ndvi,0.1168401135288552,-0.0111677736621743,-0.0112068149900725,-0.0137402585379428,-0.0084746770497385,RF,ndvi,exact_skexplain_tella_protocol,,,,
RF,ndvi,0.1382488479262671,-0.0131109367404427,-0.0131274036511644,-0.015277577689076,-0.0109389309335884,RF,ndvi,exact_skexplain_tella_protocol,,,,
RF,ndvi,0.1613666188543351,-0.0169292644788914,-0.0170026750275359,-0.0191702264591328,-0.01464228601507,RF,ndvi,exact_skexplain_tella_protocol,,,,
RF,ndvi,0.1887112033448286,-0.0142553351203608,-0.0142005422832426,-0.0164387812325944,-0.0120716494983637,RF,ndvi,exact_skexplain_tella_protocol,,,,
RF,ndvi,0.2220526749473555,-0.0063727197326406,-0.0063571124396429,-0.0086345070945193,-0.0042128390540054,RF,ndvi,exact_skexplain_tella_protocol,,,,
RF,ndvi,0.26021607104709,0.0027473271172927,0.0026931823800779,0.0006495068862457,0.0052262495842085,RF,ndvi,exact_skexplain_tella_protocol,,,,
RF,ndvi,0.3029725028229622,0.006962317251222,0.0068629538276599,0.0043255318419001,0.0097816794341958,RF,ndvi,exact_skexplain_tella_protocol,,,,
RF,ndvi,0.3461104159672842,0.0068954855870049,0.0067946809311863,0.0038975240914254,0.0093664519486127,RF,ndvi,exact_skexplain_tella_protocol,,,,
RF,ndvi,0.3851741080965606,0.0080603510501088,0.0080539102598149,0.0050223551560871,0.01111981031182,RF,ndvi,exact_skexplain_tella_protocol,,,,
RF,ndvi,0.4216589861751152,0.0038546321420451,0.0038853867499853,0.0002818239967182,0.0071190055168228,RF,ndvi,exact_skexplain_tella_protocol,,,,
RF,ndvi,0.456343272194586,-0.0057020947980248,-0.0056584692979805,-0.0096367361063829,-0.0017798376156865,RF,ndvi,exact_skexplain_tella_protocol,,,,
RF,ndvi,0.4935300759910886,-0.0167269465373599,-0.0166048405336012,-0.0209095335571098,-0.011870766661985,RF,ndvi,exact_skexplain_tella_protocol,,,,
RF,ndvi,0.5386516922513505,-0.0309216411131416,-0.0308069957475289,-0.0357459028238284,-0.026614329726175,RF,ndvi,exact_skexplain_tella_protocol,,,,
RF,ndvi,0.7194433423871578,-0.0487547066316949,-0.0485210774947545,-0.0548672481785621,-0.0428788959306944,RF,ndvi,exact_skexplain_tella_protocol,,,,
XGBoost,ndvi,-0.4919583727530747,0.0908894779761147,0.0906876439854502,0.0825761192301195,0.0982492511787452,XGBoost,ndvi,exact_skexplain_tella_protocol,,,,
XGBoost,ndvi,-0.0064088869899594,0.0463639393180124,0.046554453340359,0.0402586288615968,0.0521644391049537,XGBoost,ndvi,exact_skexplain_tella_protocol,,,,
XGBoost,ndvi,0.0505081331827753,0.0115748863895249,0.0117363521015271,0.007535148383975,0.0163317565344832,XGBoost,ndvi,exact_skexplain_tella_protocol,,,,
XGBoost,ndvi,0.0671712393566699,-0.0119200584561116,-0.0118805541262961,-0.0157261775679513,-0.0077794401830621,XGBoost,ndvi,exact_skexplain_tella_protocol,,,,
XGBoost,ndvi,0.0821253089999084,-0.0093344979256875,-0.0091683889349922,-0.0128456335951667,-0.0057203887885995,XGBoost,ndvi,exact_skexplain_tella_protocol,,,,
XGBoost,ndvi,0.0979338969084749,-0.0054636543512828,-0.0054241666227579,-0.009188082855409,-0.0022032681906037,XGBoost,ndvi,exact_skexplain_tella_protocol,,,,
XGBoost,ndvi,0.1168401135288552,-0.0030595719089594,-0.0029611800176091,-0.0065600808016396,-1.8602703269578775e-05,XGBoost,ndvi,exact_skexplain_tella_protocol,,,,
XGBoost,ndvi,0.1382488479262671,-0.0052078320106354,-0.0051340247677639,-0.00823393382648,-0.0027184660371206,XGBoost,ndvi,exact_skexplain_tella_protocol,,,,
XGBoost,ndvi,0.1613666188543351,-0.0145615298569686,-0.0145032479679211,-0.0172210838322108,-0.0121341945025743,XGBoost,ndvi,exact_skexplain_tella_protocol,,,,
XGBoost,ndvi,0.1887112033448286,-0.0148608734230684,-0.0146919812507927,-0.0173365947868861,-0.0128366257871873,XGBoost,ndvi,exact_skexplain_tella_protocol,,,,
XGBoost,ndvi,0.2220526749473555,-0.0085144104332216,-0.0084057370865717,-0.0108839781669992,-0.0062034708780236,XGBoost,ndvi,exact_skexplain_tella_protocol,,,,
XGBoost,ndvi,0.26021607104709,0.0072577024727575,0.0072758370056748,0.005060401553777,0.0092220701143378,XGBoost,ndvi,exact_skexplain_tella_protocol,,,,
XGBoost,ndvi,0.3029725028229622,0.012005461526862,0.012038368814066,0.0090859112444426,0.0149586634190753,XGBoost,ndvi,exact_skexplain_tella_protocol,,,,
XGBoost,ndvi,0.3461104159672842,0.0005781788855306,0.0007285674875602,-0.0024341153465956,0.0033402159081026,XGBoost,ndvi,exact_skexplain_tella_protocol,,,,
XGBoost,ndvi,0.3851741080965606,0.0076230632493409,0.0076200948892161,0.0043572967416653,0.0106947581046586,XGBoost,ndvi,exact_skexplain_tella_protocol,,,,
XGBoost,ndvi,0.4216589861751152,0.009410790799013,0.0093192012604325,0.0060316009643161,0.0129639272186998,XGBoost,ndvi,exact_skexplain_tella_protocol,,,,
XGBoost,ndvi,0.456343272194586,-0.0044197244465835,-0.0042959509152919,-0.008193385475697,-0.0007351320474082,XGBoost,ndvi,exact_skexplain_tella_protocol,,,,
XGBoost,ndvi,0.4935300759910886,-0.0205051976214336,-0.0206401233861222,-0.0246186606183462,-0.0160572174768149,XGBoost,ndvi,exact_skexplain_tella_protocol,,,,
XGBoost,ndvi,0.5386516922513505,-0.0408257221450892,-0.040986116320081,-0.0453853504445543,-0.034520925315693,XGBoost,ndvi,exact_skexplain_tella_protocol,,,,
XGBoost,ndvi,0.7194433423871578,-0.0459929285218802,-0.0461191282602027,-0.0523211656760284,-0.0368284892628621,XGBoost,ndvi,exact_skexplain_tella_protocol,,,,
CatBoost,ndvi,-0.4919583727530747,0.089382081004975,0.0894711521848199,0.0820315276826087,0.0964640429840367,CatBoost,ndvi,exact_skexplain_tella_protocol,,,,
CatBoost,ndvi,-0.0064088869899594,0.0519513838154991,0.0518710746038291,0.0473000775238568,0.05691110647485,CatBoost,ndvi,exact_skexplain_tella_protocol,,,,
CatBoost,ndvi,0.0505081331827753,0.0120546261400122,0.0120087607677124,0.0089220423406013,0.0154466776308252,CatBoost,ndvi,exact_skexplain_tella_protocol,,,,
CatBoost,ndvi,0.0671712393566699,-0.0076987692748066,-0.0078300242392252,-0.0104632991215513,-0.0043747986687468,CatBoost,ndvi,exact_skexplain_tella_protocol,,,,
CatBoost,ndvi,0.0821253089999084,-0.0077927764490915,-0.0077772725651154,-0.0100313391986226,-0.0054777439194059,CatBoost,ndvi,exact_skexplain_tella_protocol,,,,
CatBoost,ndvi,0.0979338969084749,-0.0078341191335972,-0.0077627837344945,-0.0102508883765455,-0.0057091119873263,CatBoost,ndvi,exact_skexplain_tella_protocol,,,,
CatBoost,ndvi,0.1168401135288552,-0.0086553134163841,-0.0086308183407289,-0.0110628664049307,-0.006586922732191,CatBoost,ndvi,exact_skexplain_tella_protocol,,,,
CatBoost,ndvi,0.1382488479262671,-0.0099038866745921,-0.0098885224751797,-0.0120689981274225,-0.0078535685954763,CatBoost,ndvi,exact_skexplain_tella_protocol,,,,
CatBoost,ndvi,0.1613666188543351,-0.0113827363123354,-0.0114040004963818,-0.0134011042072636,-0.0093372228343805,CatBoost,ndvi,exact_skexplain_tella_protocol,,,,
CatBoost,ndvi,0.1887112033448286,-0.0093412786742597,-0.0093900108413483,-0.0113731521045194,-0.0074924986330472,CatBoost,ndvi,exact_skexplain_tella_protocol,,,,
CatBoost,ndvi,0.2220526749473555,-0.0059146039593508,-0.0059504844356864,-0.0078811222917344,-0.0040223483324309,CatBoost,ndvi,exact_skexplain_tella_protocol,,,,
CatBoost,ndvi,0.26021607104709,-0.0010145583915941,-0.0010889935986296,-0.0023271445671538,0.0006716350951244,CatBoost,ndvi,exact_skexplain_tella_protocol,,,,
CatBoost,ndvi,0.3029725028229622,0.003002300645885,0.0030789756018366,0.0006603770145731,0.0048635770664772,CatBoost,ndvi,exact_skexplain_tella_protocol,,,,
CatBoost,ndvi,0.3461104159672842,0.0051322757526908,0.0051493023039602,0.0030459345835352,0.0070540479413117,CatBoost,ndvi,exact_skexplain_tella_protocol,,,,
CatBoost,ndvi,0.3851741080965606,0.0090303418131218,0.0089862581809127,0.0068041965106703,0.0118154634978136,CatBoost,ndvi,exact_skexplain_tella_protocol,,,,
CatBoost,ndvi,0.4216589861751152,0.0062741180986515,0.0063006000817891,0.0033677309247328,0.0090934109166038,CatBoost,ndvi,exact_skexplain_tella_protocol,,,,
CatBoost,ndvi,0.456343272194586,-0.0056472520424724,-0.005733556028509,-0.009088953118716,-0.0020587289206588,CatBoost,ndvi,exact_skexplain_tella_protocol,,,,
CatBoost,ndvi,0.4935300759910886,-0.0211797790000392,-0.0211409618727166,-0.024703231733596,-0.0168528967056659,CatBoost,ndvi,exact_skexplain_tella_protocol,,,,
CatBoost,ndvi,0.5386516922513505,-0.0355012406852791,-0.0355187263506227,-0.0397592671920618,-0.0308531404238811,CatBoost,ndvi,exact_skexplain_tella_protocol,,,,
CatBoost,ndvi,0.7194433423871578,-0.0439408360027027,-0.0440827605209799,-0.0493839717665735,-0.0373567924880379,CatBoost,ndvi,exact_skexplain_tella_protocol,,,,
TabPFN,ndvi,-0.4244521927549058,0.0298242980847792,0.0303882942349751,0.0216110993156597,0.0374417406266675,TabPFN,ndvi,cached_local_effect_bootstrap_validated,0.0294524752492317,500.0,20.0,20.0
TabPFN,ndvi,-0.0056466872157963,0.0164315019952169,0.0163380162955472,0.0134763065788606,0.0199048713021452,TabPFN,ndvi,cached_local_effect_bootstrap_validated,0.016215856648446,499.0,20.0,20.0
TabPFN,ndvi,0.0513321329386272,0.0123457938526482,0.0122870888216377,0.0101456642770668,0.0150257143991453,TabPFN,ndvi,cached_local_effect_bootstrap_validated,0.0123202716889092,500.0,20.0,20.0
TabPFN,ndvi,0.0676870021668142,0.0098770892954467,0.0097624687226656,0.0077781354081842,0.0123591592478506,TabPFN,ndvi,cached_local_effect_bootstrap_validated,0.0099107776725897,501.0,20.0,20.0
TabPFN,ndvi,0.0822634052552872,0.0093093511925104,0.009309479495947,0.0074267181096252,0.0113899746195385,TabPFN,ndvi,cached_local_effect_bootstrap_validated,0.0093799467388773,500.0,20.0,20.0
TabPFN,ndvi,0.0975104525894954,0.0083072500581607,0.0084017343820858,0.0064860832168165,0.0100968408583113,TabPFN,ndvi,cached_local_effect_bootstrap_validated,0.0083431743508437,499.0,20.0,20.0
TabPFN,ndvi,0.1166722617267372,0.0052919288793332,0.0052252729320433,0.0036086323690691,0.0070077069749603,TabPFN,ndvi,cached_local_effect_bootstrap_validated,0.0053357104728231,500.0,20.0,20.0
TabPFN,ndvi,0.1388286996063111,0.0034557500922806,0.0034009828321319,0.0018398817438147,0.0052864468530021,TabPFN,ndvi,cached_local_effect_bootstrap_validated,0.0035005748462164,500.0,20.0,20.0
TabPFN,ndvi,0.1621768852809227,0.001173723987962,0.0011675883702002,-0.0004233158786889,0.0028516928594764,TabPFN,ndvi,cached_local_effect_bootstrap_validated,0.0011680918935919,501.0,20.0,20.0
TabPFN,ndvi,0.1896130252998442,0.0009964465603272,0.0010119787931223,-0.000566150980997,0.0026637430717425,TabPFN,ndvi,cached_local_effect_bootstrap_validated,0.0009617809512885,500.0,20.0,20.0
TabPFN,ndvi,0.2242011780144657,0.0007482762345721,0.0008015096897492,-0.0007536515779811,0.0023566297837895,TabPFN,ndvi,cached_local_effect_bootstrap_validated,0.000751423994475,500.0,20.0,20.0
TabPFN,ndvi,0.2632465590380565,0.0005749553911275,0.0005325620646784,-0.0008154502822087,0.0019815480236235,TabPFN,ndvi,cached_local_effect_bootstrap_validated,0.0006354483733186,500.0,20.0,20.0
TabPFN,ndvi,0.3045869319742423,-0.000581865153923,-0.000538396455302,-0.0021957438006099,0.0010468423750795,TabPFN,ndvi,cached_local_effect_bootstrap_validated,-0.0005669110730057,499.0,20.0,20.0
TabPFN,ndvi,0.3463393047883542,-0.0019238841362846,-0.0019293189610441,-0.0036874085173704,-0.0002174136246749,TabPFN,ndvi,cached_local_effect_bootstrap_validated,-0.0018883660711115,500.0,20.0,20.0
TabPFN,ndvi,0.3852732932523576,-0.0021787386255213,-0.0023477597561202,-0.0042281102362619,0.0001579998122449,TabPFN,ndvi,cached_local_effect_bootstrap_validated,-0.0020952783567598,501.0,20.0,20.0
TabPFN,ndvi,0.421828363902707,-0.0061175453926311,-0.0060823426709066,-0.0083013428604708,-0.0041035094803391,TabPFN,ndvi,cached_local_effect_bootstrap_validated,-0.0061320890715113,500.0,20.0,20.0
TabPFN,ndvi,0.4561784722434158,-0.0111008166179866,-0.0110562808337563,-0.0138400254339847,-0.0087772790309424,TabPFN,ndvi,cached_local_effect_bootstrap_validated,-0.0110707394821336,500.0,20.0,20.0
TabPFN,ndvi,0.4927823725089268,-0.0181993274017732,-0.0180977277758239,-0.0214491451764042,-0.0152313800361846,TabPFN,ndvi,cached_local_effect_bootstrap_validated,-0.0181268584025791,500.0,20.0,20.0
TabPFN,ndvi,0.5371929074983979,-0.0235869140301705,-0.0233844760795094,-0.0275552771118627,-0.019849091453657,TabPFN,ndvi,cached_local_effect_bootstrap_validated,-0.0234546326143434,499.0,20.0,20.0
TabPFN,ndvi,0.6715903195287942,-0.0345946890914687,-0.0346914990514371,-0.0425678068523825,-0.0260411412489321,TabPFN,ndvi,cached_local_effect_bootstrap_validated,-0.0345883732704213,501.0,20.0,20.0
LR,rainfall_frequency,7.99839777825251,0.0026571785589926,0.0026567872433679,0.0025954712531569,0.0027121979714419,LR,rainfall_frequency,exact_skexplain_tella_protocol,,,,
LR,rainfall_frequency,19.995994445631275,0.002435870177204,0.0024344419733377,0.0023757733467759,0.0024911788877131,LR,rainfall_frequency,exact_skexplain_tella_protocol,,,,
LR,rainfall_frequency,26.995979186376537,0.0022894953013899,0.0022882392420096,0.0022311614394931,0.002345886900122,LR,rainfall_frequency,exact_skexplain_tella_protocol,,,,
LR,rainfall_frequency,32.99755088961455,0.0021606977415362,0.0021586273875864,0.0021014455778851,0.0022171296738181,LR,rainfall_frequency,exact_skexplain_tella_protocol,,,,
LR,rainfall_frequency,39.99753563035981,0.0020089342650648,0.0020061768232283,0.0019489546419462,0.0020640919135723,LR,rainfall_frequency,exact_skexplain_tella_protocol,,,,
LR,rainfall_frequency,48.50068666646321,0.001821691261703,0.0018205033811859,0.0017618373046504,0.0018730123054241,LR,rainfall_frequency,exact_skexplain_tella_protocol,,,,
LR,rainfall_frequency,58.00225074007385,0.0016136522958401,0.0016130169864299,0.0015529610244121,0.0016646395365401,LR,rainfall_frequency,exact_skexplain_tella_protocol,,,,
LR,rainfall_frequency,67.49826807458723,0.0014094014532712,0.0014095559837872,0.001350080842574,0.0014617912562453,LR,rainfall_frequency,exact_skexplain_tella_protocol,,,,
LR,rainfall_frequency,76.50062562944426,0.0012101312540558,0.0012102660828681,0.0011513809946869,0.0012622032311158,LR,rainfall_frequency,exact_skexplain_tella_protocol,,,,
LR,rainfall_frequency,86.00218970305491,0.0009931514849368,0.0009936557109888,0.0009344514864931,0.0010445720615036,LR,rainfall_frequency,exact_skexplain_tella_protocol,,,,
LR,rainfall_frequency,95.9974135563219,0.0007676572728632,0.000767428980372,0.0007073185704754,0.0008190430345964,LR,rainfall_frequency,exact_skexplain_tella_protocol,,,,
LR,rainfall_frequency,105.49897762993254,0.0005566061049271,0.0005554397799119,0.0004984052471925,0.0006067312876526,LR,rainfall_frequency,exact_skexplain_tella_protocol,,,,
LR,rainfall_frequency,115.49974822229682,0.0003434601336237,0.0003426331689015,0.0002851730255583,0.0003986902869445,LR,rainfall_frequency,exact_skexplain_tella_protocol,,,,
LR,rainfall_frequency,129.0005111850337,4.996464838879055e-05,4.912122970987488e-05,-6.62600478185646e-06,0.0001116579888107,LR,rainfall_frequency,exact_skexplain_tella_protocol,,,,
LR,rainfall_frequency,149.00205236976228,-0.0003907026295102,-0.0003920236892552,-0.0004480644691553,-0.0003266389694628,LR,rainfall_frequency,exact_skexplain_tella_protocol,,,,
LR,rainfall_frequency,181.0011902218696,-0.0010900412426508,-0.001089400037223,-0.0011476067006735,-0.0010305095875613,LR,rainfall_frequency,exact_skexplain_tella_protocol,,,,
LR,rainfall_frequency,222.0026856288339,-0.0019920713094889,-0.001992244026446,-0.0020513147870172,-0.0019271867629621,LR,rainfall_frequency,exact_skexplain_tella_protocol,,,,
LR,rainfall_frequency,274.50257118442335,-0.0031529068776318,-0.0031543212931636,-0.0032156712505967,-0.003084675920979,LR,rainfall_frequency,exact_skexplain_tella_protocol,,,,
LR,rainfall_frequency,346.0000381481368,-0.0047524033598645,-0.0047526930683324,-0.0048242647437785,-0.0046690384172533,LR,rainfall_frequency,exact_skexplain_tella_protocol,,,,
LR,rainfall_frequency,554.4964140751365,-0.009181849895279,-0.0091787462009204,-0.0093304587415001,-0.0090421929788764,LR,rainfall_frequency,exact_skexplain_tella_protocol,,,,
RF,rainfall_frequency,7.99839777825251,-0.0285651290860289,-0.0285717221184257,-0.0348028810102245,-0.0222948302901773,RF,rainfall_frequency,exact_skexplain_tella_protocol,,,,
RF,rainfall_frequency,19.995994445631275,-0.0340462385724955,-0.0343042709327653,-0.0391795592871961,-0.0289479728037478,RF,rainfall_frequency,exact_skexplain_tella_protocol,,,,
RF,rainfall_frequency,26.995979186376537,-0.0177924664992212,-0.0178801644157785,-0.0229512423337005,-0.0141100018191271,RF,rainfall_frequency,exact_skexplain_tella_protocol,,,,
RF,rainfall_frequency,32.99755088961455,-0.0085665720932964,-0.0086400431604711,-0.0128304172194716,-0.004952523043114,RF,rainfall_frequency,exact_skexplain_tella_protocol,,,,
RF,rainfall_frequency,39.99753563035981,-0.0071799205166856,-0.0072214223288817,-0.0111710690252792,-0.0036804801835089,RF,rainfall_frequency,exact_skexplain_tella_protocol,,,,
RF,rainfall_frequency,48.50068666646321,-0.0063298282451099,-0.0063322847426636,-0.0100544738962167,-0.0027667865128976,RF,rainfall_frequency,exact_skexplain_tella_protocol,,,,
RF,rainfall_frequency,58.00225074007385,-0.0069328172992273,-0.0068182573463714,-0.0101942724802653,-0.0037636236199059,RF,rainfall_frequency,exact_skexplain_tella_protocol,,,,
RF,rainfall_frequency,67.49826807458723,-0.0080796486887719,-0.0079830386268057,-0.011502962681965,-0.005168128976518,RF,rainfall_frequency,exact_skexplain_tella_protocol,,,,
RF,rainfall_frequency,76.50062562944426,-0.0082168039883309,-0.0080476370969298,-0.0115477604548818,-0.0051601460565767,RF,rainfall_frequency,exact_skexplain_tella_protocol,,,,
RF,rainfall_frequency,86.00218970305491,-0.0070038896848051,-0.0069653971736266,-0.0102655148960601,-0.0040727505577072,RF,rainfall_frequency,exact_skexplain_tella_protocol,,,,
RF,rainfall_frequency,95.9974135563219,-0.0032450960057357,-0.0031790022464798,-0.006666033209992,-0.0004598459174905,RF,rainfall_frequency,exact_skexplain_tella_protocol,,,,
RF,rainfall_frequency,105.49897762993254,0.0018981048312862,0.001823908528243,-0.0009222150142523,0.0050196163771486,RF,rainfall_frequency,exact_skexplain_tella_protocol,,,,
RF,rainfall_frequency,115.49974822229682,0.0058401542337715,0.0056697038628344,0.0021022547967906,0.0097315452132068,RF,rainfall_frequency,exact_skexplain_tella_protocol,,,,
RF,rainfall_frequency,129.0005111850337,0.0065740595625259,0.0065728183168115,0.0021982177132833,0.0107284779693165,RF,rainfall_frequency,exact_skexplain_tella_protocol,,,,
RF,rainfall_frequency,149.00205236976228,0.01184792595294,0.011904569612621,0.0077974352939628,0.0161744598886384,RF,rainfall_frequency,exact_skexplain_tella_protocol,,,,
RF,rainfall_frequency,181.0011902218696,0.0091640130956125,0.0091519266902131,0.0048637243263038,0.0134697739728773,RF,rainfall_frequency,exact_skexplain_tella_protocol,,,,
RF,rainfall_frequency,222.0026856288339,0.0141706264545387,0.0140987078310467,0.0091707179870942,0.019390074009117,RF,rainfall_frequency,exact_skexplain_tella_protocol,,,,
RF,rainfall_frequency,274.50257118442335,0.0256633356512506,0.0254043223835225,0.0206529213962422,0.0318921293744627,RF,rainfall_frequency,exact_skexplain_tella_protocol,,,,
RF,rainfall_frequency,346.0000381481368,0.0279686279353574,0.0276610017027068,0.0228597120300445,0.0343574095898841,RF,rainfall_frequency,exact_skexplain_tella_protocol,,,,
RF,rainfall_frequency,554.4964140751365,0.0368411006701336,0.0365206842331033,0.0317551854809881,0.043340720356335,RF,rainfall_frequency,exact_skexplain_tella_protocol,,,,
XGBoost,rainfall_frequency,7.99839777825251,-0.0357868680490971,-0.0359117312756774,-0.0436662390868848,-0.0279003384714794,XGBoost,rainfall_frequency,exact_skexplain_tella_protocol,,,,
XGBoost,rainfall_frequency,19.995994445631275,-0.0444935716107657,-0.0446834948111849,-0.0514995994165795,-0.0380177156012904,XGBoost,rainfall_frequency,exact_skexplain_tella_protocol,,,,
XGBoost,rainfall_frequency,26.995979186376537,-0.0308116121630044,-0.0306391269675921,-0.0363695108755005,-0.0251069891794526,XGBoost,rainfall_frequency,exact_skexplain_tella_protocol,,,,
XGBoost,rainfall_frequency,32.99755088961455,-0.0213619889488846,-0.0211891709330957,-0.0270128011929005,-0.0160870521236327,XGBoost,rainfall_frequency,exact_skexplain_tella_protocol,,,,
XGBoost,rainfall_frequency,39.99753563035981,-0.0265297534269373,-0.0264871699230221,-0.0322175656193494,-0.0216174789184058,XGBoost,rainfall_frequency,exact_skexplain_tella_protocol,,,,
XGBoost,rainfall_frequency,48.50068666646321,-0.0187394627627155,-0.0188377231965423,-0.0235080004145827,-0.0143559825419409,XGBoost,rainfall_frequency,exact_skexplain_tella_protocol,,,,
XGBoost,rainfall_frequency,58.00225074007385,-0.0085950266780501,-0.0086949619714403,-0.0130337358988549,-0.0045684532698371,XGBoost,rainfall_frequency,exact_skexplain_tella_protocol,,,,
XGBoost,rainfall_frequency,67.49826807458723,-0.010876537624779,-0.0109984136783226,-0.015297311230743,-0.0064469183940393,XGBoost,rainfall_frequency,exact_skexplain_tella_protocol,,,,
XGBoost,rainfall_frequency,76.50062562944426,-0.015525861864942,-0.015575916315813,-0.0200885048755754,-0.0110603924400627,XGBoost,rainfall_frequency,exact_skexplain_tella_protocol,,,,
XGBoost,rainfall_frequency,86.00218970305491,-0.0128383030347696,-0.0127988505310146,-0.0163820723076374,-0.0086002360516798,XGBoost,rainfall_frequency,exact_skexplain_tella_protocol,,,,
XGBoost,rainfall_frequency,95.9974135563219,0.0005793082813872,0.000840501316043,-0.0031106035355699,0.004332089318895,XGBoost,rainfall_frequency,exact_skexplain_tella_protocol,,,,
XGBoost,rainfall_frequency,105.49897762993254,0.0068279003653505,0.0070361760425512,0.0023438092939426,0.0111794381098277,XGBoost,rainfall_frequency,exact_skexplain_tella_protocol,,,,
XGBoost,rainfall_frequency,115.49974822229682,0.0088723571775931,0.0086803148655802,0.00387381322572,0.0136859509888023,XGBoost,rainfall_frequency,exact_skexplain_tella_protocol,,,,
XGBoost,rainfall_frequency,129.0005111850337,0.0073751345919895,0.0072837726124911,0.0015954662720797,0.0123490315891744,XGBoost,rainfall_frequency,exact_skexplain_tella_protocol,,,,
XGBoost,rainfall_frequency,149.00205236976228,0.0140593830704518,0.0141115739225526,0.0083809104228441,0.0196451375531562,XGBoost,rainfall_frequency,exact_skexplain_tella_protocol,,,,
XGBoost,rainfall_frequency,181.0011902218696,0.0151138444080778,0.0151899551959329,0.0086104803109768,0.0219068340954079,XGBoost,rainfall_frequency,exact_skexplain_tella_protocol,,,,
XGBoost,rainfall_frequency,222.0026856288339,0.0358647844403811,0.0358385193880996,0.0289933490864303,0.0434968141902261,XGBoost,rainfall_frequency,exact_skexplain_tella_protocol,,,,
XGBoost,rainfall_frequency,274.50257118442335,0.0509852321809608,0.0509083265994908,0.0433721480359742,0.0580426038581569,XGBoost,rainfall_frequency,exact_skexplain_tella_protocol,,,,
XGBoost,rainfall_frequency,346.0000381481368,0.0417558342333712,0.0416722558684414,0.0337711549229302,0.049169608805041,XGBoost,rainfall_frequency,exact_skexplain_tella_protocol,,,,
XGBoost,rainfall_frequency,554.4964140751365,0.0483365025610803,0.0480950020121817,0.0408019145219156,0.0558172262029664,XGBoost,rainfall_frequency,exact_skexplain_tella_protocol,,,,
CatBoost,rainfall_frequency,7.99839777825251,-0.0182372424094518,-0.0180076032246487,-0.0238873944670893,-0.0128195242772424,CatBoost,rainfall_frequency,exact_skexplain_tella_protocol,,,,
CatBoost,rainfall_frequency,19.995994445631275,-0.0309014668405254,-0.0307429334568201,-0.0357992850750238,-0.0261262596232261,CatBoost,rainfall_frequency,exact_skexplain_tella_protocol,,,,
CatBoost,rainfall_frequency,26.995979186376537,-0.0227555496987474,-0.0227366921150003,-0.0269775001213007,-0.0180628739909152,CatBoost,rainfall_frequency,exact_skexplain_tella_protocol,,,,
CatBoost,rainfall_frequency,32.99755088961455,-0.0175877307935145,-0.0175439189475706,-0.0218241425441172,-0.0126321900527394,CatBoost,rainfall_frequency,exact_skexplain_tella_protocol,,,,
CatBoost,rainfall_frequency,39.99753563035981,-0.0165279862755672,-0.0166470024744288,-0.0209329093219954,-0.011710661895901,CatBoost,rainfall_frequency,exact_skexplain_tella_protocol,,,,
CatBoost,rainfall_frequency,48.50068666646321,-0.0168470464634086,-0.0170139067908293,-0.0211285473586341,-0.0121406595538558,CatBoost,rainfall_frequency,exact_skexplain_tella_protocol,,,,
CatBoost,rainfall_frequency,58.00225074007385,-0.0188223505191042,-0.01879211503594,-0.022559938214266,-0.0149642217821693,CatBoost,rainfall_frequency,exact_skexplain_tella_protocol,,,,
CatBoost,rainfall_frequency,67.49826807458723,-0.0195117153936166,-0.0193531565117486,-0.0231314340158875,-0.0158595576429797,CatBoost,rainfall_frequency,exact_skexplain_tella_protocol,,,,
CatBoost,rainfall_frequency,76.50062562944426,-0.0190390141739033,-0.0188680402585079,-0.0226703105187483,-0.0153513132813759,CatBoost,rainfall_frequency,exact_skexplain_tella_protocol,,,,
CatBoost,rainfall_frequency,86.00218970305491,-0.0176073469935573,-0.0174276699329142,-0.0205802128383557,-0.014103831733594,CatBoost,rainfall_frequency,exact_skexplain_tella_protocol,,,,
CatBoost,rainfall_frequency,95.9974135563219,-0.0129782752882452,-0.0128559324572416,-0.0161843926900021,-0.0101924176984859,CatBoost,rainfall_frequency,exact_skexplain_tella_protocol,,,,
CatBoost,rainfall_frequency,105.49897762993254,-0.0042831640542226,-0.0043729311089263,-0.0074386534757114,-0.0010470553926767,CatBoost,rainfall_frequency,exact_skexplain_tella_protocol,,,,
CatBoost,rainfall_frequency,115.49974822229682,0.0037991219535929,0.0036746598234572,-3.3606256955942895e-07,0.0079627873249554,CatBoost,rainfall_frequency,exact_skexplain_tella_protocol,,,,
CatBoost,rainfall_frequency,129.0005111850337,0.0085806620163051,0.0084878841516084,0.0041612330027097,0.0129898021722853,CatBoost,rainfall_frequency,exact_skexplain_tella_protocol,,,,
CatBoost,rainfall_frequency,149.00205236976228,0.0122416068903044,0.0121396718287356,0.0071201315729847,0.016518485560202,CatBoost,rainfall_frequency,exact_skexplain_tella_protocol,,,,
CatBoost,rainfall_frequency,181.0011902218696,0.011096667808844,0.011180057494497,0.0057180345074957,0.015964761152927,CatBoost,rainfall_frequency,exact_skexplain_tella_protocol,,,,
CatBoost,rainfall_frequency,222.0026856288339,0.0245509694110097,0.0249064938376881,0.0178824498064755,0.0293755986856678,CatBoost,rainfall_frequency,exact_skexplain_tella_protocol,,,,
CatBoost,rainfall_frequency,274.50257118442335,0.0423382150834325,0.0426490856244151,0.0356588873312043,0.0482295413222477,CatBoost,rainfall_frequency,exact_skexplain_tella_protocol,,,,
CatBoost,rainfall_frequency,346.0000381481368,0.0517635767146008,0.0521286660716642,0.0448184588963525,0.056998575616567,CatBoost,rainfall_frequency,exact_skexplain_tella_protocol,,,,
CatBoost,rainfall_frequency,554.4964140751365,0.0637195616087147,0.0639060946626525,0.0556547841646007,0.0696434695522919,CatBoost,rainfall_frequency,exact_skexplain_tella_protocol,,,,
TabPFN,rainfall_frequency,7.499191259498886,-0.0259904210598473,-0.0266120501356927,-0.0525914850021211,0.0032744591925789,TabPFN,rainfall_frequency,cached_local_effect_bootstrap_validated,-0.0269297040682518,449.0,20.0,20.0
TabPFN,rainfall_frequency,18.99758140812403,-0.029716599308088,-0.0301248075279407,-0.050918208734125,-0.0052098560320414,TabPFN,rainfall_frequency,cached_local_effect_bootstrap_validated,-0.0301071748286718,501.0,20.0,20.0
TabPFN,rainfall_frequency,26.49677266762292,-0.0209697770709344,-0.0218036588520357,-0.0445147013630732,0.0028905947200442,TabPFN,rainfall_frequency,cached_local_effect_bootstrap_validated,-0.0220258103832835,540.0,20.0,20.0
TabPFN,rainfall_frequency,32.49834437086093,-0.0302794285667457,-0.0302519111071247,-0.0519176450190448,-0.0082645414457599,TabPFN,rainfall_frequency,cached_local_effect_bootstrap_validated,-0.0311791652962798,425.0,20.0,20.0
TabPFN,rainfall_frequency,38.999122592852565,-0.0218423137293602,-0.0224828174550464,-0.0430529436935926,0.0010569276763124,TabPFN,rainfall_frequency,cached_local_effect_bootstrap_validated,-0.0221186511367792,555.0,20.0,20.0
TabPFN,rainfall_frequency,48.00148014770959,-0.0137218828299255,-0.0139843787843477,-0.0337600942387554,0.007832819658588,TabPFN,rainfall_frequency,cached_local_effect_bootstrap_validated,-0.0134949142262572,528.0,20.0,20.0
TabPFN,rainfall_frequency,58.00225074007385,-0.0463562637243282,-0.0459401722798997,-0.0625850866385054,-0.0315036155305514,TabPFN,rainfall_frequency,cached_local_effect_bootstrap_validated,-0.0460355149731272,496.0,20.0,20.0
TabPFN,rainfall_frequency,66.9990615558336,-0.0430144177481782,-0.0421535131040262,-0.0597745903870498,-0.0287966251133971,TabPFN,rainfall_frequency,cached_local_effect_bootstrap_validated,-0.0427574332021409,469.0,20.0,20.0
TabPFN,rainfall_frequency,75.49666585283975,-0.0593975425895553,-0.0594908635131258,-0.075652687993332,-0.0455910946712413,TabPFN,rainfall_frequency,cached_local_effect_bootstrap_validated,-0.0593127424977952,518.0,20.0,20.0
TabPFN,rainfall_frequency,84.99822992645039,-0.0544350290839092,-0.0541875851002536,-0.070225101620927,-0.0393099834480242,TabPFN,rainfall_frequency,cached_local_effect_bootstrap_validated,-0.0553218483142787,486.0,20.0,20.0
TabPFN,rainfall_frequency,95.49820703756828,-0.0428130814028824,-0.0425215473576967,-0.0585449366124135,-0.0278943323892744,TabPFN,rainfall_frequency,cached_local_effect_bootstrap_validated,-0.0432109528370434,526.0,20.0,20.0
TabPFN,rainfall_frequency,105.49897762993254,-0.0335344704812053,-0.0344353541804594,-0.0497704823635989,-0.0172754880986612,TabPFN,rainfall_frequency,cached_local_effect_bootstrap_validated,-0.0333161841295892,500.0,20.0,20.0
TabPFN,rainfall_frequency,115.49974822229682,-0.0494652988650186,-0.0497062953173561,-0.067144958342732,-0.0304237469811655,TabPFN,rainfall_frequency,cached_local_effect_bootstrap_validated,-0.0487418894805247,491.0,20.0,20.0
TabPFN,rainfall_frequency,129.0005111850337,-0.0625710261061215,-0.0634499682954745,-0.0801500604371,-0.0426466388066083,TabPFN,rainfall_frequency,cached_local_effect_bootstrap_validated,-0.0618734670020872,501.0,20.0,20.0
TabPFN,rainfall_frequency,149.50125888851588,-0.0068784788692419,-0.0080306177717386,-0.0260578745830918,0.0136061415530991,TabPFN,rainfall_frequency,cached_local_effect_bootstrap_validated,-0.0061736603416735,502.0,20.0,20.0
TabPFN,rainfall_frequency,181.5003967406232,0.0313849989504193,0.0322934573322316,0.0083409896325931,0.0544046708517393,TabPFN,rainfall_frequency,cached_local_effect_bootstrap_validated,0.0314387964866822,509.0,20.0,20.0
TabPFN,rainfall_frequency,222.57677312540127,0.1067472186863994,0.1055877311267861,0.0798752072145245,0.1298895114426099,TabPFN,rainfall_frequency,cached_local_effect_bootstrap_validated,0.1071533846519654,504.0,20.0,20.0
TabPFN,rainfall_frequency,275.1265793328663,0.1002353055411158,0.1004874054839601,0.0713947813444181,0.1266271402008255,TabPFN,rainfall_frequency,cached_local_effect_bootstrap_validated,0.1005991903915768,500.0,20.0,20.0
TabPFN,rainfall_frequency,346.549165318766,0.1309213189044176,0.1316155078326352,0.1036501112529718,0.1556769022365243,TabPFN,rainfall_frequency,cached_local_effect_bootstrap_validated,0.1316261274590855,497.0,20.0,20.0
TabPFN,rainfall_frequency,553.9972075563829,0.1668428579974749,0.1674897338719698,0.1345885289083122,0.1994228007774846,TabPFN,rainfall_frequency,cached_local_effect_bootstrap_validated,0.1668197272196179,503.0,20.0,20.0
LR,slope,0.0063469344157231,0.0092963774231697,0.0093102490535544,0.0089779652655938,0.0096218798044636,LR,slope,exact_skexplain_tella_protocol,,,,
LR,slope,0.018406109805597,0.0092730699676356,0.009287006264455,0.0089545620646734,0.0095984076666823,LR,slope,exact_skexplain_tella_protocol,,,,
LR,slope,0.0298305917538986,0.0092494540195297,0.0092633348084765,0.0089309115643587,0.0095745886939752,LR,slope,exact_skexplain_tella_protocol,,,,
LR,slope,0.0418897671437726,0.0092227273323056,0.0092365525258759,0.0089043642028062,0.0095479540107936,LR,slope,exact_skexplain_tella_protocol,,,,
LR,slope,0.0539489425336466,0.0091951868855847,0.0092090094432915,0.0088772427861043,0.0095205599725327,LR,slope,exact_skexplain_tella_protocol,,,,
LR,slope,0.0666428113650928,0.0091658546376774,0.0091796701743376,0.0088480000799964,0.0094913083877546,LR,slope,exact_skexplain_tella_protocol,,,,
LR,slope,0.0825101474044007,0.0091282243582802,0.0091417931486462,0.0088104792579387,0.0094537484981207,LR,slope,exact_skexplain_tella_protocol,,,,
LR,slope,0.1040897244178594,0.0090754157516275,0.0090887374415507,0.0087581609656951,0.0094008126406569,LR,slope,exact_skexplain_tella_protocol,,,,
LR,slope,0.1332856227301858,0.0090019438324696,0.0090156036812321,0.0086849992764455,0.0093269568918832,LR,slope,exact_skexplain_tella_protocol,,,,
LR,slope,0.1770794701986754,0.0088889060919223,0.0089026521183176,0.0085723680611161,0.0092141060740696,LR,slope,exact_skexplain_tella_protocol,,,,
LR,slope,0.2589549241615039,0.0086744659089087,0.0086898548789674,0.0083595421001585,0.0089996391675424,LR,slope,exact_skexplain_tella_protocol,,,,
LR,slope,0.4182629779961546,0.0082672112618237,0.0082813396117425,0.0079537001022069,0.0085938553458962,LR,slope,exact_skexplain_tella_protocol,,,,
LR,slope,0.7298974578081607,0.0074982149287371,0.0075162722910937,0.0071942040211506,0.0078112120320677,LR,slope,exact_skexplain_tella_protocol,,,,
LR,slope,1.3823623157444993,0.0059780618587877,0.0059929915850062,0.0056749341759037,0.0062958472585024,LR,slope,exact_skexplain_tella_protocol,,,,
LR,slope,2.9513245033112585,0.0025976710996898,0.0025970736460843,0.0022341097449547,0.0029358352213714,LR,slope,exact_skexplain_tella_protocol,,,,
LR,slope,6.35074257637257,-0.0040191384064205,-0.0040039790106478,-0.0043706950016867,-0.0036564805997745,LR,slope,exact_skexplain_tella_protocol,,,,
LR,slope,12.008399914548171,-0.0136569969252388,-0.0136608928171378,-0.014186434580306,-0.013164289129076,LR,slope,exact_skexplain_tella_protocol,,,,
LR,slope,18.84658705404828,-0.0235384448326382,-0.0235567373120124,-0.0241302941031663,-0.0228573347469368,LR,slope,exact_skexplain_tella_protocol,,,,
LR,slope,26.86339991454817,-0.0329467151332305,-0.0329575059798623,-0.0335745434177601,-0.032252332216424,LR,slope,exact_skexplain_tella_protocol,,,,
LR,slope,50.677097842341375,-0.0507681786218295,-0.0508148649230674,-0.0518514078911048,-0.0496562270767501,LR,slope,exact_skexplain_tella_protocol,,,,
RF,slope,0.0063469344157231,0.136564188132005,0.1365656814872843,0.1274020517500965,0.1450916256876529,RF,slope,exact_skexplain_tella_protocol,,,,
RF,slope,0.018406109805597,0.1376501700081913,0.1379551675395286,0.1286453441072955,0.1462134446850584,RF,slope,exact_skexplain_tella_protocol,,,,
RF,slope,0.0298305917538986,0.1322180392466465,0.1327438969517834,0.1230564663448905,0.1408640629174296,RF,slope,exact_skexplain_tella_protocol,,,,
RF,slope,0.0418897671437726,0.1235956325267349,0.1240288254281156,0.1141307745204201,0.1322678940620583,RF,slope,exact_skexplain_tella_protocol,,,,
RF,slope,0.0539489425336466,0.1152259810059174,0.1153076607304251,0.1069231056024771,0.1236235442084302,RF,slope,exact_skexplain_tella_protocol,,,,
RF,slope,0.0666428113650928,0.0944521169742693,0.0944259781598936,0.0871054062404097,0.1017554526713494,RF,slope,exact_skexplain_tella_protocol,,,,
RF,slope,0.0825101474044007,0.0812715979634685,0.0812460113272006,0.0744662054335293,0.0885835665509444,RF,slope,exact_skexplain_tella_protocol,,,,
RF,slope,0.1040897244178594,0.0701255262902025,0.0701279945180677,0.0644141756793642,0.0760372227974054,RF,slope,exact_skexplain_tella_protocol,,,,
RF,slope,0.1332856227301858,0.0515013615261201,0.0518172555663044,0.0456644061139876,0.0568095034427877,RF,slope,exact_skexplain_tella_protocol,,,,
RF,slope,0.1770794701986754,0.0399548803268694,0.0399202984348997,0.0344416591220477,0.0459553885388842,RF,slope,exact_skexplain_tella_protocol,,,,
RF,slope,0.2589549241615039,0.011451196817997,0.0110184554622525,0.0063374374888316,0.0170834720850274,RF,slope,exact_skexplain_tella_protocol,,,,
RF,slope,0.4182629779961546,-0.0416188076616603,-0.0419145641024823,-0.0468611868114468,-0.0357921844397201,RF,slope,exact_skexplain_tella_protocol,,,,
RF,slope,0.7298974578081607,-0.0787184522600459,-0.0787720020336372,-0.0848266858082522,-0.0714880384118845,RF,slope,exact_skexplain_tella_protocol,,,,
RF,slope,1.3823623157444993,-0.0882441340515224,-0.0882507632553813,-0.0946379467588434,-0.0802630901917487,RF,slope,exact_skexplain_tella_protocol,,,,
RF,slope,2.9513245033112585,-0.1037448573451844,-0.1038090523101359,-0.1102641584924565,-0.0958967096872488,RF,slope,exact_skexplain_tella_protocol,,,,
RF,slope,6.35074257637257,-0.1278655534147064,-0.1278884622718324,-0.1350050291410717,-0.1198167226280988,RF,slope,exact_skexplain_tella_protocol,,,,
RF,slope,12.008399914548171,-0.1465386372136609,-0.1467093020318436,-0.1539339469326929,-0.138524004594101,RF,slope,exact_skexplain_tella_protocol,,,,
RF,slope,18.84658705404828,-0.1475353151112179,-0.1478313874641251,-0.1551491986833206,-0.139488977973996,RF,slope,exact_skexplain_tella_protocol,,,,
RF,slope,26.86339991454817,-0.1407552111108668,-0.1409708519663728,-0.1484069531047424,-0.132401549233879,RF,slope,exact_skexplain_tella_protocol,,,,
RF,slope,50.677097842341375,-0.1281964266717907,-0.1280496114445941,-0.1355125142904099,-0.1197031438438879,RF,slope,exact_skexplain_tella_protocol,,,,
XGBoost,slope,0.0063469344157231,0.151247170891119,0.1514526098489353,0.1435495402673409,0.1585327195575365,XGBoost,slope,exact_skexplain_tella_protocol,,,,
XGBoost,slope,0.018406109805597,0.1456446807776918,0.1454860675060481,0.1384444837654267,0.1536675157695835,XGBoost,slope,exact_skexplain_tella_protocol,,,,
XGBoost,slope,0.0298305917538986,0.1286810525771299,0.1285495730331982,0.1223625245457461,0.1367020495891747,XGBoost,slope,exact_skexplain_tella_protocol,,,,
XGBoost,slope,0.0418897671437726,0.1129610089539308,0.1127012009260826,0.1075349822967221,0.1203769345496552,XGBoost,slope,exact_skexplain_tella_protocol,,,,
XGBoost,slope,0.0539489425336466,0.1052771674671589,0.1052479474553343,0.0998644212039683,0.1126711440680135,XGBoost,slope,exact_skexplain_tella_protocol,,,,
XGBoost,slope,0.0666428113650928,0.0854030216563561,0.0852448534209979,0.080279499634523,0.0926210797333676,XGBoost,slope,exact_skexplain_tella_protocol,,,,
XGBoost,slope,0.0825101474044007,0.0715503756407717,0.0713583044743194,0.0663671098626821,0.0778936952456795,XGBoost,slope,exact_skexplain_tella_protocol,,,,
XGBoost,slope,0.1040897244178594,0.0565905029032448,0.056470275363943,0.051593270563182,0.0622445363057488,XGBoost,slope,exact_skexplain_tella_protocol,,,,
XGBoost,slope,0.1332856227301858,0.0362847605798462,0.0360751386208838,0.0308049711789499,0.0414672109362264,XGBoost,slope,exact_skexplain_tella_protocol,,,,
XGBoost,slope,0.1770794701986754,0.0273372175746976,0.0272116295213753,0.022628128011247,0.0318063881455195,XGBoost,slope,exact_skexplain_tella_protocol,,,,
XGBoost,slope,0.2589549241615039,0.006210539410891,0.0060729775988729,0.0024759391305664,0.0107147251490646,XGBoost,slope,exact_skexplain_tella_protocol,,,,
XGBoost,slope,0.4182629779961546,-0.0465110771652242,-0.046506243960635,-0.0506225255304323,-0.0422930939456289,XGBoost,slope,exact_skexplain_tella_protocol,,,,
XGBoost,slope,0.7298974578081607,-0.0864596608078659,-0.0865125553306279,-0.093390340952294,-0.0801637028380794,XGBoost,slope,exact_skexplain_tella_protocol,,,,
XGBoost,slope,1.3823623157444993,-0.0888171073095183,-0.0886600096065551,-0.0964196113271772,-0.0828740001066754,XGBoost,slope,exact_skexplain_tella_protocol,,,,
XGBoost,slope,2.9513245033112585,-0.0940440168774307,-0.0939812658754002,-0.1013220419396735,-0.0882652350683348,XGBoost,slope,exact_skexplain_tella_protocol,,,,
XGBoost,slope,6.35074257637257,-0.1153851480579555,-0.1154414106712502,-0.1215131171120167,-0.1095718665422788,XGBoost,slope,exact_skexplain_tella_protocol,,,,
XGBoost,slope,12.008399914548171,-0.1344556062714438,-0.1347293322636949,-0.1418387196960106,-0.1275753149655275,XGBoost,slope,exact_skexplain_tella_protocol,,,,
XGBoost,slope,18.84658705404828,-0.1291072070892831,-0.1291900721292244,-0.1367032789525561,-0.1227126574515737,XGBoost,slope,exact_skexplain_tella_protocol,,,,
XGBoost,slope,26.86339991454817,-0.1179160489932875,-0.1179514977865386,-0.1259998400595956,-0.1114973779153914,XGBoost,slope,exact_skexplain_tella_protocol,,,,
XGBoost,slope,50.677097842341375,-0.1242245508527935,-0.1239707597391941,-0.1319118142912155,-0.1178428237260694,XGBoost,slope,exact_skexplain_tella_protocol,,,,
CatBoost,slope,0.0063469344157231,0.1583256145607746,0.1582433400376844,0.1529057101564385,0.1645311381126427,CatBoost,slope,exact_skexplain_tella_protocol,,,,
CatBoost,slope,0.018406109805597,0.1561748688449445,0.1561453224383134,0.1508198251585044,0.1624121107692866,CatBoost,slope,exact_skexplain_tella_protocol,,,,
CatBoost,slope,0.0298305917538986,0.1441670379201701,0.1439375563107457,0.1388064501767515,0.150163720948216,CatBoost,slope,exact_skexplain_tella_protocol,,,,
CatBoost,slope,0.0418897671437726,0.1282263633116666,0.127954756611713,0.1233703397381075,0.1337604533557382,CatBoost,slope,exact_skexplain_tella_protocol,,,,
CatBoost,slope,0.0539489425336466,0.1190255366447284,0.1188696912290752,0.1141855853186152,0.1244533915765943,CatBoost,slope,exact_skexplain_tella_protocol,,,,
CatBoost,slope,0.0666428113650928,0.0985720477863981,0.0985242510359524,0.0942245315133558,0.1031437592020743,CatBoost,slope,exact_skexplain_tella_protocol,,,,
CatBoost,slope,0.0825101474044007,0.0804894323491036,0.0801343148725557,0.0765895631331758,0.0856587611186932,CatBoost,slope,exact_skexplain_tella_protocol,,,,
CatBoost,slope,0.1040897244178594,0.0664504307563042,0.0664079116363653,0.0623564405871965,0.0712351022574809,CatBoost,slope,exact_skexplain_tella_protocol,,,,
CatBoost,slope,0.1332856227301858,0.0506079511454308,0.0505894041705955,0.0463459491503186,0.0551782051622397,CatBoost,slope,exact_skexplain_tella_protocol,,,,
CatBoost,slope,0.1770794701986754,0.0309360201785961,0.030916620730005,0.0274662360531242,0.0354052923624207,CatBoost,slope,exact_skexplain_tella_protocol,,,,
CatBoost,slope,0.2589549241615039,-0.0107220997302168,-0.0107476305806246,-0.013970635853353,-0.0071944085236825,CatBoost,slope,exact_skexplain_tella_protocol,,,,
CatBoost,slope,0.4182629779961546,-0.0661640879441358,-0.0660767026070888,-0.0695636135793366,-0.0621829469910607,CatBoost,slope,exact_skexplain_tella_protocol,,,,
CatBoost,slope,0.7298974578081607,-0.0993484510300477,-0.0994819924138747,-0.1039050463394067,-0.0942341916749394,CatBoost,slope,exact_skexplain_tella_protocol,,,,
CatBoost,slope,1.3823623157444993,-0.1039131883443367,-0.1040088052016833,-0.1085294311105817,-0.0987469270847221,CatBoost,slope,exact_skexplain_tella_protocol,,,,
CatBoost,slope,2.9513245033112585,-0.1109979106218964,-0.1109141914677634,-0.1161517594585265,-0.1061656724927375,CatBoost,slope,exact_skexplain_tella_protocol,,,,
CatBoost,slope,6.35074257637257,-0.1272979854607604,-0.1274162828544177,-0.132017023111244,-0.1223389813378067,CatBoost,slope,exact_skexplain_tella_protocol,,,,
CatBoost,slope,12.008399914548171,-0.1384501145773332,-0.138410628212734,-0.1442648514176872,-0.1327754704337863,CatBoost,slope,exact_skexplain_tella_protocol,,,,
CatBoost,slope,18.84658705404828,-0.1320406286487459,-0.1321543479139467,-0.1377217416466406,-0.1261965168706539,CatBoost,slope,exact_skexplain_tella_protocol,,,,
CatBoost,slope,26.86339991454817,-0.1238426359670252,-0.1239784367068071,-0.1295504377018939,-0.1176777900979526,CatBoost,slope,exact_skexplain_tella_protocol,,,,
CatBoost,slope,50.677097842341375,-0.1301955092436403,-0.1301466926557619,-0.1368071982494116,-0.1241204894759509,CatBoost,slope,exact_skexplain_tella_protocol,,,,
TabPFN,slope,0.0050775475325785,0.0325630649332757,0.0327610394278786,0.0287293488233849,0.0353667412812016,TabPFN,slope,cached_local_effect_bootstrap_validated,0.0326713646491174,392.0,20.0,20.0
TabPFN,slope,0.0171367229224524,0.0265521761431849,0.0265017754174099,0.023747001850334,0.0289802388685542,TabPFN,slope,cached_local_effect_bootstrap_validated,0.0266799667579238,561.0,20.0,20.0
TabPFN,slope,0.0298305917538986,0.022359283910896,0.0224824805106298,0.0198935227395201,0.0246972032948656,TabPFN,slope,cached_local_effect_bootstrap_validated,0.0225223886509542,520.0,20.0,20.0
TabPFN,slope,0.0418897671437726,0.0185759742168268,0.0186515793107188,0.0162107051853954,0.0208720638768668,TabPFN,slope,cached_local_effect_bootstrap_validated,0.018722531777725,494.0,20.0,20.0
TabPFN,slope,0.0539489425336466,0.0158102746119902,0.0159093005459202,0.0136217964375024,0.0179826734658753,TabPFN,slope,cached_local_effect_bootstrap_validated,0.0159700051144813,511.0,20.0,20.0
TabPFN,slope,0.0666428113650928,0.0115754306050818,0.0117152141946789,0.0095477683257078,0.0133918002814528,TabPFN,slope,cached_local_effect_bootstrap_validated,0.0117508549437974,497.0,20.0,20.0
TabPFN,slope,0.083144840845973,0.0089083720532425,0.0089236038470873,0.0071759076971722,0.010808095130591,TabPFN,slope,cached_local_effect_bootstrap_validated,0.0090724222091143,521.0,20.0,20.0
TabPFN,slope,0.1040897244178593,0.0045968126325427,0.0045677992178039,0.0031829629870205,0.0064444160617564,TabPFN,slope,cached_local_effect_bootstrap_validated,0.0047323342141811,493.0,20.0,20.0
TabPFN,slope,0.1320162358470412,0.0008248276634321,0.0007418686729186,-0.000666507051011,0.0022628532093376,TabPFN,slope,cached_local_effect_bootstrap_validated,0.0009562721670721,501.0,20.0,20.0
TabPFN,slope,0.1745406964323862,-0.0023193250280004,-0.0023580990260466,-0.0039673706543738,-0.000367523333339,TabPFN,slope,cached_local_effect_bootstrap_validated,-0.002178169860586,502.0,20.0,20.0
TabPFN,slope,0.2535282952360611,-0.006744366498677,-0.0066916105905547,-0.0084966395484898,-0.0050025089588569,TabPFN,slope,cached_local_effect_bootstrap_validated,-0.0067016511029447,508.0,20.0,20.0
TabPFN,slope,0.4054739051484733,-0.0111601797221358,-0.0112041457913757,-0.0126299135222843,-0.0094423669658061,TabPFN,slope,cached_local_effect_bootstrap_validated,-0.011269025578245,500.0,20.0,20.0
TabPFN,slope,0.6869921811578725,-0.0126179433351823,-0.012643935386656,-0.0143227075081878,-0.0107456505008347,TabPFN,slope,cached_local_effect_bootstrap_validated,-0.0126590751615236,498.0,20.0,20.0
TabPFN,slope,1.3108323648793,-0.0136311306835205,-0.0135690771642446,-0.0154632791636906,-0.0119356007964121,TabPFN,slope,cached_local_effect_bootstrap_validated,-0.0137179491148213,502.0,20.0,20.0
TabPFN,slope,2.8202920422986546,-0.0145752954259402,-0.0146007711453217,-0.016368097290934,-0.012605733162342,TabPFN,slope,cached_local_effect_bootstrap_validated,-0.0147059323071385,500.0,20.0,20.0
TabPFN,slope,6.106544274727622,-0.0161050023683719,-0.0161126597088936,-0.0181770971013434,-0.0138912749442048,TabPFN,slope,cached_local_effect_bootstrap_validated,-0.0162406145400251,499.0,20.0,20.0
TabPFN,slope,11.71774205298014,-0.0171981678092318,-0.0172027957612343,-0.0196787024400304,-0.0145434028014103,TabPFN,slope,cached_local_effect_bootstrap_validated,-0.0174375216747517,501.0,20.0,20.0
TabPFN,slope,18.486176383251447,-0.0168338282200117,-0.0168665218509675,-0.0192296349269946,-0.0139959828421704,TabPFN,slope,cached_local_effect_bootstrap_validated,-0.0170559223488322,500.0,20.0,20.0
TabPFN,slope,26.35028200170904,-0.0153946476648404,-0.0154540783156422,-0.017802865232972,-0.0124097769560744,TabPFN,slope,cached_local_effect_bootstrap_validated,-0.015626225199399,500.0,20.0,20.0
TabPFN,slope,49.48796794488358,-0.0125299262624503,-0.0124440857583133,-0.0184370977623023,-0.0068537516858859,TabPFN,slope,cached_local_effect_bootstrap_validated,-0.0128351881148642,500.0,20.0,20.0
LR,twi,4.888587176122318,-0.2585901699380635,-0.2587298443561743,-0.2625488763730734,-0.2545772422356941,LR,twi,exact_skexplain_tella_protocol,,,,
LR,twi,6.02827777947325,-0.2337345364676656,-0.2337390694909025,-0.2375482097611067,-0.230195667405082,LR,twi,exact_skexplain_tella_protocol,,,,
LR,twi,6.661298272652363,-0.2156330144776328,-0.2155458781631472,-0.219540161973177,-0.2119859639946318,LR,twi,exact_skexplain_tella_protocol,,,,
LR,twi,7.359269966734825,-0.1916120886854139,-0.1915344083894313,-0.1953038896706521,-0.1884143311433642,LR,twi,exact_skexplain_tella_protocol,,,,
LR,twi,8.157966765343179,-0.1589544206048251,-0.1587991066334557,-0.1623002678254574,-0.1559552850438249,LR,twi,exact_skexplain_tella_protocol,,,,
LR,twi,8.964021317178869,-0.1210172584223202,-0.1208848647676104,-0.1245534847542508,-0.1181003821008958,LR,twi,exact_skexplain_tella_protocol,,,,
LR,twi,9.69522975859859,-0.0820048703618743,-0.0818117759852054,-0.0852375095979593,-0.078825114797121,LR,twi,exact_skexplain_tella_protocol,,,,
LR,twi,10.266851069673756,-0.0484239637863668,-0.0483551437864099,-0.0516769096574944,-0.0456355031848043,LR,twi,exact_skexplain_tella_protocol,,,,
LR,twi,10.711107135227516,-0.0204882967298269,-0.0204361170716991,-0.0235499426466597,-0.0176754315287487,LR,twi,exact_skexplain_tella_protocol,,,,
LR,twi,11.10309778130436,0.0047048051127141,0.0047730133512107,0.0015714999472401,0.007700901802,LR,twi,exact_skexplain_tella_protocol,,,,
LR,twi,11.442315576647236,0.0265152681827553,0.0265978029718781,0.0234438944611788,0.029524513277246,LR,twi,exact_skexplain_tella_protocol,,,,
LR,twi,11.748804055909908,0.0458255702121801,0.0458759381280483,0.0428373759913175,0.0488492679917816,LR,twi,exact_skexplain_tella_protocol,,,,
LR,twi,12.048442213202309,0.0643316863091501,0.0644053255346382,0.0612791522838276,0.0674036835872842,LR,twi,exact_skexplain_tella_protocol,,,,
LR,twi,12.350110095522934,0.0825825434910356,0.0826030638122966,0.0794739307538093,0.0857250171533044,LR,twi,exact_skexplain_tella_protocol,,,,
LR,twi,12.674358668782617,0.1016010943506258,0.101642763847678,0.0985581087504369,0.1046406335028446,LR,twi,exact_skexplain_tella_protocol,,,,
LR,twi,13.052141239661854,0.1229078744018616,0.1229588926620907,0.1199655371867923,0.1257204643655627,LR,twi,exact_skexplain_tella_protocol,,,,
LR,twi,13.52836547441023,0.1484062716065567,0.1485490732531799,0.1453811316946674,0.1511266971345311,LR,twi,exact_skexplain_tella_protocol,,,,
LR,twi,14.155804223761711,0.1795216152081757,0.1796925168294575,0.1763208662203572,0.1822573632133971,LR,twi,exact_skexplain_tella_protocol,,,,
LR,twi,15.125505355998412,0.2217463663050364,0.221931210557209,0.2182563806924248,0.2245375505142594,LR,twi,exact_skexplain_tella_protocol,,,,
LR,twi,21.368939542832727,0.327768194808838,0.3276982926332807,0.3219403090179404,0.333260053027968,LR,twi,exact_skexplain_tella_protocol,,,,
RF,twi,4.888587176122318,-0.0331833236335164,-0.0331927803750891,-0.0404944900695384,-0.0279923523370495,RF,twi,exact_skexplain_tella_protocol,,,,
RF,twi,6.02827777947325,-0.0464706959095685,-0.046283840361741,-0.0534946176917601,-0.0417654473867306,RF,twi,exact_skexplain_tella_protocol,,,,
RF,twi,6.661298272652363,-0.0502339492125633,-0.0500559851333733,-0.0572491799086359,-0.0452872269975435,RF,twi,exact_skexplain_tella_protocol,,,,
RF,twi,7.359269966734825,-0.0508716953046186,-0.0507578785754198,-0.0573198249816135,-0.0460755568615652,RF,twi,exact_skexplain_tella_protocol,,,,
RF,twi,8.157966765343179,-0.0498042353349884,-0.0496982370487483,-0.0548567528323062,-0.0456688498985575,RF,twi,exact_skexplain_tella_protocol,,,,
RF,twi,8.964021317178869,-0.0455279089706156,-0.045287206598627,-0.0503421717461414,-0.0414737139725245,RF,twi,exact_skexplain_tella_protocol,,,,
RF,twi,9.69522975859859,-0.0416134100607832,-0.0414374653426684,-0.0465924923929287,-0.0376513023168721,RF,twi,exact_skexplain_tella_protocol,,,,
RF,twi,10.266851069673756,-0.0262887429332967,-0.0263805001831755,-0.0288602213212083,-0.0233887118295178,RF,twi,exact_skexplain_tella_protocol,,,,
RF,twi,10.711107135227516,-0.0043398926991848,-0.0042799892929805,-0.0078512353504018,-0.0012076822034249,RF,twi,exact_skexplain_tella_protocol,,,,
RF,twi,11.10309778130436,0.0104187508643448,0.0104180054621186,0.0071750196850925,0.0136763913820299,RF,twi,exact_skexplain_tella_protocol,,,,
RF,twi,11.442315576647236,0.0241111165652312,0.0240215165622278,0.0213358562554998,0.0277261223221295,RF,twi,exact_skexplain_tella_protocol,,,,
RF,twi,11.748804055909908,0.0336154246533638,0.0336098441837896,0.03015894663073,0.0371105524793007,RF,twi,exact_skexplain_tella_protocol,,,,
RF,twi,12.048442213202309,0.0403132288995906,0.0402237317275955,0.0373854706536149,0.0437821936628363,RF,twi,exact_skexplain_tella_protocol,,,,
RF,twi,12.350110095522934,0.0430393957790537,0.0429640278665641,0.0400088740477613,0.0468853178961915,RF,twi,exact_skexplain_tella_protocol,,,,
RF,twi,12.674358668782617,0.0411044150678818,0.0409101365640753,0.0381555122161018,0.0453221668347709,RF,twi,exact_skexplain_tella_protocol,,,,
RF,twi,13.052141239661854,0.0402716579588929,0.0401648274628673,0.0368772828467247,0.044418184097101,RF,twi,exact_skexplain_tella_protocol,,,,
RF,twi,13.52836547441023,0.0385450452981748,0.0385726307752183,0.0350487275119085,0.0428073508504953,RF,twi,exact_skexplain_tella_protocol,,,,
RF,twi,14.155804223761711,0.0366367652767308,0.0366430407195822,0.0326708682994418,0.0409850813852187,RF,twi,exact_skexplain_tella_protocol,,,,
RF,twi,15.125505355998412,0.0320807344972582,0.0321388260008406,0.0282672806599412,0.0362836882551015,RF,twi,exact_skexplain_tella_protocol,,,,
RF,twi,21.368939542832727,0.0074562177923305,0.0072079942928075,0.0035632360270945,0.0120327787590619,RF,twi,exact_skexplain_tella_protocol,,,,
XGBoost,twi,4.888587176122318,-0.0202340825113418,-0.0201774292343296,-0.0232937054510926,-0.0167752620103373,XGBoost,twi,exact_skexplain_tella_protocol,,,,
XGBoost,twi,6.02827777947325,-0.0082388163631421,-0.0081328278036322,-0.0110263074155594,-0.0051732174905063,XGBoost,twi,exact_skexplain_tella_protocol,,,,
XGBoost,twi,6.661298272652363,-0.0104770966768525,-0.0103699877543374,-0.0131044662820757,-0.0076620209361705,XGBoost,twi,exact_skexplain_tella_protocol,,,,
XGBoost,twi,7.359269966734825,-0.0103676579048497,-0.0103659742265008,-0.0128726482841232,-0.0077295574275567,XGBoost,twi,exact_skexplain_tella_protocol,,,,
XGBoost,twi,8.157966765343179,-0.0064953991299134,-0.0064598879349883,-0.0090527755684638,-0.0043267702600429,XGBoost,twi,exact_skexplain_tella_protocol,,,,
XGBoost,twi,8.964021317178869,0.0012736296690739,0.0013619797450955,-0.0008173652402334,0.0032954305136716,XGBoost,twi,exact_skexplain_tella_protocol,,,,
XGBoost,twi,9.69522975859859,0.0018133080415166,0.0017292774213012,8.871869442517348e-06,0.0036919773338967,XGBoost,twi,exact_skexplain_tella_protocol,,,,
XGBoost,twi,10.266851069673756,-0.0031223985143266,-0.0032220654504373,-0.0048588159824698,-0.0014495151005336,XGBoost,twi,exact_skexplain_tella_protocol,,,,
XGBoost,twi,10.711107135227516,-0.0011172020274164,-0.00110317853624,-0.002868769716334,0.0005230602449388,XGBoost,twi,exact_skexplain_tella_protocol,,,,
XGBoost,twi,11.10309778130436,0.0040362504658338,0.0039673591838683,0.0023841957280621,0.0055455886480095,XGBoost,twi,exact_skexplain_tella_protocol,,,,
XGBoost,twi,11.442315576647236,0.0077933600333568,0.0077731846299022,0.0060534823712473,0.0094742059735814,XGBoost,twi,exact_skexplain_tella_protocol,,,,
XGBoost,twi,11.748804055909908,0.0091553203922746,0.0091600939272437,0.0073788050746754,0.0108505455712671,XGBoost,twi,exact_skexplain_tella_protocol,,,,
XGBoost,twi,12.048442213202309,0.0176506153282759,0.0176688044408336,0.0162959912401996,0.0191921334689017,XGBoost,twi,exact_skexplain_tella_protocol,,,,
XGBoost,twi,12.350110095522934,0.0200193705943462,0.0199569188957102,0.0183377742208307,0.0218974911156855,XGBoost,twi,exact_skexplain_tella_protocol,,,,
XGBoost,twi,12.674358668782617,0.0072282505879538,0.0072095264804549,0.0054398080183379,0.0094602484260266,XGBoost,twi,exact_skexplain_tella_protocol,,,,
XGBoost,twi,13.052141239661854,0.0035450814763444,0.003459936357662,0.0013898811877216,0.0059385180489113,XGBoost,twi,exact_skexplain_tella_protocol,,,,
XGBoost,twi,13.52836547441023,-0.0019540910447898,-0.0019926361061167,-0.0049778461516788,0.0010783059347327,XGBoost,twi,exact_skexplain_tella_protocol,,,,
XGBoost,twi,14.155804223761711,-0.0015513872504495,-0.0015585766789969,-0.0056675656462181,0.0016583936427393,XGBoost,twi,exact_skexplain_tella_protocol,,,,
XGBoost,twi,15.125505355998412,0.0033020702848571,0.0032823934205342,-0.0016092464733729,0.0071274539465527,XGBoost,twi,exact_skexplain_tella_protocol,,,,
XGBoost,twi,21.368939542832727,-0.012441920808232,-0.0122678967135027,-0.0179641745543712,-0.007822506529435,XGBoost,twi,exact_skexplain_tella_protocol,,,,
CatBoost,twi,4.888587176122318,-0.010803277657399,-0.0107645006584145,-0.0139915626656306,-0.0079892443736989,CatBoost,twi,exact_skexplain_tella_protocol,,,,
CatBoost,twi,6.02827777947325,-0.0024852524738352,-0.0025103408005599,-0.0050178153914972,3.196418945017067e-05,CatBoost,twi,exact_skexplain_tella_protocol,,,,
CatBoost,twi,6.661298272652363,-0.0029831657308481,-0.0028892887133888,-0.005227642183039,-0.0007952327695143,CatBoost,twi,exact_skexplain_tella_protocol,,,,
CatBoost,twi,7.359269966734825,-0.0037621654110029,-0.003790578683095,-0.0057885375627958,-0.0015522776006031,CatBoost,twi,exact_skexplain_tella_protocol,,,,
CatBoost,twi,8.157966765343179,-0.0036723162492707,-0.0036619670137534,-0.005140209572199,-0.0022579819500331,CatBoost,twi,exact_skexplain_tella_protocol,,,,
CatBoost,twi,8.964021317178869,-0.001910034231864,-0.0018758826793142,-0.0031084765511281,-0.0008019130939247,CatBoost,twi,exact_skexplain_tella_protocol,,,,
CatBoost,twi,9.69522975859859,-0.0006321199357577,-0.0006261193762046,-0.0017670816021856,0.000667499369388,CatBoost,twi,exact_skexplain_tella_protocol,,,,
CatBoost,twi,10.266851069673756,-0.0015332054735725,-0.0015355170182769,-0.0028499282345017,-0.0002859051948489,CatBoost,twi,exact_skexplain_tella_protocol,,,,
CatBoost,twi,10.711107135227516,-0.0021108438636477,-0.0020952030165756,-0.0034917354089018,-0.0007912077278391,CatBoost,twi,exact_skexplain_tella_protocol,,,,
CatBoost,twi,11.10309778130436,0.0011398524470428,0.001146591610519,0.000130596593213,0.0022591071433202,CatBoost,twi,exact_skexplain_tella_protocol,,,,
CatBoost,twi,11.442315576647236,0.005049532738592,0.0050720888819116,0.0038130148029622,0.0062425537983699,CatBoost,twi,exact_skexplain_tella_protocol,,,,
CatBoost,twi,11.748804055909908,0.0075403908042438,0.007545924967918,0.0062023155390121,0.0087325152280623,CatBoost,twi,exact_skexplain_tella_protocol,,,,
CatBoost,twi,12.048442213202309,0.0121378708549081,0.0121319421147233,0.0109196887458176,0.0133297934440385,CatBoost,twi,exact_skexplain_tella_protocol,,,,
CatBoost,twi,12.350110095522934,0.0119935705693985,0.0119125285184849,0.0105569644170477,0.0132364909475515,CatBoost,twi,exact_skexplain_tella_protocol,,,,
CatBoost,twi,12.674358668782617,0.0058819180171536,0.0058757680847638,0.0042848959110135,0.0074432707203046,CatBoost,twi,exact_skexplain_tella_protocol,,,,
CatBoost,twi,13.052141239661854,0.0021881025840103,0.0022095963187525,0.0004678121291467,0.0042714482622839,CatBoost,twi,exact_skexplain_tella_protocol,,,,
CatBoost,twi,13.52836547441023,0.0003011015208731,0.0002527801339607,-0.0016370544859673,0.0023935110927821,CatBoost,twi,exact_skexplain_tella_protocol,,,,
CatBoost,twi,14.155804223761711,0.0003169367809936,0.0002598349263451,-0.001597364946627,0.0023800496605078,CatBoost,twi,exact_skexplain_tella_protocol,,,,
CatBoost,twi,15.125505355998412,-0.0010146398276031,-0.0011619863961125,-0.0031941458487671,0.0018124725701647,CatBoost,twi,exact_skexplain_tella_protocol,,,,
CatBoost,twi,21.368939542832727,-0.0157212032551672,-0.0156071447416831,-0.0191279680500251,-0.0117932748291001,CatBoost,twi,exact_skexplain_tella_protocol,,,,
TabPFN,twi,4.890553472243416,0.0008618587078956,0.0008301145204115,-0.0008363359628821,0.0025586595292421,TabPFN,twi,cached_local_effect_bootstrap_validated,0.0009046250135092,500.0,20.0,20.0
TabPFN,twi,6.045137182988983,1.04880805440514e-05,-4.31670624260732e-05,-0.0016798926734771,0.0016581053748524,TabPFN,twi,cached_local_effect_bootstrap_validated,4.5941641592798935e-05,500.0,20.0,20.0
TabPFN,twi,6.6976430364391,-0.0005362907553736,-0.0003908892850473,-0.0023278224682398,0.0011219418908048,TabPFN,twi,cached_local_effect_bootstrap_validated,-0.0005032088146159,500.0,20.0,20.0
TabPFN,twi,7.415734379863887,-0.0011967476999799,-0.0012345007763091,-0.0029758913805034,0.0004886130932597,TabPFN,twi,cached_local_effect_bootstrap_validated,-0.0011719791572155,499.0,20.0,20.0
TabPFN,twi,8.23433516953032,-0.0020181570182334,-0.0019985482356642,-0.0035092787784282,-0.0002690190639212,TabPFN,twi,cached_local_effect_bootstrap_validated,-0.0020300672393837,499.0,20.0,20.0
TabPFN,twi,9.053760534989472,-0.0020926815350916,-0.0019837369714166,-0.0036285320969736,-0.0005525974429337,TabPFN,twi,cached_local_effect_bootstrap_validated,-0.002076468833247,502.0,20.0,20.0
TabPFN,twi,9.768972206030458,-0.0020704080249277,-0.0020608031145835,-0.0034349733798,-0.0004891751571146,TabPFN,twi,cached_local_effect_bootstrap_validated,-0.0020558565928418,500.0,20.0,20.0
TabPFN,twi,10.3080925450911,-0.0010743795715541,-0.0011160773940762,-0.0024698091647448,0.0001480159351056,TabPFN,twi,cached_local_effect_bootstrap_validated,-0.001032519231439,500.0,20.0,20.0
TabPFN,twi,10.738965111239969,0.0013426650218551,0.0013768871661915,-0.0002178406104712,0.002553468632612,TabPFN,twi,cached_local_effect_bootstrap_validated,0.0013588973480458,500.0,20.0,20.0
TabPFN,twi,11.125475499740592,0.0025409309194624,0.0025997001536599,0.0012215235713764,0.0036086294314004,TabPFN,twi,cached_local_effect_bootstrap_validated,0.0025341529791425,498.0,20.0,20.0
TabPFN,twi,11.452717917416912,0.0039603920149158,0.0039650226965652,0.0026164379654675,0.0051357010520143,TabPFN,twi,cached_local_effect_bootstrap_validated,0.0039362279159198,501.0,20.0,20.0
TabPFN,twi,11.75129046906949,0.004423248842916,0.0044113896637529,0.0030671355924452,0.0057223296304532,TabPFN,twi,cached_local_effect_bootstrap_validated,0.0043501988503798,501.0,20.0,20.0
TabPFN,twi,12.044839451277198,0.0045949811593372,0.0046095855911302,0.0033457961471081,0.005716608434187,TabPFN,twi,cached_local_effect_bootstrap_validated,0.0044990792768025,494.0,20.0,20.0
TabPFN,twi,12.33717059846797,0.0043787381841597,0.0044268497585984,0.0030491221849888,0.0056770804172241,TabPFN,twi,cached_local_effect_bootstrap_validated,0.004311380088557,479.0,20.0,20.0
TabPFN,twi,12.657359721671192,0.0030983395956873,0.0031514702533771,0.0015957616017803,0.0044554320522462,TabPFN,twi,cached_local_effect_bootstrap_validated,0.003035964905512,520.0,20.0,20.0
TabPFN,twi,13.034634861293371,0.0024817021780627,0.0025031326861553,0.0007724353542751,0.0038413389373259,TabPFN,twi,cached_local_effect_bootstrap_validated,0.0023942879589689,506.0,20.0,20.0
TabPFN,twi,13.52227629932554,0.0011914281798972,0.0011717576014154,-0.0005365648807894,0.0028821164078207,TabPFN,twi,cached_local_effect_bootstrap_validated,0.0011470464479592,498.0,20.0,20.0
TabPFN,twi,14.162679917294838,0.0013564166015275,0.0014439012811046,-0.0004247356065,0.0029172026924102,TabPFN,twi,cached_local_effect_bootstrap_validated,0.001316226024874,503.0,20.0,20.0
TabPFN,twi,15.143582594531082,-0.0003825165288727,-0.0002909579290877,-0.0022059678089146,0.0014272890922314,TabPFN,twi,cached_local_effect_bootstrap_validated,-0.0004081221458087,500.0,20.0,20.0
TabPFN,twi,21.381409665974918,-0.0207927110127688,-0.020976442261442,-0.0246354153802983,-0.0164014643395033,TabPFN,twi,cached_local_effect_bootstrap_validated,-0.0204787532028327,500.0,20.0,20.0
