model,fpr,tpr,threshold
LR,0.0,0.0,inf
LR,0.0,0.0004347826086956522,0.9833559098586308
LR,0.0,0.0052173913043478265,0.9625967222153519
LR,0.0008695652173913044,0.0052173913043478265,0.961533586324833
LR,0.0008695652173913044,0.006521739130434782,0.9605614483345751
LR,0.0013043478260869566,0.006521739130434782,0.9581692773212932
LR,0.0013043478260869566,0.01217391304347826,0.9513966845190664
LR,0.0017391304347826088,0.01217391304347826,0.9504641787913292
LR,0.0017391304347826088,0.013478260869565217,0.9493604206284211
LR,0.002173913043478261,0.013478260869565217,0.948630625411457
LR,0.002173913043478261,0.014782608695652174,0.9466237150960073
LR,0.0026086956521739132,0.014782608695652174,0.9465107636538409
LR,0.0026086956521739132,0.016956521739130436,0.9441146813882433
LR,0.003043478260869565,0.016956521739130436,0.9438105783064212
LR,0.003043478260869565,0.018695652173913044,0.9424853213396933
LR,0.0034782608695652175,0.018695652173913044,0.9422441026940032
LR,0.0034782608695652175,0.02,0.9413196085239107
LR,0.00391304347826087,0.02,0.9408450778456761
LR,0.00391304347826087,0.02434782608695652,0.9357564488469793
LR,0.004347826086956522,0.02434782608695652,0.9346921571314117
LR,0.004347826086956522,0.028695652173913042,0.9292418707420942
LR,0.004782608695652174,0.028695652173913042,0.9286123381116351
LR,0.004782608695652174,0.030434782608695653,0.9251399662011284
LR,0.0052173913043478265,0.030434782608695653,0.9246640884714398
LR,0.0052173913043478265,0.03391304347826087,0.9204965294316624
LR,0.005652173913043478,0.03391304347826087,0.9203063380659429
LR,0.005652173913043478,0.03434782608695652,0.9195849633232762
LR,0.006956521739130435,0.03434782608695652,0.9191876596164318
LR,0.006956521739130435,0.036521739130434785,0.9173787598573675
LR,0.00782608695652174,0.036521739130434785,0.9159730525683166
LR,0.00782608695652174,0.03739130434782609,0.9156244486203233
LR,0.00826086956521739,0.03739130434782609,0.9152567332680639
LR,0.00826086956521739,0.04391304347826087,0.9106780893702705
LR,0.008695652173913044,0.04391304347826087,0.9104632371382202
LR,0.008695652173913044,0.04521739130434783,0.9100411206498104
LR,0.009130434782608696,0.04521739130434783,0.909343699245196
LR,0.009130434782608696,0.04565217391304348,0.9091888609242021
LR,0.009565217391304347,0.04565217391304348,0.9088683213996556
LR,0.009565217391304347,0.04826086956521739,0.9064193332033577
LR,0.01,0.04826086956521739,0.9063248997969318
LR,0.01,0.050434782608695654,0.9051592681614401
LR,0.010434782608695653,0.050434782608695654,0.90466906713996
LR,0.010434782608695653,0.050869565217391305,0.9044768409596012
LR,0.010869565217391304,0.050869565217391305,0.9042573824827344
LR,0.010869565217391304,0.05173913043478261,0.9036975090758153
LR,0.011304347826086957,0.05173913043478261,0.9036371086896953
LR,0.011304347826086957,0.05434782608695652,0.902527834528682
LR,0.011739130434782608,0.05434782608695652,0.9020173221022347
LR,0.011739130434782608,0.05608695652173913,0.901685960275433
LR,0.01217391304347826,0.05608695652173913,0.900451310647339
LR,0.01217391304347826,0.06304347826086956,0.8951551711348352
LR,0.012608695652173913,0.06304347826086956,0.894439383832938
LR,0.012608695652173913,0.06391304347826086,0.8935750387968646
LR,0.013043478260869565,0.06391304347826086,0.8934953892178464
LR,0.013043478260869565,0.06608695652173913,0.8927888668248523
LR,0.013478260869565217,0.06608695652173913,0.8925664986526171
LR,0.013478260869565217,0.06826086956521739,0.8906725744965522
LR,0.01391304347826087,0.06826086956521739,0.8906720944591544
LR,0.01391304347826087,0.07043478260869565,0.8896198920818366
LR,0.014347826086956521,0.07043478260869565,0.8894859004869656
LR,0.014347826086956521,0.07260869565217391,0.8874393056961398
LR,0.014782608695652174,0.07260869565217391,0.8873736845018355
LR,0.014782608695652174,0.07347826086956522,0.8870987785794506
LR,0.015217391304347827,0.07347826086956522,0.8870607592382869
LR,0.015217391304347827,0.07652173913043478,0.8850482813654532
LR,0.01565217391304348,0.07652173913043478,0.8846585204212774
LR,0.01565217391304348,0.07782608695652174,0.8836888298670126
LR,0.01608695652173913,0.07782608695652174,0.8836506277016822
LR,0.01608695652173913,0.0791304347826087,0.8830338973942335
LR,0.01652173913043478,0.0791304347826087,0.8828127341874505
LR,0.01652173913043478,0.08,0.8821579700828946
LR,0.016956521739130436,0.08,0.8819760150004246
LR,0.016956521739130436,0.0808695652173913,0.8816686443178006
LR,0.017391304347826087,0.0808695652173913,0.881648193375783
LR,0.017391304347826087,0.08695652173913043,0.8786435460322862
LR,0.017826086956521738,0.08695652173913043,0.8785066237566558
LR,0.017826086956521738,0.08739130434782609,0.8775084462087396
LR,0.018260869565217393,0.08739130434782609,0.8771957426338943
LR,0.018260869565217393,0.09,0.8753174872780622
LR,0.018695652173913044,0.09,0.8751080395444778
LR,0.018695652173913044,0.09173913043478261,0.8739044712752148
LR,0.019130434782608695,0.09173913043478261,0.87364977798812
LR,0.019130434782608695,0.09913043478260869,0.8697498412857249
LR,0.02,0.09913043478260869,0.8690103108237581
LR,0.02,0.10521739130434783,0.8667098588774852
LR,0.02043478260869565,0.10521739130434783,0.8666031019353122
LR,0.02043478260869565,0.10565217391304348,0.8665587574449812
LR,0.020869565217391306,0.10565217391304348,0.8665494840842137
LR,0.020869565217391306,0.11130434782608696,0.8633749560380766
LR,0.021739130434782608,0.11130434782608696,0.862569938144913
LR,0.021739130434782608,0.11347826086956522,0.8616925994043975
LR,0.02217391304347826,0.11347826086956522,0.8613397612771926
LR,0.02217391304347826,0.11608695652173913,0.8593950347741818
LR,0.022608695652173914,0.11608695652173913,0.8593741927107793
LR,0.022608695652173914,0.11695652173913043,0.8585884049503808
LR,0.023043478260869565,0.11695652173913043,0.8582887755276156
LR,0.023043478260869565,0.12173913043478261,0.8562136809097984
LR,0.023478260869565216,0.12173913043478261,0.8562071603374783
LR,0.023478260869565216,0.12434782608695652,0.8553382777062488
LR,0.02391304347826087,0.12434782608695652,0.8552185150891594
LR,0.02391304347826087,0.12565217391304348,0.8543568043341646
LR,0.02434782608695652,0.12565217391304348,0.8541039590335887
LR,0.02434782608695652,0.12608695652173912,0.8539880900718675
LR,0.024782608695652172,0.12608695652173912,0.8538308831554001
LR,0.024782608695652172,0.12739130434782608,0.8533472532503737
LR,0.025217391304347827,0.12739130434782608,0.853250584812269
LR,0.025217391304347827,0.12782608695652173,0.8528773577741656
LR,0.025652173913043478,0.12782608695652173,0.8523077867001538
LR,0.025652173913043478,0.12956521739130436,0.8511289609028652
LR,0.02608695652173913,0.12956521739130436,0.8509325965406328
LR,0.02608695652173913,0.13260869565217392,0.8502057616658155
LR,0.026521739130434784,0.13260869565217392,0.8501703837979314
LR,0.026521739130434784,0.13304347826086957,0.8500871347605827
LR,0.026956521739130435,0.13304347826086957,0.8498127286449678
LR,0.026956521739130435,0.1334782608695652,0.8496506939578355
LR,0.027391304347826086,0.1334782608695652,0.8494636620635193
LR,0.027391304347826086,0.13521739130434782,0.8482503127779896
LR,0.02782608695652174,0.13521739130434782,0.8482007720365778
LR,0.02782608695652174,0.13652173913043478,0.8478085266693434
LR,0.02826086956521739,0.13652173913043478,0.8477150845900461
LR,0.02826086956521739,0.14173913043478262,0.8467902518096911
LR,0.028695652173913042,0.14173913043478262,0.8465173216069563
LR,0.028695652173913042,0.14304347826086958,0.8463593849178266
LR,0.029130434782608697,0.14304347826086958,0.8463194460318273
LR,0.029130434782608697,0.14347826086956522,0.8461700407777608
LR,0.03,0.14347826086956522,0.8460223516936701
LR,0.03,0.14478260869565218,0.8456174069193036
LR,0.030434782608695653,0.14478260869565218,0.8455877564374215
LR,0.030434782608695653,0.1491304347826087,0.843709998957259
LR,0.030869565217391304,0.1491304347826087,0.8436727592418972
LR,0.030869565217391304,0.1508695652173913,0.8430425115039181
LR,0.03130434782608696,0.1508695652173913,0.8427577071755706
LR,0.03130434782608696,0.15304347826086956,0.8416301498789894
LR,0.03173913043478261,0.15304347826086956,0.8415975574025304
LR,0.03173913043478261,0.15521739130434783,0.8405126313817561
LR,0.03217391304347826,0.15521739130434783,0.8404803587165739
LR,0.03217391304347826,0.15695652173913044,0.8398838465403479
LR,0.03260869565217391,0.15695652173913044,0.839838439450482
LR,0.03260869565217391,0.15782608695652173,0.8397918957135673
LR,0.03304347826086956,0.15782608695652173,0.8397602917192863
LR,0.03304347826086956,0.1582608695652174,0.8397543227818542
LR,0.033478260869565214,0.1582608695652174,0.8397224321873604
LR,0.033478260869565214,0.1608695652173913,0.8391615877937185
LR,0.034782608695652174,0.1608695652173913,0.838187100811749
LR,0.034782608695652174,0.16130434782608696,0.838058613844158
LR,0.035217391304347825,0.16130434782608696,0.8377598848961703
LR,0.035217391304347825,0.16434782608695653,0.8361294655715593
LR,0.035652173913043476,0.16434782608695653,0.8360095188304424
LR,0.035652173913043476,0.16521739130434782,0.8358994734292153
LR,0.03608695652173913,0.16521739130434782,0.8356699089102108
LR,0.03608695652173913,0.16652173913043478,0.8346533496877782
LR,0.03739130434782609,0.16652173913043478,0.8341787212742608
LR,0.03739130434782609,0.16695652173913045,0.8340518432683527
LR,0.03782608695652174,0.16695652173913045,0.8339482418004708
LR,0.03782608695652174,0.1708695652173913,0.8320210692327678
LR,0.03826086956521739,0.1708695652173913,0.8318878082942314
LR,0.03826086956521739,0.17217391304347826,0.8311867277146835
LR,0.0391304347826087,0.17217391304347826,0.830826383680365
LR,0.0391304347826087,0.1743478260869565,0.8293641351958028
LR,0.04,0.1743478260869565,0.8291345041145153
LR,0.04,0.18130434782608695,0.8265183271201589
LR,0.04043478260869565,0.18130434782608695,0.8263270867662851
LR,0.04043478260869565,0.18869565217391304,0.8232600867424512
LR,0.0408695652173913,0.18869565217391304,0.8230540744882663
LR,0.0408695652173913,0.1934782608695652,0.8222986606913126
LR,0.041304347826086954,0.1934782608695652,0.8220731392688171
LR,0.041304347826086954,0.19782608695652174,0.8202755742101018
LR,0.04173913043478261,0.19782608695652174,0.8202280872562913
LR,0.04173913043478261,0.19826086956521738,0.8201889115203882
LR,0.042608695652173914,0.19826086956521738,0.8196779570123163
LR,0.042608695652173914,0.20217391304347826,0.818181619168267
LR,0.043043478260869565,0.20217391304347826,0.8181559109371277
LR,0.043043478260869565,0.20652173913043478,0.8156491648714228
LR,0.043478260869565216,0.20652173913043478,0.8156031744962159
LR,0.043478260869565216,0.22086956521739132,0.8105590442669368
LR,0.04391304347826087,0.22086956521739132,0.810521785116952
LR,0.04391304347826087,0.22130434782608696,0.8101745730486413
LR,0.04434782608695652,0.22130434782608696,0.8100888761994824
LR,0.04434782608695652,0.2217391304347826,0.8099365909218702
LR,0.044782608695652176,0.2217391304347826,0.8099183483598921
LR,0.044782608695652176,0.2252173913043478,0.8087780533982447
LR,0.04521739130434783,0.2252173913043478,0.808770970112789
LR,0.04521739130434783,0.23347826086956522,0.8063792605895959
LR,0.04565217391304348,0.23347826086956522,0.805868899986812
LR,0.04565217391304348,0.23565217391304347,0.8055024034343736
LR,0.04608695652173913,0.23565217391304347,0.8054729527449459
LR,0.04608695652173913,0.2373913043478261,0.8049357614406194
LR,0.04652173913043478,0.2373913043478261,0.8047027532739724
LR,0.04652173913043478,0.2417391304347826,0.8035731696543823
LR,0.04869565217391304,0.2417391304347826,0.8031633806848448
LR,0.04869565217391304,0.2426086956521739,0.8026762053671844
LR,0.049130434782608694,0.2426086956521739,0.8026247670272627
LR,0.049130434782608694,0.24304347826086956,0.8026146860758895
LR,0.05,0.24304347826086956,0.8023493498329002
LR,0.05,0.24434782608695652,0.8021921787795891
LR,0.050869565217391305,0.24434782608695652,0.8020853403053265
LR,0.050869565217391305,0.24869565217391304,0.800337426655588
LR,0.051304347826086956,0.24869565217391304,0.8003178251140537
LR,0.051304347826086956,0.25,0.7993368298219484
LR,0.05173913043478261,0.25,0.7992817567020121
LR,0.05173913043478261,0.25869565217391305,0.7954275567742233
LR,0.05217391304347826,0.25869565217391305,0.7953067533713182
LR,0.05217391304347826,0.2604347826086956,0.7952025411749243
LR,0.05304347826086957,0.2604347826086956,0.794823952292725
LR,0.05304347826086957,0.2608695652173913,0.7948124974839877
LR,0.05347826086956522,0.2608695652173913,0.7946470270234379
LR,0.05347826086956522,0.26565217391304347,0.7931603648623892
LR,0.05391304347826087,0.26565217391304347,0.792995135464809
LR,0.05391304347826087,0.26608695652173914,0.7929340694866112
LR,0.05478260869565217,0.26608695652173914,0.7925316809492503
LR,0.05478260869565217,0.2669565217391304,0.7924787214594072
LR,0.05565217391304348,0.2669565217391304,0.7922678179936904
LR,0.05565217391304348,0.2673913043478261,0.79212561581899
LR,0.05608695652173913,0.2673913043478261,0.7920616963067049
LR,0.05608695652173913,0.2682608695652174,0.7919578904442071
LR,0.05652173913043478,0.2682608695652174,0.7919382317389801
LR,0.05652173913043478,0.26869565217391306,0.7916361702825377
LR,0.056956521739130433,0.26869565217391306,0.7915493246714828
LR,0.056956521739130433,0.2691304347826087,0.7915412570675043
LR,0.057391304347826085,0.2691304347826087,0.7914865208048135
LR,0.057391304347826085,0.27391304347826084,0.79016061315618
LR,0.05782608695652174,0.27391304347826084,0.7899778543794674
LR,0.05782608695652174,0.2743478260869565,0.7898308918261265
LR,0.058260869565217394,0.2743478260869565,0.7897908775905533
LR,0.058260869565217394,0.27695652173913043,0.7888564400602237
LR,0.059130434782608696,0.27695652173913043,0.7887951900015616
LR,0.059130434782608696,0.2773913043478261,0.7886236358151212
LR,0.05956521739130435,0.2773913043478261,0.7884151854402855
LR,0.05956521739130435,0.2782608695652174,0.7882802357073633
LR,0.06,0.2782608695652174,0.7880094196118681
LR,0.06,0.27956521739130435,0.7877860674105327
LR,0.06043478260869565,0.27956521739130435,0.7876705991472875
LR,0.06043478260869565,0.28304347826086956,0.7869521875997985
LR,0.06130434782608696,0.28304347826086956,0.7864954864659436
LR,0.06130434782608696,0.2856521739130435,0.7861184776564283
LR,0.06173913043478261,0.2856521739130435,0.7860346922278633
LR,0.06173913043478261,0.28652173913043477,0.7858940797581132
LR,0.06217391304347826,0.28652173913043477,0.7858360890518947
LR,0.06217391304347826,0.28695652173913044,0.7857650897395074
LR,0.06260869565217392,0.28695652173913044,0.7854930009333162
LR,0.06260869565217392,0.29130434782608694,0.7845365702106225
LR,0.06304347826086956,0.29130434782608694,0.7844781182272872
LR,0.06304347826086956,0.2917391304347826,0.7842700805658543
LR,0.06347826086956522,0.2917391304347826,0.7841028468191763
LR,0.06347826086956522,0.2921739130434783,0.7840631265105391
LR,0.06391304347826086,0.2921739130434783,0.7834514207455654
LR,0.06391304347826086,0.29347826086956524,0.7830312361148705
LR,0.06434782608695652,0.29347826086956524,0.7828036159597099
LR,0.06434782608695652,0.2952173913043478,0.7824423206598013
LR,0.06521739130434782,0.2952173913043478,0.7823959425373582
LR,0.06521739130434782,0.2960869565217391,0.7818828620730628
LR,0.06565217391304348,0.2960869565217391,0.7818822435701883
LR,0.06565217391304348,0.2965217391304348,0.7818778466125915
LR,0.06608695652173913,0.2965217391304348,0.7815553115180734
LR,0.06608695652173913,0.29869565217391303,0.7812646895098728
LR,0.06652173913043478,0.29869565217391303,0.781219461574318
LR,0.06652173913043478,0.30130434782608695,0.7808515282892251
LR,0.06695652173913043,0.30130434782608695,0.7808225725425542
LR,0.06695652173913043,0.3056521739130435,0.7790306416782237
LR,0.06739130434782609,0.3056521739130435,0.7789693187377515
LR,0.06739130434782609,0.31565217391304345,0.777420485622068
LR,0.06782608695652174,0.31565217391304345,0.7774082679775319
LR,0.06782608695652174,0.31782608695652176,0.7756938694981392
LR,0.06869565217391305,0.31782608695652176,0.7755801752598568
LR,0.06869565217391305,0.3226086956521739,0.7740749476183572
LR,0.06956521739130435,0.3226086956521739,0.7740271944577608
LR,0.06956521739130435,0.32521739130434785,0.7737709917684024
LR,0.07,0.32521739130434785,0.7737611005105328
LR,0.07,0.3265217391304348,0.7734727178906432
LR,0.07043478260869565,0.3265217391304348,0.7732582804143447
LR,0.07043478260869565,0.32869565217391306,0.7729436884125328
LR,0.07086956521739131,0.32869565217391306,0.772904831288342
LR,0.07086956521739131,0.3308695652173913,0.7720860756490845
LR,0.07130434782608695,0.3308695652173913,0.7719160025370108
LR,0.07130434782608695,0.33304347826086955,0.7715313078751643
LR,0.07217391304347825,0.33304347826086955,0.7711960448270907
LR,0.07217391304347825,0.3334782608695652,0.7711440665356771
LR,0.07260869565217391,0.3334782608695652,0.7710862057169294
LR,0.07260869565217391,0.3339130434782609,0.7710076437951969
LR,0.07391304347826087,0.3339130434782609,0.7707134419816016
LR,0.07391304347826087,0.3343478260869565,0.7705612544332954
LR,0.07434782608695652,0.3343478260869565,0.7701846748281338
LR,0.07434782608695652,0.3352173913043478,0.7699355560110116
LR,0.07478260869565218,0.3352173913043478,0.7698658819648263
LR,0.07478260869565218,0.33608695652173914,0.7697206326687136
LR,0.07565217391304348,0.33608695652173914,0.7690555910166975
LR,0.07565217391304348,0.34043478260869564,0.7681163698083973
LR,0.07608695652173914,0.34043478260869564,0.7680885161486318
LR,0.07608695652173914,0.34304347826086956,0.7676063073722295
LR,0.07695652173913044,0.34304347826086956,0.7673510838921765
LR,0.07695652173913044,0.34347826086956523,0.7667255327137855
LR,0.07782608695652174,0.34347826086956523,0.7665681166258626
LR,0.07782608695652174,0.35304347826086957,0.7644311021487489
LR,0.0782608695652174,0.35304347826086957,0.7644133415745211
LR,0.0782608695652174,0.358695652173913,0.7632613680378257
LR,0.07869565217391304,0.358695652173913,0.7632138742819023
LR,0.07869565217391304,0.35956521739130437,0.7629105202025858
LR,0.0791304347826087,0.35956521739130437,0.7629062289501038
LR,0.0791304347826087,0.36695652173913046,0.7615761006181161
LR,0.07956521739130434,0.36695652173913046,0.7612578205130546
LR,0.07956521739130434,0.3691304347826087,0.7609186880687993
LR,0.08,0.3691304347826087,0.7607502725995061
LR,0.08,0.3708695652173913,0.7604781891018441
LR,0.08043478260869565,0.3708695652173913,0.7604560090549769
LR,0.08043478260869565,0.37521739130434784,0.759157301127736
LR,0.0808695652173913,0.37521739130434784,0.7589875820252568
LR,0.0808695652173913,0.37565217391304345,0.7589258304075777
LR,0.08130434782608696,0.37565217391304345,0.7589190302710442
LR,0.08130434782608696,0.38130434782608696,0.7571313524714136
LR,0.0817391304347826,0.38130434782608696,0.7569761534446852
LR,0.0817391304347826,0.38608695652173913,0.756026261418251
LR,0.08217391304347826,0.38608695652173913,0.7559636788185116
LR,0.08217391304347826,0.3865217391304348,0.7559053014339445
LR,0.08391304347826087,0.3865217391304348,0.7552251067221818
LR,0.08391304347826087,0.39260869565217393,0.753994588842898
LR,0.08434782608695653,0.39260869565217393,0.7539665596468403
LR,0.08434782608695653,0.4091304347826087,0.749897916974966
LR,0.08478260869565217,0.4091304347826087,0.7498969336551174
LR,0.08478260869565217,0.41,0.7498541491906803
LR,0.08521739130434783,0.41,0.749810046892404
LR,0.08521739130434783,0.4108695652173913,0.7497041888905905
LR,0.08565217391304347,0.4108695652173913,0.749688227249917
LR,0.08565217391304347,0.4152173913043478,0.7489122659673633
LR,0.08695652173913043,0.4152173913043478,0.7480309283084012
LR,0.08695652173913043,0.4165217391304348,0.7477758210714069
LR,0.08739130434782609,0.4165217391304348,0.747685042674735
LR,0.08739130434782609,0.41956521739130437,0.7472617481451526
LR,0.08782608695652173,0.41956521739130437,0.7472238433393561
LR,0.08782608695652173,0.4217391304347826,0.7465785865305887
LR,0.08826086956521739,0.4217391304347826,0.7465685996960233
LR,0.08826086956521739,0.42434782608695654,0.7454032297684766
LR,0.08869565217391304,0.42434782608695654,0.7453721269965349
LR,0.08869565217391304,0.42478260869565215,0.7453002105960012
LR,0.08956521739130435,0.42478260869565215,0.7450592989890527
LR,0.08956521739130435,0.4260869565217391,0.7447302133448367
LR,0.09,0.4260869565217391,0.7447275831607353
LR,0.09,0.42695652173913046,0.7445181128417153
LR,0.09043478260869565,0.42695652173913046,0.744463474002004
LR,0.09043478260869565,0.4308695652173913,0.7438804087752997
LR,0.0908695652173913,0.4308695652173913,0.7438017960676035
LR,0.0908695652173913,0.4317391304347826,0.7435475236763833
LR,0.09130434782608696,0.4317391304347826,0.7434518707387193
LR,0.09130434782608696,0.4326086956521739,0.7432927565790376
LR,0.09173913043478261,0.4326086956521739,0.7431015110386144
LR,0.09173913043478261,0.4330434782608696,0.7429275980741773
LR,0.09217391304347826,0.4330434782608696,0.7428225454114868
LR,0.09217391304347826,0.43434782608695655,0.7426834020545702
LR,0.09260869565217392,0.43434782608695655,0.7426685175935442
LR,0.09260869565217392,0.4369565217391304,0.7420042707520278
LR,0.09304347826086956,0.4369565217391304,0.7419202262440776
LR,0.09304347826086956,0.4373913043478261,0.7417931270164003
LR,0.09347826086956522,0.4373913043478261,0.7417882909822564
LR,0.09347826086956522,0.43956521739130433,0.7412813746969292
LR,0.09391304347826086,0.43956521739130433,0.7410143015225004
LR,0.09391304347826086,0.44173913043478263,0.7407482273417381
LR,0.09434782608695652,0.44173913043478263,0.7406186387972621
LR,0.09434782608695652,0.44304347826086954,0.7401600135775621
LR,0.09478260869565218,0.44304347826086954,0.7401174621393214
LR,0.09478260869565218,0.4439130434782609,0.739668629833698
LR,0.09521739130434782,0.4439130434782609,0.7395441804846236
LR,0.09521739130434782,0.44521739130434784,0.739500807832433
LR,0.09565217391304348,0.44521739130434784,0.7394990482223204
LR,0.09565217391304348,0.4465217391304348,0.7390293043355611
LR,0.09608695652173913,0.4465217391304348,0.7388651748030437
LR,0.09608695652173913,0.4491304347826087,0.7378529607623092
LR,0.09695652173913044,0.4491304347826087,0.737745634072201
LR,0.09695652173913044,0.45130434782608697,0.7369412621067573
LR,0.09739130434782609,0.45130434782608697,0.7369198085612498
LR,0.09739130434782609,0.45695652173913043,0.7342910176532513
LR,0.09826086956521739,0.45695652173913043,0.7341911765029195
LR,0.09826086956521739,0.4573913043478261,0.7341528993649065
LR,0.09869565217391305,0.4573913043478261,0.7339522153580904
LR,0.09869565217391305,0.4578260869565217,0.7339263313023762
LR,0.09956521739130435,0.4578260869565217,0.7337966751435244
LR,0.09956521739130435,0.45956521739130435,0.7334375619523276
LR,0.1,0.45956521739130435,0.733403703874021
LR,0.1,0.4608695652173913,0.7331996265406215
LR,0.10086956521739131,0.4608695652173913,0.7327066078281607
LR,0.10086956521739131,0.46260869565217394,0.7324636756189341
LR,0.10130434782608695,0.46260869565217394,0.7322734943934281
LR,0.10130434782608695,0.46391304347826084,0.7317062119069951
LR,0.10260869565217391,0.46391304347826084,0.7314271776945632
LR,0.10260869565217391,0.4643478260869565,0.7313423409496582
LR,0.10304347826086957,0.4643478260869565,0.7310742157245793
LR,0.10304347826086957,0.46608695652173915,0.7308238423715517
LR,0.10347826086956521,0.46608695652173915,0.7307264225327575
LR,0.10347826086956521,0.46956521739130436,0.7300582504800223
LR,0.10391304347826087,0.46956521739130436,0.730051675501615
LR,0.10391304347826087,0.4743478260869565,0.7281826416756325
LR,0.10434782608695652,0.4743478260869565,0.7281763535136981
LR,0.10434782608695652,0.4752173913043478,0.7280390420052739
LR,0.10521739130434783,0.4752173913043478,0.727910806983841
LR,0.10521739130434783,0.478695652173913,0.7272149436235007
LR,0.10565217391304348,0.478695652173913,0.7270521028362908
LR,0.10565217391304348,0.48043478260869565,0.7268800186683304
LR,0.10695652173913044,0.48043478260869565,0.7268070958917077
LR,0.10695652173913044,0.4817391304347826,0.7260713137343444
LR,0.10782608695652174,0.4817391304347826,0.725777483176566
LR,0.10782608695652174,0.48739130434782607,0.7244793785725411
LR,0.1082608695652174,0.48739130434782607,0.7243394500097268
LR,0.1082608695652174,0.4882608695652174,0.7240446385173602
LR,0.1091304347826087,0.4882608695652174,0.7238625103178686
LR,0.1091304347826087,0.48869565217391303,0.7236029026407758
LR,0.11043478260869566,0.48869565217391303,0.7233639315208306
LR,0.11043478260869566,0.4917391304347826,0.7229500176736757
LR,0.1108695652173913,0.4917391304347826,0.7228424452927285
LR,0.1108695652173913,0.49217391304347824,0.7228273603254896
LR,0.1126086956521739,0.49217391304347824,0.7225993620771527
LR,0.1126086956521739,0.4934782608695652,0.722300864145967
LR,0.11304347826086956,0.4934782608695652,0.7221360763957948
LR,0.11304347826086956,0.49478260869565216,0.7218786838132798
LR,0.11347826086956522,0.49478260869565216,0.7218029126111802
LR,0.11347826086956522,0.4960869565217391,0.7214499577836718
LR,0.11391304347826087,0.4960869565217391,0.72125801869333
LR,0.11391304347826087,0.4965217391304348,0.7208652043484898
LR,0.11434782608695652,0.4965217391304348,0.7208063974715786
LR,0.11434782608695652,0.49826086956521737,0.7204258239945558
LR,0.11478260869565217,0.49826086956521737,0.7202531430518656
LR,0.11478260869565217,0.4991304347826087,0.7200619423343019
LR,0.11521739130434783,0.4991304347826087,0.7199424608895562
LR,0.11521739130434783,0.5039130434782608,0.7180804083945861
LR,0.11565217391304349,0.5039130434782608,0.717887774328872
LR,0.11565217391304349,0.5091304347826087,0.7163901077111064
LR,0.11608695652173913,0.5091304347826087,0.7162094299119138
LR,0.11608695652173913,0.51,0.7160292520722633
LR,0.11652173913043479,0.51,0.7159638144236119
LR,0.11652173913043479,0.5134782608695653,0.714917571645246
LR,0.11695652173913043,0.5134782608695653,0.7148374521910028
LR,0.11695652173913043,0.5152173913043478,0.7145984498065904
LR,0.11739130434782609,0.5152173913043478,0.7145692526475416
LR,0.11739130434782609,0.5165217391304348,0.7141855669283462
LR,0.11782608695652173,0.5165217391304348,0.7140890009830596
LR,0.11782608695652173,0.5182608695652174,0.7138372917138157
LR,0.11826086956521739,0.5182608695652174,0.7138354187689654
LR,0.11826086956521739,0.5230434782608696,0.7127972211490066
LR,0.11869565217391305,0.5230434782608696,0.7127163473903007
LR,0.11869565217391305,0.5247826086956522,0.7121597797511935
LR,0.1191304347826087,0.5247826086956522,0.712113945021903
LR,0.1191304347826087,0.5252173913043479,0.7120833266711535
LR,0.11956521739130435,0.5252173913043479,0.712080262460772
LR,0.11956521739130435,0.5260869565217391,0.711535893507323
LR,0.1208695652173913,0.5260869565217391,0.7112757892700767
LR,0.1208695652173913,0.5265217391304348,0.7111180916663045
LR,0.12130434782608696,0.5265217391304348,0.7110704042539601
LR,0.12130434782608696,0.5269565217391304,0.7108717270572358
LR,0.12173913043478261,0.5269565217391304,0.7108375638479828
LR,0.12173913043478261,0.528695652173913,0.7104542367872487
LR,0.12260869565217392,0.528695652173913,0.7103317483453594
LR,0.12260869565217392,0.5291304347826087,0.7101401211547002
LR,0.12347826086956522,0.5291304347826087,0.7100312169031766
LR,0.12347826086956522,0.5304347826086957,0.709901611275029
LR,0.12434782608695652,0.5304347826086957,0.7092088701153504
LR,0.12434782608695652,0.532608695652174,0.7087055446818838
LR,0.12478260869565218,0.532608695652174,0.7085327143711632
LR,0.12478260869565218,0.5352173913043479,0.707947119688683
LR,0.12521739130434784,0.5352173913043479,0.7078317130245307
LR,0.12521739130434784,0.5365217391304348,0.7069752935994036
LR,0.12565217391304348,0.5365217391304348,0.7069237602561795
LR,0.12565217391304348,0.538695652173913,0.7062706449276874
LR,0.12608695652173912,0.538695652173913,0.7062499469588084
LR,0.12608695652173912,0.5439130434782609,0.7049368880493067
LR,0.12695652173913044,0.5439130434782609,0.7045338991009675
LR,0.12695652173913044,0.5443478260869565,0.7044452227535191
LR,0.12739130434782608,0.5443478260869565,0.7044392478758201
LR,0.12739130434782608,0.5565217391304348,0.7012598862886664
LR,0.12782608695652173,0.5565217391304348,0.7012240372763695
LR,0.12782608695652173,0.5573913043478261,0.7009379556231299
LR,0.1282608695652174,0.5573913043478261,0.7007262797128708
LR,0.1282608695652174,0.558695652173913,0.7002179918488862
LR,0.12869565217391304,0.558695652173913,0.6999901604794748
LR,0.12869565217391304,0.5595652173913044,0.6999132058085977
LR,0.1291304347826087,0.5595652173913044,0.6998209211760059
LR,0.1291304347826087,0.5604347826086956,0.6988571923774128
LR,0.12956521739130436,0.5604347826086956,0.6987229586337705
LR,0.12956521739130436,0.5639130434782609,0.6978357644832098
LR,0.13,0.5639130434782609,0.6977274474676008
LR,0.13,0.5665217391304348,0.6959128797636009
LR,0.13043478260869565,0.5665217391304348,0.6958850498787726
LR,0.13043478260869565,0.5695652173913044,0.6953401110190639
LR,0.1308695652173913,0.5695652173913044,0.6952856516606759
LR,0.1308695652173913,0.57,0.6951790836808448
LR,0.13130434782608696,0.57,0.6949960708112363
LR,0.13130434782608696,0.5708695652173913,0.6948739674376035
LR,0.1317391304347826,0.5708695652173913,0.6948088369247266
LR,0.1317391304347826,0.5730434782608695,0.6940317547957392
LR,0.13217391304347825,0.5730434782608695,0.6939651385915532
LR,0.13217391304347825,0.5756521739130435,0.6929637906315946
LR,0.13304347826086957,0.5756521739130435,0.6928062990992337
LR,0.13304347826086957,0.5765217391304348,0.6924868043870137
LR,0.1334782608695652,0.5765217391304348,0.6923266760401949
LR,0.1334782608695652,0.5782608695652174,0.6920525592402271
LR,0.13391304347826086,0.5782608695652174,0.6918828385638027
LR,0.13391304347826086,0.5791304347826087,0.6917876629555678
LR,0.13478260869565217,0.5791304347826087,0.6909301823478071
LR,0.13478260869565217,0.5795652173913044,0.690825949096704
LR,0.13521739130434782,0.5795652173913044,0.6906690277578789
LR,0.13521739130434782,0.58,0.6906686999742501
LR,0.1356521739130435,0.58,0.6904083747503444
LR,0.1356521739130435,0.5821739130434782,0.6899097068071093
LR,0.13608695652173913,0.5821739130434782,0.6899070482057652
LR,0.13608695652173913,0.5865217391304348,0.6891564198771936
LR,0.13652173913043478,0.5865217391304348,0.689075531341386
LR,0.13652173913043478,0.5869565217391305,0.6883324543496249
LR,0.13695652173913042,0.5869565217391305,0.6883247139637515
LR,0.13695652173913042,0.5960869565217392,0.6854701056619104
LR,0.13782608695652174,0.5960869565217392,0.6853550114025535
LR,0.13782608695652174,0.5969565217391304,0.6851167710815328
LR,0.13826086956521738,0.5969565217391304,0.684679639281084
LR,0.13826086956521738,0.6030434782608696,0.6823837386604557
LR,0.13869565217391305,0.6030434782608696,0.6823533848518718
LR,0.13869565217391305,0.6052173913043478,0.6819220137798189
LR,0.1391304347826087,0.6052173913043478,0.6818067531501276
LR,0.1391304347826087,0.6073913043478261,0.6810913088546453
LR,0.13956521739130434,0.6073913043478261,0.6809253117516307
LR,0.13956521739130434,0.6091304347826086,0.6806363400623603
LR,0.14,0.6091304347826086,0.6806153239297461
LR,0.14,0.6108695652173913,0.6804704427456617
LR,0.14043478260869566,0.6108695652173913,0.6804695113105971
LR,0.14043478260869566,0.611304347826087,0.6804234300392528
LR,0.1408695652173913,0.611304347826087,0.6803754449671939
LR,0.1408695652173913,0.6121739130434782,0.6800513632267224
LR,0.14130434782608695,0.6121739130434782,0.6800029737316571
LR,0.14130434782608695,0.6134782608695653,0.679578548954356
LR,0.14217391304347826,0.6134782608695653,0.678661150599311
LR,0.14217391304347826,0.6160869565217392,0.6777651936902018
LR,0.1426086956521739,0.6160869565217392,0.6777094031277687
LR,0.1426086956521739,0.6182608695652174,0.6770401337684705
LR,0.14304347826086958,0.6182608695652174,0.676895949128975
LR,0.14304347826086958,0.6191304347826087,0.6763887764036214
LR,0.14391304347826087,0.6191304347826087,0.6762026738962307
LR,0.14391304347826087,0.6265217391304347,0.6746602234997772
LR,0.1443478260869565,0.6265217391304347,0.6744279203555025
LR,0.1443478260869565,0.6282608695652174,0.6737510681798555
LR,0.14565217391304347,0.6282608695652174,0.6730847035756268
LR,0.14565217391304347,0.628695652173913,0.6725281666071526
LR,0.14608695652173914,0.628695652173913,0.672508595424436
LR,0.14608695652173914,0.6308695652173913,0.6721933911807252
LR,0.14652173913043479,0.6308695652173913,0.6721658585496926
LR,0.14652173913043479,0.6326086956521739,0.6717396287096591
LR,0.14695652173913043,0.6326086956521739,0.6717040652196078
LR,0.14695652173913043,0.6334782608695653,0.6714722115540651
LR,0.14739130434782607,0.6334782608695653,0.6712822556435492
LR,0.14739130434782607,0.6352173913043478,0.6706650617653555
LR,0.1482608695652174,0.6352173913043478,0.6706160944201587
LR,0.1482608695652174,0.6369565217391304,0.6699094112130421
LR,0.14869565217391303,0.6369565217391304,0.6697002592245477
LR,0.14869565217391303,0.6417391304347826,0.6681793445812118
LR,0.15043478260869564,0.6417391304347826,0.667756240067967
LR,0.15043478260869564,0.6443478260869565,0.6671925226326415
LR,0.1517391304347826,0.6443478260869565,0.6667667804792543
LR,0.1517391304347826,0.6452173913043479,0.6666056522552668
LR,0.15260869565217391,0.6452173913043479,0.6665889802240673
LR,0.15260869565217391,0.6456521739130435,0.6664822133809107
LR,0.15304347826086956,0.6456521739130435,0.6664793687456957
LR,0.15304347826086956,0.6460869565217391,0.6663886595741108
LR,0.15347826086956523,0.6460869565217391,0.6663812498459332
LR,0.15347826086956523,0.65,0.6653599026277728
LR,0.15391304347826087,0.65,0.6651495112759698
LR,0.15391304347826087,0.6504347826086957,0.6649384246611887
LR,0.15434782608695652,0.6504347826086957,0.6648489869823868
LR,0.15434782608695652,0.6560869565217391,0.6621681488406062
LR,0.15478260869565216,0.6560869565217391,0.6617026504096486
LR,0.15478260869565216,0.6591304347826087,0.6608094886448159
LR,0.15521739130434783,0.6591304347826087,0.66063598611812
LR,0.15521739130434783,0.66,0.6601000535250304
LR,0.1565217391304348,0.66,0.6595485223946533
LR,0.1565217391304348,0.6604347826086957,0.6594201594794863
LR,0.15695652173913044,0.6604347826086957,0.6591586685376358
LR,0.15695652173913044,0.6613043478260869,0.6590609068754639
LR,0.15782608695652173,0.6613043478260869,0.6588642544316824
LR,0.15782608695652173,0.6621739130434783,0.6587105193046588
LR,0.1582608695652174,0.6621739130434783,0.6583805401404735
LR,0.1582608695652174,0.6647826086956522,0.6579844490926293
LR,0.15869565217391304,0.6647826086956522,0.6577791028871425
LR,0.15869565217391304,0.6660869565217391,0.6575891414136528
LR,0.1591304347826087,0.6660869565217391,0.657354099674345
LR,0.1591304347826087,0.668695652173913,0.6565758001053077
LR,0.15956521739130436,0.668695652173913,0.6564999194292647
LR,0.15956521739130436,0.6756521739130434,0.6548147453542734
LR,0.16,0.6756521739130434,0.6547396713146985
LR,0.16,0.6791304347826087,0.6536531572787443
LR,0.1617391304347826,0.6791304347826087,0.6530519576545016
LR,0.1617391304347826,0.681304347826087,0.6521139044279466
LR,0.16217391304347825,0.681304347826087,0.6521087556378754
LR,0.16217391304347825,0.6830434782608695,0.6514493289344385
LR,0.16260869565217392,0.6830434782608695,0.6514238300960761
LR,0.16260869565217392,0.6839130434782609,0.6514043760634596
LR,0.16304347826086957,0.6839130434782609,0.6512581601793647
LR,0.16304347826086957,0.6852173913043478,0.6508306344708881
LR,0.1634782608695652,0.6852173913043478,0.6507243586041753
LR,0.1634782608695652,0.6860869565217391,0.6504188431424318
LR,0.16478260869565217,0.6860869565217391,0.6497125602692096
LR,0.16478260869565217,0.6878260869565217,0.6490097474435882
LR,0.16608695652173913,0.6878260869565217,0.6489377169806696
LR,0.16608695652173913,0.688695652173913,0.6485619189831902
LR,0.16652173913043478,0.688695652173913,0.6484973490723729
LR,0.16652173913043478,0.6891304347826087,0.6483903121501339
LR,0.16695652173913045,0.6891304347826087,0.648240120186202
LR,0.16695652173913045,0.691304347826087,0.6475619568769143
LR,0.1673913043478261,0.691304347826087,0.6473916446407676
LR,0.1673913043478261,0.6917391304347826,0.6472579818035137
LR,0.16826086956521738,0.6917391304347826,0.6472229158574264
LR,0.16826086956521738,0.6939130434782609,0.6465073196830706
LR,0.16869565217391305,0.6939130434782609,0.6462385612150447
LR,0.16869565217391305,0.6952173913043478,0.6457635409358425
LR,0.16956521739130434,0.6952173913043478,0.6456814891063608
LR,0.16956521739130434,0.6965217391304348,0.6454696699293376
LR,0.17,0.6965217391304348,0.645392344667924
LR,0.17,0.697391304347826,0.6452460524781808
LR,0.17043478260869566,0.697391304347826,0.6447555994246125
LR,0.17043478260869566,0.7,0.6438211245529828
LR,0.1708695652173913,0.7,0.6437536582428741
LR,0.1708695652173913,0.701304347826087,0.6434950455159889
LR,0.17130434782608694,0.701304347826087,0.6433197288971185
LR,0.17130434782608694,0.7026086956521739,0.6427649632411314
LR,0.1726086956521739,0.7026086956521739,0.6426026405894583
LR,0.1726086956521739,0.7039130434782609,0.6420609198921119
LR,0.17304347826086958,0.7039130434782609,0.641902401542308
LR,0.17304347826086958,0.7065217391304348,0.6413906740145262
LR,0.17347826086956522,0.7065217391304348,0.641341059107761
LR,0.17347826086956522,0.7082608695652174,0.6397332336572265
LR,0.17391304347826086,0.7082608695652174,0.6396496453621887
LR,0.17391304347826086,0.7095652173913043,0.6391794781747346
LR,0.1743478260869565,0.7095652173913043,0.6391190311720709
LR,0.1743478260869565,0.7104347826086956,0.6386761609042061
LR,0.17478260869565218,0.7104347826086956,0.6386453228756432
LR,0.17478260869565218,0.7108695652173913,0.6383185186827863
LR,0.17521739130434782,0.7108695652173913,0.6382945442122258
LR,0.17521739130434782,0.711304347826087,0.6382401398181885
LR,0.17565217391304347,0.711304347826087,0.6379868196723146
LR,0.17565217391304347,0.7121739130434782,0.6372823858083215
LR,0.17608695652173914,0.7121739130434782,0.6370947771531282
LR,0.17608695652173914,0.7156521739130435,0.635697317666265
LR,0.17695652173913043,0.7156521739130435,0.6351110630014968
LR,0.17695652173913043,0.7165217391304348,0.6350629547615582
LR,0.17739130434782607,0.7165217391304348,0.6349395404590545
LR,0.17739130434782607,0.7169565217391304,0.6345881371571965
LR,0.17782608695652175,0.7169565217391304,0.6345691697112454
LR,0.17782608695652175,0.7191304347826087,0.6331698841123526
LR,0.1782608695652174,0.7191304347826087,0.6330969835802585
LR,0.1782608695652174,0.7208695652173913,0.6323868700837509
LR,0.17869565217391303,0.7208695652173913,0.6323627610075777
LR,0.17869565217391303,0.721304347826087,0.6315777308803131
LR,0.1791304347826087,0.721304347826087,0.6314262735967513
LR,0.1791304347826087,0.7252173913043478,0.6298611316180532
LR,0.18,0.7252173913043478,0.6295292404051138
LR,0.18,0.7260869565217392,0.629065213458844
LR,0.18043478260869567,0.7260869565217392,0.6290539636241855
LR,0.18043478260869567,0.7278260869565217,0.6284635249401824
LR,0.18217391304347827,0.7278260869565217,0.6282997354568634
LR,0.18217391304347827,0.7282608695652174,0.6281385330160493
LR,0.1826086956521739,0.7282608695652174,0.6280054049421646
LR,0.1826086956521739,0.7308695652173913,0.6266752216036552
LR,0.18304347826086956,0.7308695652173913,0.626488046274136
LR,0.18304347826086956,0.7317391304347826,0.6260239244085886
LR,0.18347826086956523,0.7317391304347826,0.6258193925993704
LR,0.18347826086956523,0.7326086956521739,0.6257511633112235
LR,0.18391304347826087,0.7326086956521739,0.6253688915347013
LR,0.18391304347826087,0.7339130434782609,0.624929585317905
LR,0.18434782608695652,0.7339130434782609,0.6248057530865428
LR,0.18434782608695652,0.7347826086956522,0.6243386217945226
LR,0.18478260869565216,0.7347826086956522,0.6236657901817391
LR,0.18478260869565216,0.7352173913043478,0.6236079767546526
LR,0.18521739130434783,0.7352173913043478,0.6233511184401419
LR,0.18521739130434783,0.7373913043478261,0.6220642020606684
LR,0.18565217391304348,0.7373913043478261,0.622045630082266
LR,0.18565217391304348,0.7378260869565217,0.6220377491415096
LR,0.18608695652173912,0.7378260869565217,0.621582240622098
LR,0.18608695652173912,0.7391304347826086,0.6205781859965763
LR,0.1865217391304348,0.7391304347826086,0.6204895340093642
LR,0.1865217391304348,0.741304347826087,0.6201967773768271
LR,0.18695652173913044,0.741304347826087,0.6200892722247991
LR,0.18695652173913044,0.7434782608695653,0.6191183683038008
LR,0.18739130434782608,0.7434782608695653,0.6191158262068239
LR,0.18739130434782608,0.7439130434782608,0.619035877136154
LR,0.1882608695652174,0.7439130434782608,0.6188442109889933
LR,0.1882608695652174,0.7452173913043478,0.6184878593132153
LR,0.18869565217391304,0.7452173913043478,0.6182043810165028
LR,0.18869565217391304,0.7460869565217392,0.6177611498603826
LR,0.19,0.7460869565217392,0.6175860505014302
LR,0.19,0.7465217391304347,0.6175000665745626
LR,0.19043478260869565,0.7465217391304347,0.6174653439577995
LR,0.19043478260869565,0.7491304347826087,0.617026241977596
LR,0.19086956521739132,0.7491304347826087,0.6168723860585527
LR,0.19086956521739132,0.75,0.6165505914995795
LR,0.19130434782608696,0.75,0.6161014217789108
LR,0.19130434782608696,0.7508695652173913,0.6156399320400849
LR,0.1917391304347826,0.7508695652173913,0.6150555388826595
LR,0.1917391304347826,0.7513043478260869,0.6150461339970932
LR,0.1934782608695652,0.7513043478260869,0.6141612912576255
LR,0.1934782608695652,0.7526086956521739,0.6136226415957686
LR,0.19391304347826088,0.7526086956521739,0.6134756816964184
LR,0.19391304347826088,0.7534782608695653,0.6129173878665226
LR,0.19478260869565217,0.7534782608695653,0.6128309364137302
LR,0.19478260869565217,0.7539130434782608,0.6127959717587794
LR,0.1956521739130435,0.7539130434782608,0.6126356834967881
LR,0.1956521739130435,0.7573913043478261,0.6117854156004948
LR,0.19608695652173913,0.7573913043478261,0.6116655264230463
LR,0.19608695652173913,0.7578260869565218,0.6114310152351753
LR,0.19652173913043477,0.7578260869565218,0.61121494603757
LR,0.19652173913043477,0.758695652173913,0.6109092762824214
LR,0.19782608695652174,0.758695652173913,0.609466149065556
LR,0.19782608695652174,0.76,0.6089228671052914
LR,0.19826086956521738,0.76,0.6086009729125494
LR,0.19826086956521738,0.7604347826086957,0.6079348109568845
LR,0.19869565217391305,0.7604347826086957,0.6079333497473176
LR,0.19869565217391305,0.7608695652173914,0.6078018970359842
LR,0.1991304347826087,0.7608695652173914,0.6077576893472018
LR,0.1991304347826087,0.7617391304347826,0.6071334468112582
LR,0.19956521739130434,0.7617391304347826,0.6069897020714247
LR,0.19956521739130434,0.7626086956521739,0.6067813085094808
LR,0.20043478260869566,0.7626086956521739,0.6067488338695789
LR,0.20043478260869566,0.7634782608695653,0.6061048856547347
LR,0.20130434782608694,0.7634782608695653,0.6059687185975678
LR,0.20130434782608694,0.7665217391304348,0.6041624316473256
LR,0.20173913043478262,0.7665217391304348,0.6037373752614669
LR,0.20173913043478262,0.768695652173913,0.6032800019483778
LR,0.20391304347826086,0.768695652173913,0.6021020769669234
LR,0.20391304347826086,0.77,0.6015066873652676
LR,0.20434782608695654,0.77,0.6010103656625684
LR,0.20434782608695654,0.7708695652173913,0.6007994303813525
LR,0.20608695652173914,0.7708695652173913,0.6001005531554745
LR,0.20608695652173914,0.7717391304347826,0.5995940663728527
LR,0.20652173913043478,0.7717391304347826,0.5988155522584402
LR,0.20652173913043478,0.7743478260869565,0.5981826521798849
LR,0.2073913043478261,0.7743478260869565,0.5980643788737897
LR,0.2073913043478261,0.7752173913043479,0.5974562847052336
LR,0.2091304347826087,0.7752173913043479,0.5960251789687636
LR,0.2091304347826087,0.7756521739130435,0.5959524324422302
LR,0.21043478260869566,0.7756521739130435,0.5953439580917059
LR,0.21043478260869566,0.7769565217391304,0.5950384064570299
LR,0.2108695652173913,0.7769565217391304,0.5948070171647443
LR,0.2108695652173913,0.7778260869565218,0.5939830137960789
LR,0.21130434782608695,0.7778260869565218,0.593930852576541
LR,0.21130434782608695,0.7782608695652173,0.5935506707787305
LR,0.2126086956521739,0.7782608695652173,0.5928469188056489
LR,0.2126086956521739,0.7791304347826087,0.5924734803224082
LR,0.21304347826086956,0.7791304347826087,0.5922457559537706
LR,0.21304347826086956,0.7795652173913044,0.5920685471474008
LR,0.21391304347826087,0.7795652173913044,0.5918359842706616
LR,0.21391304347826087,0.7808695652173913,0.5909286906098884
LR,0.21434782608695652,0.7808695652173913,0.5905449371309583
LR,0.21434782608695652,0.782608695652174,0.5899909425009745
LR,0.21478260869565216,0.782608695652174,0.5898992860732605
LR,0.21478260869565216,0.7834782608695652,0.5895660466442272
LR,0.21521739130434783,0.7834782608695652,0.5894872345736052
LR,0.21521739130434783,0.7852173913043479,0.5869703947448212
LR,0.21782608695652175,0.7852173913043479,0.5865212556274465
LR,0.21782608695652175,0.7856521739130434,0.5864833749633291
LR,0.21869565217391304,0.7856521739130434,0.5863717659346432
LR,0.21869565217391304,0.7869565217391304,0.5861925809559488
LR,0.21913043478260869,0.7869565217391304,0.5856781725788488
LR,0.21913043478260869,0.7873913043478261,0.5856301035063944
LR,0.22,0.7873913043478261,0.5853887162217115
LR,0.22,0.7878260869565218,0.5847437105878883
LR,0.22043478260869565,0.7878260869565218,0.5844696319917445
LR,0.22043478260869565,0.788695652173913,0.5841798345578672
LR,0.22086956521739132,0.788695652173913,0.5840662433357553
LR,0.22086956521739132,0.7891304347826087,0.5839896195516445
LR,0.2217391304347826,0.7891304347826087,0.5836571631183107
LR,0.2217391304347826,0.7895652173913044,0.5834252771646349
LR,0.22304347826086957,0.7895652173913044,0.5818384088170093
LR,0.22304347826086957,0.7908695652173913,0.580290329596222
LR,0.2234782608695652,0.7908695652173913,0.5801330863623846
LR,0.2234782608695652,0.7921739130434783,0.5800063210747727
LR,0.22391304347826088,0.7921739130434783,0.5799250197830608
LR,0.22391304347826088,0.792608695652174,0.5798449216376537
LR,0.2252173913043478,0.792608695652174,0.5792469109250571
LR,0.2252173913043478,0.7939130434782609,0.5784606419105104
LR,0.22565217391304349,0.7939130434782609,0.5784571583133555
LR,0.22565217391304349,0.7943478260869565,0.5782601186383741
LR,0.22608695652173913,0.7943478260869565,0.577667945919053
LR,0.22608695652173913,0.7952173913043479,0.5775121832879755
LR,0.22652173913043477,0.7952173913043479,0.5774827869829853
LR,0.22652173913043477,0.7956521739130434,0.5774756740626114
LR,0.2273913043478261,0.7956521739130434,0.5760989697090395
LR,0.2273913043478261,0.7960869565217391,0.5760978940199837
LR,0.22826086956521738,0.7960869565217391,0.5760772418270846
LR,0.22826086956521738,0.798695652173913,0.5745793191228763
LR,0.22869565217391305,0.798695652173913,0.574456735421258
LR,0.22869565217391305,0.7991304347826087,0.5741087872718342
LR,0.22956521739130434,0.7991304347826087,0.5738682471780744
LR,0.22956521739130434,0.8,0.5736059653899906
LR,0.23043478260869565,0.8,0.573482975963817
LR,0.23043478260869565,0.8004347826086956,0.5734525480581169
LR,0.23130434782608697,0.8004347826086956,0.5731071396420866
LR,0.23130434782608697,0.8008695652173913,0.5730214054870366
LR,0.23304347826086957,0.8008695652173913,0.5722276889778657
LR,0.23304347826086957,0.801304347826087,0.5719942082614692
LR,0.23347826086956522,0.801304347826087,0.5715333848423024
LR,0.23347826086956522,0.802608695652174,0.5700533762903576
LR,0.23565217391304347,0.802608695652174,0.5691172710422124
LR,0.23565217391304347,0.8030434782608695,0.5688129983661946
LR,0.23608695652173914,0.8030434782608695,0.5688037683286042
LR,0.23608695652173914,0.8034782608695652,0.5680913055222275
LR,0.23652173913043478,0.8034782608695652,0.5680237859457047
LR,0.23652173913043478,0.8039130434782609,0.5677839034995155
LR,0.23695652173913043,0.8039130434782609,0.5672021068602452
LR,0.23695652173913043,0.8043478260869565,0.5665931550153885
LR,0.2373913043478261,0.8043478260869565,0.5665892575266104
LR,0.2373913043478261,0.8056521739130434,0.5652612373237091
LR,0.23782608695652174,0.8056521739130434,0.5649631911198597
LR,0.23782608695652174,0.8060869565217391,0.5649378214499986
LR,0.23869565217391303,0.8060869565217391,0.5646985220841023
LR,0.23869565217391303,0.8065217391304348,0.5646960173252205
LR,0.23956521739130435,0.8065217391304348,0.5645413371872341
LR,0.23956521739130435,0.8073913043478261,0.5642610283080041
LR,0.24043478260869566,0.8073913043478261,0.5631713211401113
LR,0.24043478260869566,0.8082608695652174,0.5627907388544767
LR,0.2408695652173913,0.8082608695652174,0.5626992256239832
LR,0.2408695652173913,0.808695652173913,0.5624414447197914
LR,0.24130434782608695,0.808695652173913,0.5622675237799819
LR,0.24130434782608695,0.8108695652173913,0.5615828090840528
LR,0.2426086956521739,0.8108695652173913,0.5612044355300153
LR,0.2426086956521739,0.8134782608695652,0.5579412788395881
LR,0.24304347826086956,0.8134782608695652,0.5579155453646436
LR,0.24304347826086956,0.8139130434782609,0.5578995673357393
LR,0.24347826086956523,0.8139130434782609,0.5576232427170033
LR,0.24347826086956523,0.8152173913043478,0.5565387739091734
LR,0.24434782608695652,0.8152173913043478,0.5561897293673483
LR,0.24434782608695652,0.8165217391304348,0.5557078688510577
LR,0.2447826086956522,0.8165217391304348,0.5555817342495754
LR,0.2447826086956522,0.8173913043478261,0.5548263711482294
LR,0.24521739130434783,0.8173913043478261,0.5547532218210488
LR,0.24521739130434783,0.8178260869565217,0.5543709311676961
LR,0.24739130434782608,0.8178260869565217,0.5535599734157638
LR,0.24739130434782608,0.8191304347826087,0.5530497313706432
LR,0.24782608695652175,0.8191304347826087,0.5526596020187962
LR,0.24782608695652175,0.8204347826086956,0.551641981519706
LR,0.24869565217391304,0.8204347826086956,0.5514799145654959
LR,0.24869565217391304,0.8208695652173913,0.5513370788173358
LR,0.24956521739130436,0.8208695652173913,0.5507839436231551
LR,0.24956521739130436,0.821304347826087,0.5507392318560659
LR,0.25,0.821304347826087,0.5503077527126192
LR,0.25,0.8239130434782609,0.5485334895980956
LR,0.25043478260869567,0.8239130434782609,0.5483172760249702
LR,0.25043478260869567,0.8260869565217391,0.5464704121150717
LR,0.2508695652173913,0.8260869565217391,0.5464031920574393
LR,0.2508695652173913,0.8265217391304348,0.5459134413679222
LR,0.25130434782608696,0.8265217391304348,0.5448589894557437
LR,0.25130434782608696,0.8282608695652174,0.5443614449761709
LR,0.25173913043478263,0.8282608695652174,0.5443169242998614
LR,0.25173913043478263,0.8291304347826087,0.5433994499178267
LR,0.2534782608695652,0.8291304347826087,0.542562583103766
LR,0.2534782608695652,0.83,0.5417806216459208
LR,0.2543478260869565,0.83,0.5416130883312732
LR,0.2543478260869565,0.831304347826087,0.5409310601892001
LR,0.25478260869565217,0.831304347826087,0.5407604059596485
LR,0.25478260869565217,0.8339130434782609,0.539314411443211
LR,0.25565217391304346,0.8339130434782609,0.5392413119804988
LR,0.25565217391304346,0.8352173913043478,0.5375949370089387
LR,0.25608695652173913,0.8352173913043478,0.5375075579278557
LR,0.25608695652173913,0.8356521739130435,0.5369372610111889
LR,0.2569565217391304,0.8356521739130435,0.536023799169363
LR,0.2569565217391304,0.8365217391304348,0.5347936175256573
LR,0.25782608695652176,0.8365217391304348,0.5342256107331037
LR,0.25782608695652176,0.8382608695652174,0.5336143208391306
LR,0.2582608695652174,0.8382608695652174,0.533430756843166
LR,0.2582608695652174,0.8386956521739131,0.5328079241757335
LR,0.25869565217391305,0.8386956521739131,0.5323923575052345
LR,0.25869565217391305,0.8391304347826087,0.5311798199524906
LR,0.2591304347826087,0.8391304347826087,0.5309646960588325
LR,0.2591304347826087,0.84,0.5296691604056927
LR,0.2604347826086956,0.84,0.5289825820556815
LR,0.2604347826086956,0.8404347826086956,0.5288872888320799
LR,0.2608695652173913,0.8404347826086956,0.527938180030184
LR,0.2608695652173913,0.8408695652173913,0.5271470178596493
LR,0.26130434782608697,0.8408695652173913,0.5269397138159267
LR,0.26130434782608697,0.841304347826087,0.5262351096662512
LR,0.26217391304347826,0.841304347826087,0.5259258172061619
LR,0.26217391304347826,0.8426086956521739,0.5241857315305888
LR,0.26260869565217393,0.8426086956521739,0.5241488448399103
LR,0.26260869565217393,0.8447826086956521,0.5226473057087611
LR,0.2639130434782609,0.8447826086956521,0.5221422397804355
LR,0.2639130434782609,0.8452173913043478,0.5217472655389467
LR,0.2643478260869565,0.8452173913043478,0.5214061200254825
LR,0.2643478260869565,0.8465217391304348,0.5210212746963848
LR,0.2647826086956522,0.8465217391304348,0.5208527679244516
LR,0.2647826086956522,0.8473913043478261,0.5204558877485135
LR,0.26565217391304347,0.8473913043478261,0.5200780574911105
LR,0.26565217391304347,0.8486956521739131,0.5195070133367277
LR,0.2665217391304348,0.8486956521739131,0.519226587028884
LR,0.2665217391304348,0.85,0.5181908306968676
LR,0.2669565217391304,0.85,0.5180990264770532
LR,0.2669565217391304,0.8504347826086956,0.5180582948631406
LR,0.2678260869565217,0.8504347826086956,0.5173634543949954
LR,0.2678260869565217,0.8508695652173913,0.5169641970249969
LR,0.2682608695652174,0.8508695652173913,0.5166507457320575
LR,0.2682608695652174,0.851304347826087,0.5165546376760862
LR,0.2691304347826087,0.851304347826087,0.5160027768964996
LR,0.2691304347826087,0.8517391304347826,0.514228065140526
LR,0.27043478260869563,0.8517391304347826,0.5130654451465285
LR,0.27043478260869563,0.8526086956521739,0.5129214251111694
LR,0.2708695652173913,0.8526086956521739,0.5121344676628676
LR,0.2708695652173913,0.8534782608695652,0.5118238775864181
LR,0.2717391304347826,0.8534782608695652,0.5105240038693548
LR,0.2717391304347826,0.8543478260869565,0.5098557136528312
LR,0.27217391304347827,0.8543478260869565,0.5098498059300733
LR,0.27217391304347827,0.8560869565217392,0.5090800553345914
LR,0.27260869565217394,0.8560869565217392,0.5090213626654254
LR,0.27260869565217394,0.8569565217391304,0.5084306286032545
LR,0.2734782608695652,0.8569565217391304,0.5079813166166429
LR,0.2734782608695652,0.8573913043478261,0.5074454696691761
LR,0.2747826086956522,0.8573913043478261,0.5067859639857472
LR,0.2747826086956522,0.8591304347826086,0.5049358151511939
LR,0.27608695652173915,0.8591304347826086,0.5039607790621613
LR,0.27608695652173915,0.8595652173913043,0.5038619875069902
LR,0.27652173913043476,0.8595652173913043,0.5038526135848034
LR,0.27652173913043476,0.8604347826086957,0.5031345755068637
LR,0.2773913043478261,0.8604347826086957,0.5021123612559198
LR,0.2773913043478261,0.8608695652173913,0.5020514769453598
LR,0.2778260869565217,0.8608695652173913,0.5011800497055678
LR,0.2778260869565217,0.861304347826087,0.5000370812207315
LR,0.2782608695652174,0.861304347826087,0.4990374194175743
LR,0.2782608695652174,0.8617391304347826,0.4989046360282099
LR,0.27869565217391307,0.8617391304347826,0.49889790789523847
LR,0.27869565217391307,0.8621739130434782,0.4982791512032292
LR,0.27956521739130435,0.8621739130434782,0.49787291450763693
LR,0.27956521739130435,0.8630434782608696,0.4973431391501301
LR,0.2808695652173913,0.8630434782608696,0.4956811611624105
LR,0.2808695652173913,0.8639130434782609,0.4955354555971401
LR,0.2817391304347826,0.8639130434782609,0.4954156860443678
LR,0.2817391304347826,0.8665217391304347,0.49108158505490845
LR,0.2826086956521739,0.8665217391304347,0.49006794770418405
LR,0.2826086956521739,0.8669565217391304,0.4899670024002028
LR,0.28304347826086956,0.8669565217391304,0.4891689786658698
LR,0.28304347826086956,0.8673913043478261,0.4888138968783982
LR,0.28347826086956524,0.8673913043478261,0.4887293682569188
LR,0.28347826086956524,0.8708695652173913,0.48715199294709965
LR,0.28391304347826085,0.8708695652173913,0.4870726017062135
LR,0.28391304347826085,0.871304347826087,0.4867238707925097
LR,0.2856521739130435,0.871304347826087,0.4844298755399519
LR,0.2856521739130435,0.8717391304347826,0.48431605639139286
LR,0.28695652173913044,0.8717391304347826,0.4832742375924251
LR,0.28695652173913044,0.8721739130434782,0.4832163187584677
LR,0.28782608695652173,0.8721739130434782,0.4825956192808567
LR,0.28782608695652173,0.8743478260869565,0.48186835794323185
LR,0.2882608695652174,0.8743478260869565,0.4815285286548918
LR,0.2882608695652174,0.8756521739130435,0.47970639036155366
LR,0.2891304347826087,0.8756521739130435,0.4783284280349938
LR,0.2891304347826087,0.8765217391304347,0.47754030593461777
LR,0.29,0.8765217391304347,0.47729451558239455
LR,0.29,0.8769565217391304,0.4770614112177829
LR,0.2908695652173913,0.8769565217391304,0.4760993700222418
LR,0.2908695652173913,0.88,0.4746143468589317
LR,0.2921739130434783,0.88,0.4732072697374836
LR,0.2921739130434783,0.8804347826086957,0.4723815399751455
LR,0.29391304347826086,0.8804347826086957,0.468831864526079
LR,0.29391304347826086,0.8808695652173913,0.4686193007397236
LR,0.29434782608695653,0.8808695652173913,0.46816096712881244
LR,0.29434782608695653,0.8813043478260869,0.46770091435197136
LR,0.2952173913043478,0.8813043478260869,0.4674516151496156
LR,0.2952173913043478,0.8817391304347826,0.4671050910379725
LR,0.2956521739130435,0.8817391304347826,0.46691385871301944
LR,0.2956521739130435,0.8821739130434783,0.4666639507226956
LR,0.2965217391304348,0.8821739130434783,0.4655493095890329
LR,0.2965217391304348,0.8834782608695653,0.46523865116772156
LR,0.29869565217391303,0.8834782608695653,0.4634921701295473
LR,0.29869565217391303,0.8843478260869565,0.4634128218540318
LR,0.2991304347826087,0.8843478260869565,0.46323604318546374
LR,0.2991304347826087,0.8856521739130435,0.46241624848241086
LR,0.3,0.8856521739130435,0.46106543810154876
LR,0.3,0.8869565217391304,0.4601651917307765
LR,0.3008695652173913,0.8869565217391304,0.4599968297842169
LR,0.3008695652173913,0.8878260869565218,0.4597077087457238
LR,0.3017391304347826,0.8878260869565218,0.4593960760801573
LR,0.3017391304347826,0.8882608695652174,0.45902201581952706
LR,0.30478260869565216,0.8882608695652174,0.45522299712238357
LR,0.30478260869565216,0.8891304347826087,0.4545534797992206
LR,0.30521739130434783,0.8891304347826087,0.4532596904665323
LR,0.30521739130434783,0.8895652173913043,0.45284855610830443
LR,0.3065217391304348,0.8895652173913043,0.4508123677560236
LR,0.3065217391304348,0.8908695652173914,0.4494400619911182
LR,0.3073913043478261,0.8908695652173914,0.44888044582133585
LR,0.3073913043478261,0.8917391304347826,0.44867892706149
LR,0.30869565217391304,0.8917391304347826,0.44758313740733663
LR,0.30869565217391304,0.8921739130434783,0.44735542199797407
LR,0.3091304347826087,0.8921739130434783,0.44732893414689456
LR,0.3091304347826087,0.8926086956521739,0.4471602659026391
LR,0.31,0.8926086956521739,0.4459478307377527
LR,0.31,0.8930434782608696,0.4456690810287277
LR,0.31130434782608696,0.8930434782608696,0.44401373321336335
LR,0.31130434782608696,0.8934782608695652,0.44393699144506
LR,0.3160869565217391,0.8934782608695652,0.4389279177016753
LR,0.3160869565217391,0.8939130434782608,0.43868701310244973
LR,0.3165217391304348,0.8939130434782608,0.43821248937454466
LR,0.3165217391304348,0.8956521739130435,0.43789767484414316
LR,0.3169565217391304,0.8956521739130435,0.4378640040940257
LR,0.3169565217391304,0.8960869565217391,0.437817758973513
LR,0.3173913043478261,0.8960869565217391,0.4373851184468014
LR,0.3173913043478261,0.8965217391304348,0.4372704239246189
LR,0.31782608695652176,0.8965217391304348,0.437046055343378
LR,0.31782608695652176,0.8982608695652174,0.4350843483212601
LR,0.3182608695652174,0.8982608695652174,0.4345166018116779
LR,0.3182608695652174,0.9004347826086957,0.4328755437889373
LR,0.31956521739130433,0.9004347826086957,0.43190826853800685
LR,0.31956521739130433,0.9017391304347826,0.4305918396891239
LR,0.32217391304347825,0.9017391304347826,0.42828075022827633
LR,0.32217391304347825,0.9030434782608696,0.42775860825164513
LR,0.3239130434782609,0.9030434782608696,0.42632882717838605
LR,0.3239130434782609,0.9039130434782608,0.4262381407117373
LR,0.32565217391304346,0.9039130434782608,0.4239764101519702
LR,0.32565217391304346,0.9047826086956522,0.4235633516825847
LR,0.3265217391304348,0.9047826086956522,0.42322063287862166
LR,0.3265217391304348,0.9052173913043479,0.42300150014691423
LR,0.3278260869565217,0.9052173913043479,0.422362853760193
LR,0.3278260869565217,0.9060869565217391,0.4212915652145358
LR,0.32913043478260867,0.9060869565217391,0.4210149621004862
LR,0.32913043478260867,0.9065217391304348,0.420682590929161
LR,0.3317391304347826,0.9065217391304348,0.41829936042157023
LR,0.3317391304347826,0.9073913043478261,0.41764160260193
LR,0.33217391304347826,0.9073913043478261,0.41727127253438273
LR,0.33217391304347826,0.9078260869565218,0.41654568846828816
LR,0.33260869565217394,0.9078260869565218,0.4164203240529098
LR,0.33260869565217394,0.9082608695652173,0.41639970736101056
LR,0.3343478260869565,0.9082608695652173,0.41379106555068573
LR,0.3343478260869565,0.908695652173913,0.4133476854534034
LR,0.3352173913043478,0.908695652173913,0.4126273209787836
LR,0.3352173913043478,0.9091304347826087,0.4125742945376242
LR,0.33608695652173914,0.9091304347826087,0.4123319060803224
LR,0.33608695652173914,0.9095652173913044,0.41220674182988115
LR,0.33652173913043476,0.9095652173913044,0.41199390308716854
LR,0.33652173913043476,0.91,0.41181961899598857
LR,0.3382608695652174,0.91,0.4111423826584886
LR,0.3382608695652174,0.9104347826086957,0.4106892123372152
LR,0.33956521739130435,0.9104347826086957,0.4094452776841574
LR,0.33956521739130435,0.9108695652173913,0.409269171608096
LR,0.3408695652173913,0.9108695652173913,0.40794968684301874
LR,0.3408695652173913,0.9113043478260869,0.40792330596144566
LR,0.34130434782608693,0.9113043478260869,0.4077707548605295
LR,0.34130434782608693,0.9117391304347826,0.4075257731216421
LR,0.3417391304347826,0.9117391304347826,0.40733970626850646
LR,0.3417391304347826,0.9121739130434783,0.4071337593191462
LR,0.34782608695652173,0.9121739130434783,0.4019066974188835
LR,0.34782608695652173,0.912608695652174,0.40143087806046895
LR,0.3482608695652174,0.912608695652174,0.4011278652750874
LR,0.3482608695652174,0.9130434782608695,0.40089210551577775
LR,0.35043478260869565,0.9130434782608695,0.39895801470030345
LR,0.35043478260869565,0.9134782608695652,0.39810799737187597
LR,0.3517391304347826,0.9134782608695652,0.3969032927921915
LR,0.3517391304347826,0.9139130434782609,0.3960041788121096
LR,0.35347826086956524,0.9139130434782609,0.3948823399480783
LR,0.35347826086956524,0.9143478260869565,0.39477344459151836
LR,0.35391304347826086,0.9143478260869565,0.3946232461075526
LR,0.35391304347826086,0.9147826086956522,0.39433931325960936
LR,0.35782608695652174,0.9147826086956522,0.3895122310695564
LR,0.35782608695652174,0.9156521739130434,0.3890007365787155
LR,0.3582608695652174,0.9156521739130434,0.38883162571047
LR,0.3582608695652174,0.9160869565217391,0.3882674757437519
LR,0.3591304347826087,0.9160869565217391,0.3874372121576524
LR,0.3591304347826087,0.9173913043478261,0.386683835240955
LR,0.36043478260869566,0.9173913043478261,0.38471896426585767
LR,0.36043478260869566,0.9178260869565218,0.38457092734869036
LR,0.36478260869565216,0.9178260869565218,0.3778710375849606
LR,0.36478260869565216,0.918695652173913,0.3774991434912214
LR,0.3660869565217391,0.918695652173913,0.37593957646751525
LR,0.3660869565217391,0.9195652173913044,0.37551673664307444
LR,0.36695652173913046,0.9195652173913044,0.37459407960108837
LR,0.36695652173913046,0.92,0.37429461200891484
LR,0.3673913043478261,0.92,0.37409733756395436
LR,0.3673913043478261,0.921304347826087,0.3720317837886311
LR,0.37130434782608696,0.921304347826087,0.3685538397954012
LR,0.37130434782608696,0.9221739130434783,0.36657914783609
LR,0.3717391304347826,0.9221739130434783,0.36656904646532984
LR,0.3717391304347826,0.922608695652174,0.3663149302168097
LR,0.3730434782608696,0.922608695652174,0.3653994641627047
LR,0.3730434782608696,0.9230434782608695,0.36452851240517453
LR,0.37521739130434784,0.9230434782608695,0.36115904310072516
LR,0.37521739130434784,0.9234782608695652,0.3604713208335774
LR,0.3769565217391304,0.9234782608695652,0.3590525080131601
LR,0.3769565217391304,0.9239130434782609,0.35902800761071035
LR,0.38,0.9239130434782609,0.35714644366649617
LR,0.38,0.9243478260869565,0.35706172224184757
LR,0.38130434782608696,0.9243478260869565,0.356143855117501
LR,0.38130434782608696,0.9247826086956522,0.3558387940040168
LR,0.3826086956521739,0.9247826086956522,0.35460756347812705
LR,0.3826086956521739,0.9252173913043479,0.354335989539904
LR,0.38304347826086954,0.9252173913043479,0.3539006203126342
LR,0.38304347826086954,0.9256521739130434,0.35288910826017716
LR,0.3839130434782609,0.9256521739130434,0.3513402282413658
LR,0.3839130434782609,0.9260869565217391,0.3507564064998753
LR,0.3869565217391304,0.9260869565217391,0.3484025694188307
LR,0.3869565217391304,0.9265217391304348,0.3483433020763279
LR,0.39,0.9265217391304348,0.3446861888715646
LR,0.39,0.9273913043478261,0.3428452904307758
LR,0.39260869565217393,0.9273913043478261,0.33898860563830363
LR,0.39260869565217393,0.9278260869565217,0.33867634000693675
LR,0.3947826086956522,0.9278260869565217,0.3377946653084061
LR,0.3947826086956522,0.9282608695652174,0.33772600147328874
LR,0.39521739130434785,0.9282608695652174,0.33762263953087257
LR,0.39521739130434785,0.928695652173913,0.33749882123043307
LR,0.3982608695652174,0.928695652173913,0.33357182186572476
LR,0.3982608695652174,0.9291304347826087,0.33345207890360484
LR,0.401304347826087,0.9291304347826087,0.33079458686420843
LR,0.401304347826087,0.93,0.33041659728000733
LR,0.40304347826086956,0.93,0.32822974081849055
LR,0.40304347826086956,0.9304347826086956,0.32709711842979694
LR,0.40347826086956523,0.9304347826086956,0.326995896160427
LR,0.40347826086956523,0.9308695652173913,0.3268599252270594
LR,0.40608695652173915,0.9308695652173913,0.3233950520933367
LR,0.40608695652173915,0.9317391304347826,0.32314140765516314
LR,0.41043478260869565,0.9317391304347826,0.3210675495837357
LR,0.41043478260869565,0.9321739130434783,0.3210373885249243
LR,0.41304347826086957,0.9321739130434783,0.3181468696948961
LR,0.41304347826086957,0.9334782608695652,0.3170739128153411
LR,0.41391304347826086,0.9334782608695652,0.31676304454771487
LR,0.41391304347826086,0.9339130434782609,0.3161589063828215
LR,0.41782608695652174,0.9339130434782609,0.3135866321604204
LR,0.41782608695652174,0.9343478260869565,0.31356955943025183
LR,0.418695652173913,0.9343478260869565,0.3126654833098323
LR,0.418695652173913,0.9347826086956522,0.3122425102260474
LR,0.4221739130434783,0.9347826086956522,0.30827388832789665
LR,0.4221739130434783,0.9369565217391305,0.3055973445192199
LR,0.42391304347826086,0.9369565217391305,0.3039977903648402
LR,0.42391304347826086,0.9373913043478261,0.30211928109882846
LR,0.42434782608695654,0.9373913043478261,0.30121575909538384
LR,0.42434782608695654,0.9378260869565217,0.29959503391741305
LR,0.4252173913043478,0.9378260869565217,0.2968141735788097
LR,0.4252173913043478,0.9382608695652174,0.296812513459885
LR,0.4265217391304348,0.9382608695652174,0.29560812754469584
LR,0.4265217391304348,0.938695652173913,0.29557134409840596
LR,0.42695652173913046,0.938695652173913,0.2953320671702583
LR,0.42695652173913046,0.9391304347826087,0.29497768484716996
LR,0.43,0.9391304347826087,0.29194735870570343
LR,0.43,0.94,0.29135025764382055
LR,0.4339130434782609,0.94,0.28704144811536236
LR,0.4339130434782609,0.9404347826086956,0.2862513011351767
LR,0.4360869565217391,0.9404347826086956,0.2848067106312477
LR,0.4360869565217391,0.9408695652173913,0.28463687698466
LR,0.44304347826086954,0.9408695652173913,0.2818068854156798
LR,0.44304347826086954,0.941304347826087,0.2812125030530886
LR,0.44565217391304346,0.941304347826087,0.27931057233647294
LR,0.44565217391304346,0.9417391304347826,0.2790974582326152
LR,0.45130434782608697,0.9417391304347826,0.2745433246846713
LR,0.45130434782608697,0.9421739130434783,0.2744401946903509
LR,0.45260869565217393,0.9421739130434783,0.2740405104330095
LR,0.45260869565217393,0.9426086956521739,0.2739869991058077
LR,0.4582608695652174,0.9426086956521739,0.2699763896528103
LR,0.4582608695652174,0.9430434782608695,0.26993874697633674
LR,0.4617391304347826,0.9430434782608695,0.26707499958422215
LR,0.4617391304347826,0.9434782608695652,0.2660206627296413
LR,0.46260869565217394,0.9434782608695652,0.26588711643857066
LR,0.46260869565217394,0.9439130434782609,0.2658672869780469
LR,0.46608695652173915,0.9439130434782609,0.26360048720138374
LR,0.46608695652173915,0.9443478260869566,0.26358382565903615
LR,0.47739130434782606,0.9443478260869566,0.255288178855144
LR,0.47739130434782606,0.9452173913043478,0.2545113528024475
LR,0.47782608695652173,0.9452173913043478,0.253540674034714
LR,0.47782608695652173,0.9456521739130435,0.253247551361332
LR,0.48391304347826086,0.9456521739130435,0.24870094376261345
LR,0.48391304347826086,0.9465217391304348,0.2485031907626881
LR,0.4882608695652174,0.9465217391304348,0.24594246146793325
LR,0.4882608695652174,0.9469565217391305,0.24588102590696506
LR,0.4891304347826087,0.9469565217391305,0.24463293729953786
LR,0.4891304347826087,0.947391304347826,0.2444928242392761
LR,0.49,0.947391304347826,0.2436667033509792
LR,0.49,0.9478260869565217,0.24306468040083368
LR,0.49043478260869566,0.9478260869565217,0.24280380654197714
LR,0.49043478260869566,0.948695652173913,0.24220656963451231
LR,0.49130434782608695,0.948695652173913,0.2419875511202172
LR,0.49130434782608695,0.9491304347826087,0.2419210292989375
LR,0.4965217391304348,0.9491304347826087,0.239955641716963
LR,0.4965217391304348,0.9495652173913044,0.2393635945843778
LR,0.5039130434782608,0.9495652173913044,0.2360318150834745
LR,0.5039130434782608,0.95,0.23569318757187716
LR,0.5047826086956522,0.95,0.234326263177275
LR,0.5047826086956522,0.9504347826086956,0.2341889912900039
LR,0.5052173913043478,0.9504347826086956,0.2336347128760562
LR,0.5052173913043478,0.9508695652173913,0.23270497885253816
LR,0.5082608695652174,0.9508695652173913,0.22861530969714491
LR,0.5082608695652174,0.951304347826087,0.22853342615628128
LR,0.508695652173913,0.951304347826087,0.22846139398823956
LR,0.508695652173913,0.9517391304347826,0.2278192270860618
LR,0.5378260869565218,0.9517391304347826,0.21056853184031873
LR,0.5378260869565218,0.9521739130434783,0.2103136770724502
LR,0.5382608695652173,0.9521739130434783,0.21026803409540187
LR,0.5382608695652173,0.9526086956521739,0.21012600972122156
LR,0.542608695652174,0.9526086956521739,0.20665467426588377
LR,0.542608695652174,0.9530434782608695,0.2063410917454272
LR,0.5482608695652174,0.9530434782608695,0.20018816538991238
LR,0.5482608695652174,0.9534782608695652,0.19988102548791495
LR,0.5508695652173913,0.9534782608695652,0.1980346446444656
LR,0.5508695652173913,0.9539130434782609,0.1978485563670758
LR,0.5534782608695652,0.9539130434782609,0.19690192815075744
LR,0.5534782608695652,0.9543478260869566,0.19593642293692265
LR,0.5569565217391305,0.9543478260869566,0.19440541496073796
LR,0.5569565217391305,0.9552173913043478,0.19436983498791388
LR,0.561304347826087,0.9552173913043478,0.19139697397981814
LR,0.561304347826087,0.9556521739130435,0.19127727636710545
LR,0.5621739130434783,0.9556521739130435,0.1906225976946452
LR,0.5621739130434783,0.9560869565217391,0.19016048389344647
LR,0.5647826086956522,0.9560869565217391,0.18975866476764403
LR,0.5647826086956522,0.9565217391304348,0.1896980098973439
LR,0.5665217391304348,0.9565217391304348,0.18837052141110563
LR,0.5665217391304348,0.9569565217391305,0.18728349193883478
LR,0.5704347826086956,0.9569565217391305,0.18507394680364397
LR,0.5704347826086956,0.9578260869565217,0.18492450237538052
LR,0.58,0.9578260869565217,0.1798690776098883
LR,0.58,0.9582608695652174,0.1798039447574879
LR,0.5821739130434782,0.9582608695652174,0.1788812186457896
LR,0.5821739130434782,0.9586956521739131,0.17881237383090945
LR,0.5895652173913043,0.9586956521739131,0.17544854684027172
LR,0.5895652173913043,0.9595652173913043,0.17472852430344493
LR,0.5960869565217392,0.9595652173913043,0.17129006821907886
LR,0.5960869565217392,0.96,0.17086985686146328
LR,0.6004347826086956,0.96,0.16910930481704306
LR,0.6004347826086956,0.9604347826086956,0.1688709465342897
LR,0.6030434782608696,0.9604347826086956,0.16760717137257922
LR,0.6030434782608696,0.9608695652173913,0.16740989761809447
LR,0.6082608695652174,0.9608695652173913,0.16453927499928134
LR,0.6082608695652174,0.961304347826087,0.1644787375279397
LR,0.6330434782608696,0.961304347826087,0.15330863191180832
LR,0.6330434782608696,0.9617391304347827,0.15265807272859022
LR,0.6365217391304347,0.9617391304347827,0.15133307261884107
LR,0.6365217391304347,0.9621739130434782,0.15097680733611973
LR,0.64,0.9621739130434782,0.14990692204488676
LR,0.64,0.9626086956521739,0.1498562589415557
LR,0.6469565217391304,0.9626086956521739,0.14675738638298794
LR,0.6469565217391304,0.9630434782608696,0.14657179346620758
LR,0.6543478260869565,0.9630434782608696,0.14250775781050004
LR,0.6543478260869565,0.9639130434782609,0.14132967672263083
LR,0.6556521739130434,0.9639130434782609,0.14105329425630841
LR,0.6556521739130434,0.9643478260869566,0.14100053313350802
LR,0.6630434782608695,0.9643478260869566,0.1383276199599921
LR,0.6630434782608695,0.9647826086956521,0.13807164612478687
LR,0.6643478260869565,0.9647826086956521,0.13745005965316928
LR,0.6643478260869565,0.9652173913043478,0.13727979449254446
LR,0.6656521739130434,0.9652173913043478,0.1358057625510355
LR,0.6656521739130434,0.9660869565217391,0.1354801791789475
LR,0.668695652173913,0.9660869565217391,0.1323790013851829
LR,0.668695652173913,0.9665217391304348,0.1319627555316129
LR,0.6717391304347826,0.9665217391304348,0.13108068890525992
LR,0.6717391304347826,0.967391304347826,0.13086590671483633
LR,0.6730434782608695,0.967391304347826,0.1303321558811446
LR,0.6730434782608695,0.9678260869565217,0.13028716105961052
LR,0.6878260869565217,0.9678260869565217,0.12348309799933702
LR,0.6878260869565217,0.9682608695652174,0.12343182259182219
LR,0.6882608695652174,0.9682608695652174,0.12332404633563092
LR,0.6882608695652174,0.9686956521739131,0.12314539596395087
LR,0.6930434782608695,0.9686956521739131,0.12180264347038845
LR,0.6930434782608695,0.9691304347826087,0.12165751376659424
LR,0.6952173913043478,0.9691304347826087,0.12080579438575215
LR,0.6952173913043478,0.9695652173913043,0.12059235867646148
LR,0.6956521739130435,0.9695652173913043,0.120319751351874
LR,0.6956521739130435,0.97,0.1202078230229115
LR,0.7004347826086956,0.97,0.11747042060024593
LR,0.7004347826086956,0.9704347826086956,0.11740255513788384
LR,0.7047826086956521,0.9704347826086956,0.11574113386853296
LR,0.7047826086956521,0.9708695652173913,0.11546694565314085
LR,0.7104347826086956,0.9708695652173913,0.11267133633579451
LR,0.7104347826086956,0.971304347826087,0.11236789450110478
LR,0.7147826086956521,0.971304347826087,0.11090652671207961
LR,0.7147826086956521,0.9717391304347827,0.11069524804189732
LR,0.7169565217391304,0.9717391304347827,0.10895249517956691
LR,0.7169565217391304,0.9721739130434782,0.10873616609543658
LR,0.7252173913043478,0.9721739130434782,0.1052373929364948
LR,0.7252173913043478,0.9726086956521739,0.10512781272276611
LR,0.7347826086956522,0.9726086956521739,0.10336249697405764
LR,0.7347826086956522,0.9730434782608696,0.10329041547990594
LR,0.7404347826086957,0.9730434782608696,0.10079642791266988
LR,0.7404347826086957,0.9734782608695652,0.10076210537585084
LR,0.7434782608695653,0.9734782608695652,0.09852459062365189
LR,0.7434782608695653,0.9739130434782609,0.09838311944023358
LR,0.7452173913043478,0.9739130434782609,0.09757510975013733
LR,0.7452173913043478,0.9743478260869565,0.0974129524354708
LR,0.7478260869565218,0.9743478260869565,0.09628939329178769
LR,0.7478260869565218,0.9747826086956521,0.096072819257227
LR,0.7547826086956522,0.9747826086956521,0.09239225823080571
LR,0.7547826086956522,0.9752173913043478,0.0923820953574125
LR,0.7608695652173914,0.9752173913043478,0.08922689855142261
LR,0.7608695652173914,0.9756521739130435,0.0891668890433932
LR,0.7626086956521739,0.9756521739130435,0.08775963297554798
LR,0.7626086956521739,0.9760869565217392,0.08765424968514661
LR,0.7639130434782608,0.9760869565217392,0.08717352187453561
LR,0.7639130434782608,0.9765217391304348,0.0871620596286782
LR,0.7647826086956522,0.9765217391304348,0.08658598358840788
LR,0.7647826086956522,0.9769565217391304,0.08655986556834586
LR,0.7656521739130435,0.9769565217391304,0.08623016673040114
LR,0.7656521739130435,0.9778260869565217,0.08604010230781219
LR,0.7682608695652174,0.9778260869565217,0.08557850946941538
LR,0.7682608695652174,0.9782608695652174,0.08550786534352055
LR,0.7721739130434783,0.9782608695652174,0.08401853014702176
LR,0.7721739130434783,0.9786956521739131,0.08377983022030445
LR,0.7730434782608696,0.9786956521739131,0.08369376000531296
LR,0.7730434782608696,0.9791304347826087,0.08350220901179742
LR,0.7778260869565218,0.9791304347826087,0.08115132267919203
LR,0.7778260869565218,0.9795652173913043,0.08113179003634755
LR,0.7817391304347826,0.9795652173913043,0.08014019117273836
LR,0.7817391304347826,0.98,0.07971244800637989
LR,0.7917391304347826,0.98,0.07449502174703142
LR,0.7917391304347826,0.9804347826086957,0.07436052853087544
LR,0.7952173913043479,0.9804347826086957,0.07321287885094707
LR,0.7952173913043479,0.9808695652173913,0.07318497956677811
LR,0.8147826086956522,0.9808695652173913,0.06659070994815512
LR,0.8147826086956522,0.981304347826087,0.06652337159045096
LR,0.8152173913043478,0.981304347826087,0.06647720490827959
LR,0.8152173913043478,0.9817391304347826,0.06614303137246973
LR,0.8160869565217391,0.9817391304347826,0.06613245859599222
LR,0.8160869565217391,0.9821739130434782,0.06606790128912629
LR,0.8530434782608696,0.9821739130434782,0.055103779307862935
LR,0.8530434782608696,0.9826086956521739,0.05479102085497637
LR,0.8534782608695652,0.9826086956521739,0.05458668650127556
LR,0.8534782608695652,0.9830434782608696,0.0541937626184855
LR,0.8539130434782609,0.9830434782608696,0.053959806487459884
LR,0.8539130434782609,0.9839130434782609,0.053633101956205825
LR,0.86,0.9839130434782609,0.05247967293894477
LR,0.86,0.9843478260869565,0.05234171524834472
LR,0.8708695652173913,0.9843478260869565,0.04769873144691883
LR,0.8708695652173913,0.9847826086956522,0.04764986691938828
LR,0.88,0.9847826086956522,0.04440107434356753
LR,0.88,0.9852173913043478,0.04440059616891287
LR,0.8847826086956522,0.9852173913043478,0.0428765722208766
LR,0.8847826086956522,0.9856521739130435,0.04253142392962263
LR,0.8860869565217391,0.9856521739130435,0.04215547938999186
LR,0.8860869565217391,0.9860869565217392,0.04167063528480253
LR,0.8869565217391304,0.9860869565217392,0.0407223344552033
LR,0.8869565217391304,0.9865217391304347,0.040698555808638126
LR,0.8891304347826087,0.9865217391304347,0.03947741983552518
LR,0.8891304347826087,0.9869565217391304,0.03926197509627402
LR,0.8956521739130435,0.9869565217391304,0.03789328159694367
LR,0.8956521739130435,0.9873913043478261,0.03781248867772669
LR,0.8978260869565218,0.9873913043478261,0.03683367904520801
LR,0.8978260869565218,0.9878260869565217,0.03682237673072456
LR,0.898695652173913,0.9878260869565217,0.03679960691082144
LR,0.898695652173913,0.9882608695652174,0.036794887515555506
LR,0.8991304347826087,0.9882608695652174,0.036752699630493955
LR,0.8991304347826087,0.9886956521739131,0.03667673394821656
LR,0.9078260869565218,0.9886956521739131,0.032421548049747076
LR,0.9078260869565218,0.9891304347826086,0.032407151051554124
LR,0.9108695652173913,0.9891304347826086,0.032105335567303904
LR,0.9108695652173913,0.9895652173913043,0.032078121225793586
LR,0.9156521739130434,0.9895652173913043,0.03149477391902154
LR,0.9156521739130434,0.99,0.03137983518437603
LR,0.931304347826087,0.99,0.025965585912828784
LR,0.931304347826087,0.9904347826086957,0.02572822351779984
LR,0.9330434782608695,0.9904347826086957,0.025128432097144923
LR,0.9330434782608695,0.9908695652173913,0.025009160330041674
LR,0.9339130434782609,0.9908695652173913,0.024775094635508792
LR,0.9339130434782609,0.991304347826087,0.024459340404547746
LR,0.9347826086956522,0.991304347826087,0.02429207989330718
LR,0.9347826086956522,0.9917391304347826,0.024108482970659123
LR,0.9478260869565217,0.9917391304347826,0.019477546733002164
LR,0.9478260869565217,0.9921739130434782,0.01943592746128212
LR,0.9517391304347826,0.9921739130434782,0.01782203741540396
LR,0.9517391304347826,0.9926086956521739,0.017697603672972538
LR,0.9530434782608695,0.9926086956521739,0.017533510616009756
LR,0.9530434782608695,0.9930434782608696,0.01742195651099033
LR,0.9569565217391305,0.9930434782608696,0.016909846831644856
LR,0.9569565217391305,0.9934782608695653,0.01686367998734372
LR,0.9604347826086956,0.9934782608695653,0.016448409913758927
LR,0.9604347826086956,0.9943478260869565,0.01606669649717374
LR,0.9617391304347827,0.9943478260869565,0.015839859936438643
LR,0.9617391304347827,0.9947826086956522,0.015829106183394365
LR,0.9643478260869566,0.9947826086956522,0.01447162772708617
LR,0.9643478260869566,0.9952173913043478,0.014423445845264077
LR,0.9660869565217391,0.9952173913043478,0.014143410702344799
LR,0.9660869565217391,0.9956521739130435,0.013615081088075055
LR,0.9669565217391304,0.9956521739130435,0.01356173111267287
LR,0.9669565217391304,0.9960869565217392,0.013379751434702256
LR,0.9682608695652174,0.9960869565217392,0.012819078277967431
LR,0.9682608695652174,0.9965217391304347,0.012756209877228567
LR,0.9686956521739131,0.9965217391304347,0.012557352401754866
LR,0.9686956521739131,0.9978260869565218,0.012409553215343348
LR,0.971304347826087,0.9978260869565218,0.01160242031261783
LR,0.971304347826087,0.9982608695652174,0.011579770635557412
LR,0.9730434782608696,0.9982608695652174,0.010589585135534901
LR,0.9730434782608696,0.9986956521739131,0.010374269654711823
LR,0.9791304347826087,0.9986956521739131,0.007800198913295357
LR,0.9791304347826087,0.9991304347826087,0.007782063215171161
LR,0.9804347826086957,0.9991304347826087,0.007391830702394747
LR,0.9804347826086957,0.9995652173913043,0.007305485044434162
LR,0.9843478260869565,0.9995652173913043,0.005845779069034934
LR,0.9843478260869565,1.0,0.005805609687833497
LR,1.0,1.0,0.00022670127692619137
RF,0.0,0.0,inf
RF,0.0,0.0004347826086956522,0.9996
RF,0.0,0.0034782608695652175,0.9981333333333333
RF,0.0,0.0052173913043478265,0.9976666666666666
RF,0.0,0.006521739130434782,0.9972
RF,0.0,0.007391304347826087,0.997
RF,0.0,0.00782608695652174,0.9968333333333333
RF,0.0,0.01,0.9966666666666667
RF,0.0,0.01217391304347826,0.9956333333333334
RF,0.0,0.013043478260869565,0.9955
RF,0.0,0.01565217391304348,0.9945333333333334
RF,0.0,0.017391304347826087,0.9938333333333332
RF,0.0,0.018695652173913044,0.9937333333333334
RF,0.0004347826086956522,0.018695652173913044,0.9937
RF,0.0004347826086956522,0.023043478260869565,0.9923333333333334
RF,0.0008695652173913044,0.023043478260869565,0.9920000000000001
RF,0.0008695652173913044,0.026521739130434784,0.9910380952380953
RF,0.0008695652173913044,0.027391304347826086,0.9908333333333333
RF,0.0008695652173913044,0.03173913043478261,0.9896666666666667
RF,0.0008695652173913044,0.03260869565217391,0.9894666666666667
RF,0.0008695652173913044,0.03869565217391304,0.9876666666666666
RF,0.0008695652173913044,0.03956521739130435,0.9873333333333334
RF,0.0008695652173913044,0.04391304347826087,0.9863857142857144
RF,0.0013043478260869566,0.04391304347826087,0.9863333333333335
RF,0.0013043478260869566,0.052608695652173916,0.9840333333333333
RF,0.0013043478260869566,0.05347826086956522,0.984
RF,0.0013043478260869566,0.08260869565217391,0.9782666666666666
RF,0.0013043478260869566,0.08347826086956522,0.978
RF,0.0013043478260869566,0.10652173913043478,0.9720333333333333
RF,0.0017391304347826088,0.10652173913043478,0.972
RF,0.0017391304347826088,0.11043478260869566,0.9707333333333332
RF,0.002173913043478261,0.11043478260869566,0.9706333333333333
RF,0.002173913043478261,0.11130434782608696,0.9702428571428572
RF,0.002173913043478261,0.11217391304347826,0.97
RF,0.002173913043478261,0.15,0.9606666666666666
RF,0.0026086956521739132,0.15,0.9606
RF,0.0026086956521739132,0.15739130434782608,0.9590904761904764
RF,0.003043478260869565,0.15739130434782608,0.9589666666666667
RF,0.003043478260869565,0.16260869565217392,0.9581
RF,0.003043478260869565,0.1634782608695652,0.9578333333333334
RF,0.003043478260869565,0.16608695652173913,0.9569000000000001
RF,0.003043478260869565,0.16695652173913045,0.9568857142857142
RF,0.003043478260869565,0.1743478260869565,0.9551666666666666
RF,0.00391304347826087,0.1743478260869565,0.9550333333333333
RF,0.00391304347826087,0.17695652173913043,0.9544333333333334
RF,0.004347826086956522,0.17695652173913043,0.9544333333333332
RF,0.004347826086956522,0.18869565217391304,0.9503904761904763
RF,0.004347826086956522,0.18956521739130436,0.9502999999999999
RF,0.004782608695652174,0.18956521739130436,0.9500904761904762
RF,0.004782608695652174,0.19043478260869565,0.9500000000000001
RF,0.0052173913043478265,0.19043478260869565,0.949752380952381
RF,0.0052173913043478265,0.20173913043478262,0.9474190476190476
RF,0.00608695652173913,0.20173913043478262,0.9472666666666667
RF,0.00608695652173913,0.21217391304347827,0.9438333333333335
RF,0.006521739130434782,0.21217391304347827,0.9436999999999999
RF,0.006521739130434782,0.22565217391304349,0.940252380952381
RF,0.006956521739130435,0.22565217391304349,0.9402333333333331
RF,0.006956521739130435,0.22826086956521738,0.9396
RF,0.006956521739130435,0.2291304347826087,0.9395333333333333
RF,0.006956521739130435,0.23043478260869565,0.9391333333333334
RF,0.006956521739130435,0.23130434782608697,0.9390333333333334
RF,0.006956521739130435,0.2373913043478261,0.9363666666666666
RF,0.007391304347826087,0.2373913043478261,0.9362619047619046
RF,0.007391304347826087,0.2417391304347826,0.9350000000000002
RF,0.00782608695652174,0.2417391304347826,0.9349928571428571
RF,0.00782608695652174,0.24913043478260868,0.9328000000000001
RF,0.00826086956521739,0.24913043478260868,0.9327904761904761
RF,0.00826086956521739,0.2530434782608696,0.9321333333333333
RF,0.008695652173913044,0.2530434782608696,0.9319666666666668
RF,0.008695652173913044,0.2669565217391304,0.9281000000000003
RF,0.009130434782608696,0.2669565217391304,0.9280333333333336
RF,0.009130434782608696,0.2752173913043478,0.9259166666666666
RF,0.009565217391304347,0.2752173913043478,0.9256857142857141
RF,0.009565217391304347,0.2756521739130435,0.9255476190476191
RF,0.01,0.2756521739130435,0.9254666666666668
RF,0.01,0.2856521739130435,0.9226666666666665
RF,0.010434782608695653,0.2856521739130435,0.9226214285714284
RF,0.010434782608695653,0.2917391304347826,0.9210333333333333
RF,0.010869565217391304,0.2917391304347826,0.92085
RF,0.010869565217391304,0.2952173913043478,0.9197333333333332
RF,0.011304347826086957,0.2952173913043478,0.9196714285714285
RF,0.011304347826086957,0.2960869565217391,0.9195285714285715
RF,0.011739130434782608,0.2960869565217391,0.9192666666666668
RF,0.011739130434782608,0.3034782608695652,0.9175857142857146
RF,0.01217391304347826,0.3034782608695652,0.9174833333333333
RF,0.01217391304347826,0.30695652173913046,0.9164809523809523
RF,0.012608695652173913,0.30695652173913046,0.9164761904761904
RF,0.012608695652173913,0.3134782608695652,0.9146428571428572
RF,0.013043478260869565,0.3134782608695652,0.9146047619047618
RF,0.013043478260869565,0.3160869565217391,0.9141619047619051
RF,0.013478260869565217,0.3160869565217391,0.9141230919907744
RF,0.013478260869565217,0.32217391304347825,0.9130904761904762
RF,0.01391304347826087,0.32217391304347825,0.9128
RF,0.01391304347826087,0.32913043478260867,0.9113000000000001
RF,0.014347826086956521,0.32913043478260867,0.9112142857142858
RF,0.014347826086956521,0.3373913043478261,0.9086261904761905
RF,0.014782608695652174,0.3373913043478261,0.9086238095238095
RF,0.014782608695652174,0.34,0.9071333333333335
RF,0.014782608695652174,0.3408695652173913,0.9067999999999999
RF,0.014782608695652174,0.3426086956521739,0.9059333333333333
RF,0.015217391304347827,0.3426086956521739,0.9058317460317461
RF,0.015217391304347827,0.34391304347826085,0.9055
RF,0.01565217391304348,0.34391304347826085,0.9054333333333334
RF,0.01565217391304348,0.35434782608695653,0.9031523809523814
RF,0.01608695652173913,0.35434782608695653,0.9031470653377627
RF,0.01608695652173913,0.36130434782608695,0.9001904761904764
RF,0.01608695652173913,0.36217391304347823,0.9001666666666667
RF,0.01608695652173913,0.3630434782608696,0.8997333333333332
RF,0.01652173913043478,0.3630434782608696,0.8997285714285714
RF,0.01652173913043478,0.3660869565217391,0.8990380952380954
RF,0.016956521739130436,0.3660869565217391,0.8990333333333332
RF,0.016956521739130436,0.37869565217391304,0.8955309523809526
RF,0.017391304347826087,0.37869565217391304,0.895466666666667
RF,0.017391304347826087,0.3917391304347826,0.8915761904761907
RF,0.017826086956521738,0.3917391304347826,0.8915666666666665
RF,0.017826086956521738,0.3973913043478261,0.8894047619047618
RF,0.018260869565217393,0.3973913043478261,0.8891761904761905
RF,0.018260869565217393,0.3991304347826087,0.8886857142857142
RF,0.018695652173913044,0.3991304347826087,0.8882095238095239
RF,0.018695652173913044,0.40304347826086956,0.8868571428571429
RF,0.018695652173913044,0.40391304347826085,0.8866999999999999
RF,0.018695652173913044,0.40695652173913044,0.8861476190476192
RF,0.019130434782608695,0.40695652173913044,0.8858761904761906
RF,0.019130434782608695,0.41130434782608694,0.8844666666666668
RF,0.01956521739130435,0.41130434782608694,0.8843714285714287
RF,0.01956521739130435,0.42434782608695654,0.8805601731601731
RF,0.01956521739130435,0.4252173913043478,0.8805333333333333
RF,0.01956521739130435,0.42695652173913046,0.8799476190476191
RF,0.02,0.42695652173913046,0.8799444444444445
RF,0.02,0.4330434782608696,0.8791333333333334
RF,0.02043478260869565,0.4330434782608696,0.8791166666666668
RF,0.02043478260869565,0.43521739130434783,0.8785714285714286
RF,0.020869565217391306,0.43521739130434783,0.8784190476190474
RF,0.020869565217391306,0.4439130434782609,0.8762000000000001
RF,0.021739130434782608,0.4439130434782609,0.8758952380952382
RF,0.021739130434782608,0.4608695652173913,0.8707476190476191
RF,0.02217391304347826,0.4608695652173913,0.8707285714285714
RF,0.02217391304347826,0.46347826086956523,0.8697809523809523
RF,0.022608695652173914,0.46347826086956523,0.8695833333333333
RF,0.022608695652173914,0.46391304347826084,0.869366666666667
RF,0.023043478260869565,0.46391304347826084,0.8691666666666668
RF,0.023043478260869565,0.4682608695652174,0.8671428571428575
RF,0.02391304347826087,0.4682608695652174,0.8664666666666667
RF,0.02391304347826087,0.4708695652173913,0.8658666666666666
RF,0.02434782608695652,0.4708695652173913,0.8658
RF,0.02434782608695652,0.4721739130434783,0.8655428571428571
RF,0.024782608695652172,0.4721739130434783,0.8655142857142857
RF,0.024782608695652172,0.4726086956521739,0.8654190476190478
RF,0.025217391304347827,0.4726086956521739,0.8654047619047621
RF,0.025217391304347827,0.478695652173913,0.8634166666666668
RF,0.025652173913043478,0.478695652173913,0.8634047619047618
RF,0.025652173913043478,0.4834782608695652,0.8616309523809524
RF,0.02608695652173913,0.4834782608695652,0.861552380952381
RF,0.02608695652173913,0.48434782608695653,0.8614095238095237
RF,0.026521739130434784,0.48434782608695653,0.8612000000000002
RF,0.026521739130434784,0.4860869565217391,0.8599333333333334
RF,0.026956521739130435,0.4860869565217391,0.859833333333333
RF,0.026956521739130435,0.48739130434782607,0.8592333333333333
RF,0.027391304347826086,0.48739130434782607,0.8591738095238096
RF,0.027391304347826086,0.4891304347826087,0.8584857142857144
RF,0.02782608695652174,0.4891304347826087,0.8583666666666663
RF,0.02782608695652174,0.4895652173913044,0.8583000000000003
RF,0.02826086956521739,0.4895652173913044,0.8582666666666666
RF,0.02826086956521739,0.4934782608695652,0.8567380952380952
RF,0.028695652173913042,0.4934782608695652,0.8566380952380952
RF,0.028695652173913042,0.4969565217391304,0.8559333333333332
RF,0.029130434782608697,0.4969565217391304,0.8556166666666667
RF,0.029130434782608697,0.5073913043478261,0.851361904761905
RF,0.029565217391304348,0.5073913043478261,0.8513571428571428
RF,0.029565217391304348,0.5121739130434783,0.849588888888889
RF,0.03,0.5121739130434783,0.8493
RF,0.03,0.5160869565217391,0.8485619047619049
RF,0.030434782608695653,0.5160869565217391,0.8485238095238092
RF,0.030434782608695653,0.52,0.8440952380952381
RF,0.030869565217391304,0.52,0.8440031746031746
RF,0.030869565217391304,0.5321739130434783,0.8386333333333335
RF,0.03130434782608696,0.5321739130434783,0.8379857142857139
RF,0.03130434782608696,0.5330434782608696,0.8375999999999997
RF,0.03173913043478261,0.5330434782608696,0.8375714285714284
RF,0.03173913043478261,0.5404347826086957,0.835364285714286
RF,0.03217391304347826,0.5404347826086957,0.8350238095238097
RF,0.03217391304347826,0.5443478260869565,0.8336666666666667
RF,0.03260869565217391,0.5443478260869565,0.833609523809524
RF,0.03260869565217391,0.5452173913043479,0.8333857142857143
RF,0.03304347826086956,0.5452173913043479,0.8333333333333333
RF,0.03304347826086956,0.5460869565217391,0.8330523809523809
RF,0.033478260869565214,0.5460869565217391,0.8328000000000001
RF,0.033478260869565214,0.551304347826087,0.8306000000000001
RF,0.03391304347826087,0.551304347826087,0.8304269841269841
RF,0.03391304347826087,0.552608695652174,0.8298571428571431
RF,0.03434782608695652,0.552608695652174,0.8291999999999999
RF,0.03434782608695652,0.5560869565217391,0.8279190476190478
RF,0.034782608695652174,0.5560869565217391,0.8278952380952381
RF,0.034782608695652174,0.561304347826087,0.8258190476190479
RF,0.035217391304347825,0.561304347826087,0.8258000000000001
RF,0.035217391304347825,0.5617391304347826,0.8256666666666667
RF,0.035652173913043476,0.5617391304347826,0.8255666666666668
RF,0.035652173913043476,0.5639130434782609,0.8248333333333334
RF,0.03608695652173913,0.5639130434782609,0.8246833333333335
RF,0.03608695652173913,0.5652173913043478,0.8238809523809525
RF,0.03695652173913044,0.5652173913043478,0.8233571428571428
RF,0.03695652173913044,0.5656521739130435,0.8231499999999999
RF,0.03739130434782609,0.5656521739130435,0.8230666666666666
RF,0.03739130434782609,0.5673913043478261,0.8228809523809523
RF,0.03782608695652174,0.5673913043478261,0.8227666666666669
RF,0.03782608695652174,0.5717391304347826,0.8203095238095236
RF,0.03782608695652174,0.5726086956521739,0.8202333333333336
RF,0.03782608695652174,0.5739130434782609,0.8199428571428571
RF,0.03826086956521739,0.5739130434782609,0.8197809523809522
RF,0.03826086956521739,0.5782608695652174,0.8181
RF,0.03869565217391304,0.5782608695652174,0.8179357142857145
RF,0.03869565217391304,0.578695652173913,0.8175999999999999
RF,0.0391304347826087,0.5791304347826087,0.8175666666666668
RF,0.03956521739130435,0.5791304347826087,0.8175666666666666
RF,0.03956521739130435,0.58,0.8173388888888884
RF,0.04,0.58,0.8171142857142857
RF,0.04,0.5808695652173913,0.8169333333333333
RF,0.04043478260869565,0.5808695652173913,0.8169000000000002
RF,0.04043478260869565,0.5830434782608696,0.8151904761904762
RF,0.0408695652173913,0.5830434782608696,0.8151595238095236
RF,0.0408695652173913,0.5856521739130435,0.8138142857142859
RF,0.041304347826086954,0.5856521739130435,0.8137880952380953
RF,0.041304347826086954,0.5882608695652174,0.8129142857142857
RF,0.04217391304347826,0.5882608695652174,0.8124500000000001
RF,0.04217391304347826,0.5886956521739131,0.812402380952381
RF,0.042608695652173914,0.5886956521739131,0.8122999999999998
RF,0.042608695652173914,0.5921739130434782,0.8102666666666669
RF,0.043043478260869565,0.5921739130434782,0.8097952380952381
RF,0.043043478260869565,0.5978260869565217,0.8065142857142855
RF,0.043478260869565216,0.5978260869565217,0.8062999999999999
RF,0.043478260869565216,0.6021739130434782,0.8044380952380952
RF,0.04391304347826087,0.6021739130434782,0.8043095238095238
RF,0.04391304347826087,0.6082608695652174,0.8007380952380949
RF,0.04434782608695652,0.6082608695652174,0.8004499999999999
RF,0.04434782608695652,0.6104347826086957,0.7985619047619048
RF,0.044782608695652176,0.6104347826086957,0.7979238095238094
RF,0.044782608695652176,0.6117391304347826,0.7976063492063494
RF,0.04521739130434783,0.6117391304347826,0.7972952380952383
RF,0.04521739130434783,0.6121739130434782,0.7971690476190478
RF,0.04565217391304348,0.6121739130434782,0.7971238095238095
RF,0.04565217391304348,0.6156521739130435,0.7960095238095234
RF,0.04608695652173913,0.6156521739130435,0.7958333333333333
RF,0.04608695652173913,0.6178260869565217,0.7943333333333336
RF,0.04695652173913043,0.6178260869565217,0.7943047619047621
RF,0.04695652173913043,0.6195652173913043,0.7932936507936511
RF,0.04739130434782609,0.6195652173913043,0.7932333333333335
RF,0.04739130434782609,0.6234782608695653,0.7915999999999997
RF,0.04782608695652174,0.6234782608695653,0.7915666666666668
RF,0.04782608695652174,0.6243478260869565,0.7913112554112555
RF,0.04826086956521739,0.6243478260869565,0.7912714285714286
RF,0.04826086956521739,0.6321739130434783,0.7873
RF,0.04869565217391304,0.6321739130434783,0.786952380952381
RF,0.04869565217391304,0.6417391304347826,0.782152380952381
RF,0.049130434782608694,0.6417391304347826,0.7819809523809526
RF,0.049130434782608694,0.6473913043478261,0.7796904761904762
RF,0.049565217391304345,0.6473913043478261,0.7795333333333332
RF,0.049565217391304345,0.6482608695652174,0.7792761904761906
RF,0.050434782608695654,0.6482608695652174,0.7778833333333333
RF,0.050434782608695654,0.6495652173913044,0.7777
RF,0.050869565217391305,0.6495652173913044,0.7776523809523809
RF,0.050869565217391305,0.6534782608695652,0.7752666666666665
RF,0.051304347826086956,0.6534782608695652,0.7751
RF,0.051304347826086956,0.6543478260869565,0.7749880952380953
RF,0.05173913043478261,0.6543478260869565,0.7748666666666667
RF,0.05173913043478261,0.6556521739130434,0.774090476190476
RF,0.05217391304347826,0.6556521739130434,0.7736282312925171
RF,0.05217391304347826,0.6560869565217391,0.7734523809523809
RF,0.052608695652173916,0.6560869565217391,0.7734095238095238
RF,0.052608695652173916,0.6591304347826087,0.7714166666666665
RF,0.05304347826086957,0.6591304347826087,0.7705380952380952
RF,0.05304347826086957,0.6621739130434783,0.7682714285714287
RF,0.05347826086956522,0.6621739130434783,0.7682285714285716
RF,0.05347826086956522,0.662608695652174,0.7681000000000001
RF,0.05434782608695652,0.662608695652174,0.7671476190476191
RF,0.05434782608695652,0.6643478260869565,0.7665285714285714
RF,0.05478260869565217,0.6643478260869565,0.7664619047619046
RF,0.05478260869565217,0.6647826086956522,0.7662190476190476
RF,0.05521739130434783,0.6647826086956522,0.7662071428571428
RF,0.05521739130434783,0.6652173913043479,0.7659833333333336
RF,0.05565217391304348,0.6652173913043479,0.7658047619047618
RF,0.05565217391304348,0.6665217391304348,0.7654761904761905
RF,0.05608695652173913,0.6665217391304348,0.7654666666666665
RF,0.05608695652173913,0.6669565217391304,0.7653000000000001
RF,0.05652173913043478,0.6669565217391304,0.7651261904761905
RF,0.05652173913043478,0.6673913043478261,0.7650285714285715
RF,0.056956521739130433,0.6673913043478261,0.7649000000000002
RF,0.056956521739130433,0.671304347826087,0.7635619047619047
RF,0.057391304347826085,0.671304347826087,0.7631285714285716
RF,0.057391304347826085,0.6721739130434783,0.7627833333333331
RF,0.058260869565217394,0.6721739130434783,0.7624190476190473
RF,0.058260869565217394,0.6739130434782609,0.7618333333333331
RF,0.058695652173913045,0.6739130434782609,0.7617619047619045
RF,0.058695652173913045,0.6756521739130434,0.7614428571428572
RF,0.059130434782608696,0.6756521739130434,0.761
RF,0.059130434782608696,0.6843478260869565,0.7550380952380951
RF,0.05956521739130435,0.6843478260869565,0.7549761904761907
RF,0.05956521739130435,0.6856521739130435,0.7544714285714288
RF,0.06,0.6856521739130435,0.7544666666666668
RF,0.06,0.688695652173913,0.7524761904761902
RF,0.06043478260869565,0.688695652173913,0.7524317460317459
RF,0.06043478260869565,0.6930434782608695,0.7501500000000002
RF,0.06130434782608696,0.6930434782608695,0.7498142857142855
RF,0.06130434782608696,0.6965217391304348,0.7480888888888887
RF,0.06217391304347826,0.6965217391304348,0.7476619047619046
RF,0.06217391304347826,0.7004347826086956,0.7458380952380953
RF,0.06260869565217392,0.7004347826086956,0.7458158730158729
RF,0.06260869565217392,0.7008695652173913,0.7457809523809524
RF,0.06304347826086956,0.7008695652173913,0.7455857142857144
RF,0.06304347826086956,0.7056521739130435,0.7417666666666667
RF,0.06347826086956522,0.7056521739130435,0.7414833333333333
RF,0.06347826086956522,0.7117391304347827,0.7385428571428572
RF,0.06391304347826086,0.7117391304347827,0.7385333333333333
RF,0.06391304347826086,0.7139130434782609,0.7365333333333335
RF,0.06434782608695652,0.7139130434782609,0.7363714285714285
RF,0.06434782608695652,0.7143478260869566,0.7362761904761902
RF,0.06521739130434782,0.7143478260869566,0.7359571428571428
RF,0.06521739130434782,0.7169565217391304,0.7349285714285717
RF,0.06608695652173913,0.7169565217391304,0.7347619047619045
RF,0.06608695652173913,0.7208695652173913,0.7334666666666666
RF,0.06652173913043478,0.7208695652173913,0.7332238095238096
RF,0.06652173913043478,0.7234782608695652,0.7318690476190475
RF,0.06695652173913043,0.7234782608695652,0.7318666666666668
RF,0.06695652173913043,0.7243478260869565,0.730438095238095
RF,0.06739130434782609,0.7243478260869565,0.7302594516594517
RF,0.06739130434782609,0.7273913043478261,0.7283333333333334
RF,0.06782608695652174,0.7273913043478261,0.7283238095238098
RF,0.06782608695652174,0.7278260869565217,0.7281095238095235
RF,0.06826086956521739,0.7278260869565217,0.7281000000000002
RF,0.06826086956521739,0.7282608695652174,0.7276999999999998
RF,0.06869565217391305,0.7282608695652174,0.7267071428571429
RF,0.06869565217391305,0.7286956521739131,0.7265333333333335
RF,0.06913043478260869,0.7286956521739131,0.7260666666666666
RF,0.06913043478260869,0.73,0.7256428571428573
RF,0.07,0.73,0.7253809523809526
RF,0.07,0.7304347826086957,0.7252333333333333
RF,0.07043478260869565,0.7304347826086957,0.7249079365079365
RF,0.07043478260869565,0.7347826086956522,0.72155
RF,0.07086956521739131,0.7347826086956522,0.7213333333333333
RF,0.07086956521739131,0.7408695652173913,0.7173380952380951
RF,0.07130434782608695,0.7408695652173913,0.7172166666666665
RF,0.07130434782608695,0.7417391304347826,0.7168857142857142
RF,0.07173913043478261,0.7417391304347826,0.7168333333333333
RF,0.07173913043478261,0.7430434782608696,0.7165333333333332
RF,0.07217391304347825,0.7430434782608696,0.7160761904761904
RF,0.07217391304347825,0.7465217391304347,0.7143793650793651
RF,0.07260869565217391,0.7465217391304347,0.7142880952380954
RF,0.07260869565217391,0.7469565217391304,0.7136714285714288
RF,0.07304347826086957,0.7469565217391304,0.7134920634920634
RF,0.07304347826086957,0.7478260869565218,0.7133000000000003
RF,0.07347826086956522,0.7478260869565218,0.7132238095238094
RF,0.07347826086956522,0.7491304347826087,0.7108999999999999
RF,0.07391304347826087,0.7491304347826087,0.7101666666666665
RF,0.07391304347826087,0.7521739130434782,0.7088095238095237
RF,0.07434782608695652,0.7521739130434782,0.7087174603174602
RF,0.07434782608695652,0.7573913043478261,0.7057761904761907
RF,0.07478260869565218,0.7573913043478261,0.7055380952380955
RF,0.07478260869565218,0.758695652173913,0.7045833333333331
RF,0.07521739130434782,0.758695652173913,0.70449696969697
RF,0.07521739130434782,0.7591304347826087,0.7041253968253971
RF,0.07565217391304348,0.7591304347826087,0.704119047619048
RF,0.07565217391304348,0.7604347826086957,0.7030000000000001
RF,0.07608695652173914,0.7604347826086957,0.7029738095238096
RF,0.07608695652173914,0.7626086956521739,0.7011880952380951
RF,0.07739130434782608,0.7626086956521739,0.7006666666666667
RF,0.07739130434782608,0.7639130434782608,0.7002333333333333
RF,0.0782608695652174,0.7639130434782608,0.6986999999999999
RF,0.0782608695652174,0.7704347826086957,0.6953190476190475
RF,0.07869565217391304,0.7704347826086957,0.6948666666666665
RF,0.07869565217391304,0.7721739130434783,0.6921952380952382
RF,0.0791304347826087,0.7721739130434783,0.692192857142857
RF,0.0791304347826087,0.7739130434782608,0.6913238095238095
RF,0.07956521739130434,0.7739130434782608,0.6911380952380954
RF,0.07956521739130434,0.7743478260869565,0.6909047619047617
RF,0.08,0.7743478260869565,0.6906428571428571
RF,0.08,0.7756521739130435,0.6898166666666667
RF,0.08043478260869565,0.7756521739130435,0.6897738095238093
RF,0.08043478260869565,0.7760869565217391,0.6894079365079364
RF,0.0808695652173913,0.7760869565217391,0.6892095238095237
RF,0.0808695652173913,0.7778260869565218,0.6879761904761904
RF,0.08130434782608696,0.7778260869565218,0.6863460317460316
RF,0.08130434782608696,0.78,0.6857166666666669
RF,0.0817391304347826,0.78,0.6856333333333332
RF,0.0817391304347826,0.7813043478260869,0.6842999999999999
RF,0.08260869565217391,0.7813043478260869,0.6837833333333336
RF,0.08260869565217391,0.7834782608695652,0.6822666666666668
RF,0.08304347826086957,0.7834782608695652,0.6812047619047621
RF,0.08304347826086957,0.7852173913043479,0.6799499999999999
RF,0.08347826086956522,0.7852173913043479,0.6797857142857144
RF,0.08347826086956522,0.7856521739130434,0.6796333333333333
RF,0.08391304347826087,0.7856521739130434,0.6796285714285714
RF,0.08391304347826087,0.7860869565217391,0.6794761904761906
RF,0.08434782608695653,0.7860869565217391,0.6792190476190476
RF,0.08434782608695653,0.7882608695652173,0.6779333333333333
RF,0.08521739130434783,0.7882608695652173,0.6775999999999998
RF,0.08521739130434783,0.788695652173913,0.6773888888888886
RF,0.08652173913043479,0.788695652173913,0.6765857142857145
RF,0.08652173913043479,0.7891304347826087,0.6764666666666667
RF,0.08695652173913043,0.7891304347826087,0.6756
RF,0.08695652173913043,0.7904347826086957,0.6748984126984128
RF,0.08782608695652173,0.7904347826086957,0.6737333333333333
RF,0.08782608695652173,0.7908695652173913,0.6733833333333333
RF,0.08826086956521739,0.7908695652173913,0.6729158730158731
RF,0.08826086956521739,0.7917391304347826,0.6719619047619049
RF,0.08869565217391304,0.7917391304347826,0.6713293650793647
RF,0.08869565217391304,0.7952173913043479,0.6687666666666667
RF,0.0891304347826087,0.7952173913043479,0.6686666666666665
RF,0.0891304347826087,0.7956521739130434,0.6685380952380955
RF,0.09,0.7956521739130434,0.6678952380952381
RF,0.09,0.7973913043478261,0.6669769841269843
RF,0.09043478260869565,0.7973913043478261,0.6666952380952386
RF,0.09043478260869565,0.8,0.6645380952380952
RF,0.09130434782608696,0.8,0.6637833333333333
RF,0.09130434782608696,0.8004347826086956,0.6635095238095238
RF,0.09173913043478261,0.8004347826086956,0.6630761904761906
RF,0.09173913043478261,0.8008695652173913,0.6630714285714283
RF,0.09260869565217392,0.8008695652173913,0.6626761904761904
RF,0.09260869565217392,0.8017391304347826,0.6614833333333332
RF,0.09304347826086956,0.8017391304347826,0.6612111111111111
RF,0.09304347826086956,0.802608695652174,0.6586214285714284
RF,0.09347826086956522,0.802608695652174,0.6585190476190478
RF,0.09347826086956522,0.8030434782608695,0.6568
RF,0.09391304347826086,0.8030434782608695,0.6552619047619048
RF,0.09391304347826086,0.8039130434782609,0.6551523809523808
RF,0.09434782608695652,0.8039130434782609,0.6551380952380953
RF,0.09434782608695652,0.8060869565217391,0.6544619047619047
RF,0.09478260869565218,0.8060869565217391,0.6539285714285714
RF,0.09478260869565218,0.8065217391304348,0.6530333333333335
RF,0.09565217391304348,0.8065217391304348,0.6522333333333333
RF,0.09565217391304348,0.8069565217391305,0.651395238095238
RF,0.09608695652173913,0.8069565217391305,0.6506523809523806
RF,0.09608695652173913,0.8073913043478261,0.6504452380952382
RF,0.09652173913043478,0.8073913043478261,0.6494952380952378
RF,0.09652173913043478,0.808695652173913,0.6488642857142859
RF,0.09695652173913044,0.808695652173913,0.6485857142857144
RF,0.09695652173913044,0.81,0.6472761904761904
RF,0.09739130434782609,0.81,0.6470952380952382
RF,0.09739130434782609,0.8104347826086956,0.6459904761904762
RF,0.09826086956521739,0.8104347826086956,0.6450999999999998
RF,0.09826086956521739,0.8108695652173913,0.6446285714285713
RF,0.09869565217391305,0.8108695652173913,0.6443476190476191
RF,0.09869565217391305,0.811304347826087,0.64385
RF,0.09956521739130435,0.811304347826087,0.6431714285714286
RF,0.09956521739130435,0.8134782608695652,0.6415857142857144
RF,0.1,0.8134782608695652,0.6412666666666668
RF,0.1,0.8143478260869565,0.639811904761905
RF,0.10043478260869565,0.8143478260869565,0.6396666666666665
RF,0.10043478260869565,0.8160869565217391,0.6387650793650794
RF,0.10086956521739131,0.8160869565217391,0.6385904761904763
RF,0.10086956521739131,0.8173913043478261,0.6370333333333335
RF,0.10130434782608695,0.8173913043478261,0.6360238095238097
RF,0.10130434782608695,0.8195652173913044,0.6336476190476189
RF,0.10217391304347827,0.8195652173913044,0.6330119047619047
RF,0.10217391304347827,0.8208695652173913,0.6323666666666667
RF,0.10391304347826087,0.8208695652173913,0.6315
RF,0.10391304347826087,0.8221739130434783,0.6310714285714286
RF,0.10434782608695652,0.8221739130434783,0.630547619047619
RF,0.10434782608695652,0.8226086956521739,0.6300349206349206
RF,0.10478260869565217,0.8226086956521739,0.6299904761904763
RF,0.10478260869565217,0.8234782608695652,0.6289666666666667
RF,0.10521739130434783,0.8234782608695652,0.6286111111111111
RF,0.10521739130434783,0.8247826086956521,0.6282833333333333
RF,0.10565217391304348,0.8247826086956521,0.6282666666666665
RF,0.10565217391304348,0.8269565217391305,0.6258904761904762
RF,0.10608695652173913,0.8269565217391305,0.6251285714285714
RF,0.10608695652173913,0.827391304347826,0.6245714285714288
RF,0.10652173913043478,0.827391304347826,0.6245523809523807
RF,0.10652173913043478,0.8278260869565217,0.6234238095238097
RF,0.10695652173913044,0.8278260869565217,0.622909523809524
RF,0.10695652173913044,0.8282608695652174,0.6225476190476189
RF,0.10739130434782608,0.8282608695652174,0.6216619047619046
RF,0.10739130434782608,0.828695652173913,0.6214333333333334
RF,0.1091304347826087,0.828695652173913,0.6203714285714284
RF,0.1091304347826087,0.8295652173913044,0.6194666666666666
RF,0.10956521739130434,0.8295652173913044,0.6194285714285713
RF,0.10956521739130434,0.8304347826086956,0.6193119047619048
RF,0.11217391304347826,0.8304347826086956,0.6178666666666668
RF,0.11217391304347826,0.8326086956521739,0.6153619047619048
RF,0.1126086956521739,0.8326086956521739,0.6151428571428572
RF,0.1126086956521739,0.8330434782608696,0.6151190476190477
RF,0.11347826086956522,0.8330434782608696,0.6141833333333335
RF,0.11347826086956522,0.8339130434782609,0.6128952380952382
RF,0.11478260869565217,0.8339130434782609,0.6114
RF,0.11478260869565217,0.8356521739130435,0.6098619047619048
RF,0.11565217391304349,0.8356521739130435,0.6087333333333335
RF,0.11565217391304349,0.8365217391304348,0.606833333333333
RF,0.11608695652173913,0.8365217391304348,0.6063023809523806
RF,0.11608695652173913,0.8369565217391305,0.6052000000000002
RF,0.11652173913043479,0.8369565217391305,0.6044119047619047
RF,0.11652173913043479,0.837391304347826,0.6042428571428572
RF,0.11695652173913043,0.837391304347826,0.604214285714286
RF,0.11695652173913043,0.8391304347826087,0.6037285714285715
RF,0.11739130434782609,0.8391304347826087,0.6035507936507937
RF,0.11739130434782609,0.8395652173913043,0.6032476190476189
RF,0.11782608695652173,0.8395652173913043,0.6027333333333335
RF,0.11782608695652173,0.841304347826087,0.6016619047619048
RF,0.11869565217391305,0.841304347826087,0.6015333333333335
RF,0.11869565217391305,0.8443478260869566,0.5982714285714285
RF,0.1191304347826087,0.8443478260869566,0.5973603174603177
RF,0.1191304347826087,0.8452173913043478,0.5960000000000001
RF,0.11956521739130435,0.8452173913043478,0.5954952380952381
RF,0.11956521739130435,0.8465217391304348,0.5933428571428574
RF,0.12,0.8465217391304348,0.5931952380952382
RF,0.12,0.8469565217391304,0.5931666666666667
RF,0.12043478260869565,0.8469565217391304,0.5920666666666669
RF,0.12043478260869565,0.8478260869565217,0.5916809523809522
RF,0.1208695652173913,0.8478260869565217,0.591247619047619
RF,0.1208695652173913,0.8491304347826087,0.5899714285714288
RF,0.12130434782608696,0.8491304347826087,0.5899047619047619
RF,0.12130434782608696,0.8508695652173913,0.5856666666666667
RF,0.12260869565217392,0.8508695652173913,0.5842
RF,0.12260869565217392,0.8517391304347826,0.5839904761904762
RF,0.12304347826086956,0.8517391304347826,0.5839714285714287
RF,0.12304347826086956,0.8526086956521739,0.5815809523809526
RF,0.12391304347826088,0.8526086956521739,0.5811809523809524
RF,0.12391304347826088,0.8530434782608696,0.5802523809523807
RF,0.12521739130434784,0.8530434782608696,0.579404761904762
RF,0.12521739130434784,0.8534782608695652,0.5793904761904761
RF,0.1265217391304348,0.8534782608695652,0.5783595238095238
RF,0.1265217391304348,0.8547826086956521,0.5779666666666669
RF,0.12695652173913044,0.8547826086956521,0.5779000000000001
RF,0.12695652173913044,0.8552173913043478,0.5772785714285715
RF,0.12782608695652173,0.8552173913043478,0.575847619047619
RF,0.12782608695652173,0.8560869565217392,0.575607142857143
RF,0.1282608695652174,0.8560869565217392,0.5750333333333335
RF,0.1282608695652174,0.8565217391304348,0.5748142857142855
RF,0.12869565217391304,0.8565217391304348,0.5742571428571428
RF,0.12869565217391304,0.8578260869565217,0.5732190476190479
RF,0.13,0.8578260869565217,0.571
RF,0.13,0.8595652173913043,0.5692666666666666
RF,0.13043478260869565,0.8595652173913043,0.5677000000000002
RF,0.13043478260869565,0.86,0.5668428571428572
RF,0.1308695652173913,0.86,0.5666809523809523
RF,0.1308695652173913,0.8604347826086957,0.5666769230769231
RF,0.13130434782608696,0.8604347826086957,0.5665523809523809
RF,0.13130434782608696,0.861304347826087,0.5660666666666666
RF,0.13304347826086957,0.861304347826087,0.565192857142857
RF,0.13304347826086957,0.8626086956521739,0.5645809523809524
RF,0.1334782608695652,0.8626086956521739,0.5645119047619048
RF,0.1334782608695652,0.8634782608695653,0.5642023809523808
RF,0.13434782608695653,0.8634782608695653,0.5633523809523812
RF,0.13434782608695653,0.8643478260869565,0.5628928571428573
RF,0.13478260869565217,0.8643478260869565,0.5626333333333332
RF,0.13478260869565217,0.8647826086956522,0.5607514825660199
RF,0.13521739130434782,0.8647826086956522,0.5607238095238094
RF,0.13521739130434782,0.8652173913043478,0.5594523809523809
RF,0.13608695652173913,0.8652173913043478,0.5593507936507935
RF,0.13608695652173913,0.8669565217391304,0.5585761904761907
RF,0.13695652173913042,0.8669565217391304,0.5581729578227895
RF,0.13695652173913042,0.8673913043478261,0.5567952380952383
RF,0.13782608695652174,0.8673913043478261,0.5558333333333334
RF,0.13782608695652174,0.8678260869565217,0.5558095238095239
RF,0.13869565217391305,0.8678260869565217,0.5541880952380954
RF,0.13869565217391305,0.8682608695652174,0.5540809523809525
RF,0.14,0.8682608695652174,0.5530619047619049
RF,0.14,0.8691304347826087,0.5518
RF,0.14043478260869566,0.8691304347826087,0.5506714285714286
RF,0.14043478260869566,0.8695652173913043,0.5497952380952382
RF,0.1408695652173913,0.8695652173913043,0.5496
RF,0.1408695652173913,0.87,0.5491714285714286
RF,0.14130434782608695,0.87,0.548831746031746
RF,0.14130434782608695,0.8730434782608696,0.5475428571428571
RF,0.14173913043478262,0.8730434782608696,0.5469999999999998
RF,0.14173913043478262,0.8760869565217392,0.54255
RF,0.14217391304347826,0.8760869565217392,0.5402095238095239
RF,0.14217391304347826,0.8773913043478261,0.5381777777777779
RF,0.1426086956521739,0.8773913043478261,0.5372547619047621
RF,0.1426086956521739,0.8778260869565218,0.5372333333333333
RF,0.14304347826086958,0.8778260869565218,0.5367
RF,0.14304347826086958,0.878695652173913,0.5357714285714285
RF,0.14478260869565218,0.878695652173913,0.5345095238095238
RF,0.14478260869565218,0.8791304347826087,0.5342095238095237
RF,0.14521739130434783,0.8791304347826087,0.5341619047619048
RF,0.14521739130434783,0.88,0.5337000000000001
RF,0.14608695652173914,0.88,0.5333380952380954
RF,0.14608695652173914,0.8808695652173913,0.533061904761905
RF,0.14652173913043479,0.8808695652173913,0.5326190476190478
RF,0.14652173913043479,0.8817391304347826,0.5313000000000001
RF,0.14695652173913043,0.8817391304347826,0.5310999999999999
RF,0.14695652173913043,0.8826086956521739,0.5306666666666666
RF,0.14739130434782607,0.8826086956521739,0.5306190476190478
RF,0.14739130434782607,0.8834782608695653,0.5304476190476191
RF,0.1482608695652174,0.8834782608695653,0.5280000000000001
RF,0.1482608695652174,0.8843478260869565,0.5271666666666668
RF,0.14956521739130435,0.8843478260869565,0.5244428571428572
RF,0.14956521739130435,0.8856521739130435,0.5239
RF,0.15,0.8856521739130435,0.5236999999999998
RF,0.15,0.8869565217391304,0.5222380952380952
RF,0.15130434782608695,0.8869565217391304,0.5198095238095236
RF,0.15130434782608695,0.8873913043478261,0.5188571428571429
RF,0.1517391304347826,0.8873913043478261,0.5187095238095238
RF,0.1517391304347826,0.8891304347826087,0.5148952380952381
RF,0.15391304347826087,0.8891304347826087,0.5113285714285715
RF,0.15391304347826087,0.89,0.5091055555555556
RF,0.15434782608695652,0.89,0.5084571428571428
RF,0.15434782608695652,0.8917391304347826,0.5066833333333334
RF,0.15608695652173912,0.8917391304347826,0.5050999999999999
RF,0.15608695652173912,0.8921739130434783,0.5050714285714286
RF,0.1582608695652174,0.8921739130434783,0.5007333333333334
RF,0.1582608695652174,0.8926086956521739,0.500552380952381
RF,0.15869565217391304,0.8926086956521739,0.49978809523809514
RF,0.15869565217391304,0.8952173913043479,0.4959333333333333
RF,0.16,0.8952173913043479,0.49425
RF,0.16,0.8960869565217391,0.4932380952380954
RF,0.1608695652173913,0.8960869565217391,0.4922761904761904
RF,0.1608695652173913,0.8965217391304348,0.4922761904761903
RF,0.16260869565217392,0.8965217391304348,0.49028253968253954
RF,0.16260869565217392,0.8973913043478261,0.4880309523809523
RF,0.1634782608695652,0.8973913043478261,0.4872142857142857
RF,0.1634782608695652,0.9004347826086957,0.4835333333333332
RF,0.16434782608695653,0.9004347826086957,0.48175000000000007
RF,0.16434782608695653,0.9017391304347826,0.48073809523809535
RF,0.16478260869565217,0.9017391304347826,0.48060476190476187
RF,0.16478260869565217,0.9021739130434783,0.4803095238095238
RF,0.16521739130434782,0.9021739130434783,0.4800000000000002
RF,0.16521739130434782,0.9026086956521739,0.4793261904761906
RF,0.1656521739130435,0.9026086956521739,0.4792761904761904
RF,0.1656521739130435,0.9030434782608696,0.47901428571428556
RF,0.16652173913043478,0.9030434782608696,0.47685714285714287
RF,0.16652173913043478,0.9039130434782608,0.4760904761904761
RF,0.16695652173913045,0.9039130434782608,0.4759166666666667
RF,0.16695652173913045,0.9056521739130434,0.4742285714285714
RF,0.16826086956521738,0.9056521739130434,0.4734777777777778
RF,0.16826086956521738,0.9065217391304348,0.4733047619047619
RF,0.16956521739130434,0.9065217391304348,0.4707666666666666
RF,0.16956521739130434,0.9069565217391304,0.4706404761904762
RF,0.17043478260869566,0.9069565217391304,0.4694666666666666
RF,0.17043478260869566,0.9073913043478261,0.4693
RF,0.17173913043478262,0.9073913043478261,0.4645142857142857
RF,0.17173913043478262,0.9078260869565218,0.4639571428571429
RF,0.17217391304347826,0.9078260869565218,0.46282698412698403
RF,0.17217391304347826,0.9082608695652173,0.4625928571428571
RF,0.1726086956521739,0.9082608695652173,0.4623666666666668
RF,0.1726086956521739,0.9091304347826087,0.4615865079365079
RF,0.17347826086956522,0.9091304347826087,0.4605285714285713
RF,0.17347826086956522,0.9095652173913044,0.4605
RF,0.17391304347826086,0.9095652173913044,0.4603666666666669
RF,0.17391304347826086,0.91,0.4592571428571428
RF,0.17478260869565218,0.91,0.4583952380952381
RF,0.17478260869565218,0.9113043478260869,0.4555428571428572
RF,0.17608695652173914,0.9113043478260869,0.4540174603174602
RF,0.17608695652173914,0.9117391304347826,0.45301428571428576
RF,0.17652173913043478,0.9117391304347826,0.45263333333333317
RF,0.17652173913043478,0.912608695652174,0.451004761904762
RF,0.17782608695652175,0.912608695652174,0.44914523809523804
RF,0.17782608695652175,0.9134782608695652,0.44639047619047617
RF,0.18,0.9134782608695652,0.44304285714285724
RF,0.18,0.9139130434782609,0.44202857142857144
RF,0.18217391304347827,0.9139130434782609,0.4406333333333333
RF,0.18217391304347827,0.9143478260869565,0.4403333333333333
RF,0.18347826086956523,0.9143478260869565,0.4384333333333333
RF,0.18347826086956523,0.9147826086956522,0.438276984126984
RF,0.18478260869565216,0.9147826086956522,0.43510476190476194
RF,0.18478260869565216,0.9165217391304348,0.43397777777777774
RF,0.18565217391304348,0.9165217391304348,0.4332285714285713
RF,0.18565217391304348,0.9169565217391304,0.43108095238095245
RF,0.1865217391304348,0.9169565217391304,0.42939047619047627
RF,0.1865217391304348,0.9173913043478261,0.4293238095238096
RF,0.18739130434782608,0.9173913043478261,0.42732857142857167
RF,0.18739130434782608,0.9178260869565218,0.42712380952380946
RF,0.18782608695652173,0.9178260869565218,0.42700476190476194
RF,0.18782608695652173,0.9182608695652174,0.4262809523809523
RF,0.1891304347826087,0.9182608695652174,0.42395000000000005
RF,0.1891304347826087,0.918695652173913,0.42297619047619045
RF,0.19086956521739132,0.918695652173913,0.42107142857142843
RF,0.19086956521739132,0.9191304347826087,0.41926666666666673
RF,0.19434782608695653,0.9191304347826087,0.4115047619047618
RF,0.19434782608695653,0.9195652173913044,0.41143809523809516
RF,0.19478260869565217,0.9195652173913044,0.41026190476190477
RF,0.19478260869565217,0.92,0.41015238095238093
RF,0.19782608695652174,0.92,0.40740952380952383
RF,0.19782608695652174,0.9204347826086956,0.4073595238095238
RF,0.2,0.9204347826086956,0.404995238095238
RF,0.2,0.9221739130434783,0.40175238095238097
RF,0.20043478260869566,0.9221739130434783,0.39958095238095237
RF,0.20043478260869566,0.922608695652174,0.39926666666666666
RF,0.20173913043478262,0.922608695652174,0.39770952380952385
RF,0.20173913043478262,0.9247826086956522,0.39296190476190473
RF,0.20304347826086958,0.9247826086956522,0.3913904761904762
RF,0.20304347826086958,0.9265217391304348,0.3888
RF,0.20565217391304347,0.9265217391304348,0.3851166666666667
RF,0.20565217391304347,0.9269565217391305,0.38400238095238104
RF,0.2073913043478261,0.9269565217391305,0.3817809523809524
RF,0.2073913043478261,0.9278260869565217,0.38149365079365066
RF,0.2082608695652174,0.9278260869565217,0.380247619047619
RF,0.2082608695652174,0.9282608695652174,0.3800238095238095
RF,0.21043478260869566,0.9282608695652174,0.375152380952381
RF,0.21043478260869566,0.928695652173913,0.37484999999999996
RF,0.21130434782608695,0.928695652173913,0.3723936507936509
RF,0.21130434782608695,0.9295652173913044,0.37171904761904767
RF,0.21217391304347827,0.9295652173913044,0.37066825396825415
RF,0.21217391304347827,0.93,0.37063333333333326
RF,0.2126086956521739,0.93,0.3703142857142857
RF,0.2126086956521739,0.9304347826086956,0.37018095238095233
RF,0.21521739130434783,0.9304347826086956,0.36208095238095245
RF,0.21521739130434783,0.9317391304347826,0.36108095238095245
RF,0.21608695652173912,0.9317391304347826,0.3604952380952381
RF,0.21608695652173912,0.9326086956521739,0.3600333333333334
RF,0.21869565217391304,0.9326086956521739,0.35755714285714285
RF,0.21869565217391304,0.9334782608695652,0.35696190476190465
RF,0.22086956521739132,0.9334782608695652,0.35413333333333324
RF,0.22086956521739132,0.9343478260869565,0.35376190476190483
RF,0.2217391304347826,0.9343478260869565,0.35101428571428567
RF,0.2217391304347826,0.9347826086956522,0.35031428571428574
RF,0.22391304347826088,0.9347826086956522,0.34798571428571434
RF,0.22391304347826088,0.9352173913043478,0.3476738095238095
RF,0.22434782608695653,0.9352173913043478,0.34752857142857146
RF,0.22434782608695653,0.9356521739130435,0.3471047619047619
RF,0.2252173913043478,0.9356521739130435,0.34611428571428576
RF,0.2252173913043478,0.9369565217391305,0.3443285714285715
RF,0.22652173913043477,0.9369565217391305,0.33961428571428576
RF,0.22652173913043477,0.9373913043478261,0.338947619047619
RF,0.2291304347826087,0.9373913043478261,0.3349690476190477
RF,0.2291304347826087,0.938695652173913,0.3336666666666665
RF,0.22956521739130434,0.938695652173913,0.3334000000000001
RF,0.22956521739130434,0.9395652173913044,0.33235238095238095
RF,0.23,0.9395652173913044,0.3321777777777778
RF,0.23,0.94,0.3320666666666666
RF,0.23173913043478261,0.94,0.32997142857142864
RF,0.23173913043478261,0.9404347826086956,0.3298666666666667
RF,0.23217391304347826,0.9404347826086956,0.3297523809523811
RF,0.23217391304347826,0.941304347826087,0.32928095238095245
RF,0.2326086956521739,0.941304347826087,0.32909047619047616
RF,0.2326086956521739,0.9421739130434783,0.3281833333333334
RF,0.23347826086956522,0.9421739130434783,0.325647619047619
RF,0.23347826086956522,0.9430434782608695,0.32474285714285717
RF,0.23391304347826086,0.9430434782608695,0.3246952380952381
RF,0.23391304347826086,0.9434782608695652,0.32436190476190485
RF,0.23652173913043478,0.9434782608695652,0.3204333333333334
RF,0.23652173913043478,0.9439130434782609,0.31955238095238087
RF,0.2373913043478261,0.9439130434782609,0.3189999999999999
RF,0.2373913043478261,0.9443478260869566,0.31836904761904766
RF,0.2382608695652174,0.9443478260869566,0.3166190476190477
RF,0.2382608695652174,0.9447826086956522,0.3161974025974026
RF,0.23869565217391303,0.9447826086956522,0.31606984126984133
RF,0.23869565217391303,0.9456521739130435,0.3157166666666667
RF,0.24695652173913044,0.9456521739130435,0.3052666666666666
RF,0.24695652173913044,0.9460869565217391,0.3044285714285715
RF,0.24739130434782608,0.9460869565217391,0.3038047619047618
RF,0.24739130434782608,0.9465217391304348,0.30343333333333333
RF,0.24913043478260868,0.9465217391304348,0.301295238095238
RF,0.24913043478260868,0.9469565217391305,0.30126190476190484
RF,0.24956521739130436,0.9469565217391305,0.3005142857142857
RF,0.24956521739130436,0.947391304347826,0.30042380952380937
RF,0.25608695652173913,0.947391304347826,0.28980952380952385
RF,0.25608695652173913,0.9478260869565217,0.28935714285714287
RF,0.2569565217391304,0.9478260869565217,0.28888333333333327
RF,0.2569565217391304,0.9482608695652174,0.28845
RF,0.25782608695652176,0.9482608695652174,0.28788333333333327
RF,0.25782608695652176,0.948695652173913,0.2873523809523811
RF,0.26217391304347826,0.948695652173913,0.2828809523809524
RF,0.26217391304347826,0.9491304347826087,0.28271666666666667
RF,0.2634782608695652,0.9491304347826087,0.28165238095238104
RF,0.2634782608695652,0.9495652173913044,0.2806
RF,0.26521739130434785,0.9495652173913044,0.2790333333333333
RF,0.26521739130434785,0.95,0.2778095238095238
RF,0.26608695652173914,0.95,0.2771166666666667
RF,0.26608695652173914,0.9504347826086956,0.2768575757575757
RF,0.2678260869565217,0.9504347826086956,0.2751666666666667
RF,0.2678260869565217,0.9508695652173913,0.2750285714285715
RF,0.26869565217391306,0.9508695652173913,0.27350476190476186
RF,0.26869565217391306,0.951304347826087,0.27335238095238085
RF,0.27304347826086955,0.951304347826087,0.2680285714285714
RF,0.27304347826086955,0.9521739130434783,0.26749999999999996
RF,0.2743478260869565,0.9521739130434783,0.2645904761904761
RF,0.2743478260869565,0.9526086956521739,0.2645619047619048
RF,0.2756521739130435,0.9526086956521739,0.2637142857142856
RF,0.2756521739130435,0.9530434782608695,0.2634547619047618
RF,0.27652173913043476,0.9530434782608695,0.26328571428571423
RF,0.27652173913043476,0.9534782608695652,0.263
RF,0.2808695652173913,0.9534782608695652,0.26042857142857145
RF,0.2808695652173913,0.9539130434782609,0.25988333333333336
RF,0.2821739130434783,0.9539130434782609,0.2589333333333334
RF,0.2821739130434783,0.9547826086956521,0.25731428571428566
RF,0.2921739130434783,0.9547826086956521,0.24467142857142854
RF,0.2921739130434783,0.9552173913043478,0.24409999999999996
RF,0.29391304347826086,0.9552173913043478,0.2426388888888889
RF,0.29391304347826086,0.9556521739130435,0.24166190476190472
RF,0.29782608695652174,0.9556521739130435,0.2389690476190476
RF,0.29782608695652174,0.9569565217391305,0.23816190476190485
RF,0.3026086956521739,0.9569565217391305,0.2330666666666667
RF,0.3026086956521739,0.957391304347826,0.23290238095238094
RF,0.3030434782608696,0.957391304347826,0.2328095238095238
RF,0.3030434782608696,0.9578260869565217,0.23273333333333332
RF,0.3060869565217391,0.9578260869565217,0.22999682539682545
RF,0.3060869565217391,0.9582608695652174,0.22990000000000005
RF,0.30782608695652175,0.9582608695652174,0.22876666666666667
RF,0.30782608695652175,0.9595652173913043,0.22651666666666664
RF,0.31043478260869567,0.9595652173913043,0.22294761904761914
RF,0.31043478260869567,0.96,0.22258333333333338
RF,0.3126086956521739,0.96,0.22096666666666664
RF,0.3126086956521739,0.9604347826086956,0.22092380952380955
RF,0.31565217391304345,0.9604347826086956,0.21664285714285716
RF,0.31565217391304345,0.9608695652173913,0.21658095238095235
RF,0.3182608695652174,0.9608695652173913,0.21474761904761905
RF,0.3182608695652174,0.961304347826087,0.21365476190476196
RF,0.32,0.961304347826087,0.21235238095238088
RF,0.32,0.9617391304347827,0.2120666666666667
RF,0.32217391304347825,0.9617391304347827,0.20985000000000004
RF,0.32217391304347825,0.9626086956521739,0.20887619047619052
RF,0.3239130434782609,0.9626086956521739,0.20666111111111107
RF,0.3239130434782609,0.9630434782608696,0.2066523809523809
RF,0.32608695652173914,0.9630434782608696,0.20355714285714285
RF,0.32608695652173914,0.9634782608695652,0.20351904761904768
RF,0.3265217391304348,0.9634782608695652,0.20253333333333334
RF,0.3265217391304348,0.9639130434782609,0.20164999999999994
RF,0.32869565217391306,0.9639130434782609,0.19919999999999996
RF,0.32869565217391306,0.9643478260869566,0.19915714285714287
RF,0.33043478260869563,0.9643478260869566,0.19731666666666672
RF,0.33043478260869563,0.9647826086956521,0.19688095238095238
RF,0.33217391304347826,0.9647826086956521,0.19316666666666665
RF,0.33217391304347826,0.9652173913043478,0.19251428571428575
RF,0.3347826086956522,0.9652173913043478,0.18949047619047618
RF,0.3347826086956522,0.9656521739130435,0.18940000000000004
RF,0.33608695652173914,0.9656521739130435,0.18830000000000005
RF,0.33608695652173914,0.9660869565217391,0.18774999999999994
RF,0.3373913043478261,0.9660869565217391,0.18680000000000002
RF,0.3373913043478261,0.9665217391304348,0.186
RF,0.3378260869565217,0.9665217391304348,0.18581904761904763
RF,0.3378260869565217,0.9669565217391304,0.18548888888888887
RF,0.3408695652173913,0.9669565217391304,0.18360952380952378
RF,0.3408695652173913,0.967391304347826,0.18289523809523808
RF,0.34608695652173915,0.967391304347826,0.17903333333333332
RF,0.34608695652173915,0.9678260869565217,0.1781603174603175
RF,0.34782608695652173,0.9678260869565217,0.17576666666666665
RF,0.34782608695652173,0.9682608695652174,0.17574285714285715
RF,0.35130434782608694,0.9682608695652174,0.17215476190476192
RF,0.35130434782608694,0.9686956521739131,0.1720666666666667
RF,0.3617391304347826,0.9686956521739131,0.16270000000000004
RF,0.3617391304347826,0.9691304347826087,0.16261428571428566
RF,0.37,0.9691304347826087,0.15610476190476189
RF,0.3708695652173913,0.9691304347826087,0.1556809523809524
RF,0.37217391304347824,0.9691304347826087,0.155
RF,0.37217391304347824,0.9708695652173913,0.15274761904761902
RF,0.3726086956521739,0.9708695652173913,0.15188095238095234
RF,0.3726086956521739,0.971304347826087,0.15126666666666666
RF,0.3839130434782609,0.971304347826087,0.14473333333333332
RF,0.3839130434782609,0.9717391304347827,0.14457619047619044
RF,0.3882608695652174,0.9717391304347827,0.14124956709956712
RF,0.3882608695652174,0.9721739130434782,0.14096666666666666
RF,0.39,0.9721739130434782,0.1390666666666667
RF,0.39,0.9730434782608696,0.13775555555555555
RF,0.39869565217391306,0.9730434782608696,0.13221428571428573
RF,0.39869565217391306,0.9734782608695652,0.13214285714285712
RF,0.40347826086956523,0.9734782608695652,0.12899285714285713
RF,0.40347826086956523,0.9739130434782609,0.1289253968253968
RF,0.4252173913043478,0.9739130434782609,0.11951666666666669
RF,0.4252173913043478,0.9743478260869565,0.11929999999999998
RF,0.4265217391304348,0.9743478260869565,0.11874761904761905
RF,0.4265217391304348,0.9756521739130435,0.11853809523809525
RF,0.4291304347826087,0.9756521739130435,0.11687619047619047
RF,0.4291304347826087,0.9760869565217392,0.11681666666666668
RF,0.43043478260869567,0.9760869565217392,0.11567857142857145
RF,0.43043478260869567,0.9765217391304348,0.11556666666666669
RF,0.43434782608695655,0.9765217391304348,0.11453333333333335
RF,0.43434782608695655,0.9769565217391304,0.11423809523809524
RF,0.43782608695652175,0.9769565217391304,0.1132547619047619
RF,0.43869565217391304,0.9769565217391304,0.11316666666666667
RF,0.44217391304347825,0.9769565217391304,0.11131428571428571
RF,0.44217391304347825,0.9773913043478261,0.11111666666666667
RF,0.4426086956521739,0.9773913043478261,0.11102857142857141
RF,0.4426086956521739,0.9778260869565217,0.11079523809523809
RF,0.4473913043478261,0.9778260869565217,0.10884285714285716
RF,0.4473913043478261,0.9786956521739131,0.10826666666666666
RF,0.44782608695652176,0.9786956521739131,0.1082
RF,0.44782608695652176,0.9791304347826087,0.10804761904761902
RF,0.45,0.9791304347826087,0.10716190476190476
RF,0.45,0.9795652173913043,0.10647619047619049
RF,0.4504347826086956,0.9795652173913043,0.10641904761904764
RF,0.4504347826086956,0.98,0.10611904761904765
RF,0.45521739130434785,0.98,0.1042
RF,0.45521739130434785,0.9804347826086957,0.10406666666666668
RF,0.46304347826086956,0.9804347826086957,0.1017333333333333
RF,0.46304347826086956,0.9817391304347826,0.1011809523809524
RF,0.46391304347826084,0.9817391304347826,0.10101666666666669
RF,0.46391304347826084,0.9821739130434782,0.10093333333333332
RF,0.47608695652173916,0.9821739130434782,0.0975904761904762
RF,0.47608695652173916,0.9826086956521739,0.09730476190476191
RF,0.47782608695652173,0.9826086956521739,0.09664761904761905
RF,0.47782608695652173,0.9834782608695652,0.09648809523809522
RF,0.4791304347826087,0.9834782608695652,0.09624047619047617
RF,0.4791304347826087,0.9839130434782609,0.09616666666666662
RF,0.48,0.9839130434782609,0.09559999999999999
RF,0.48,0.9843478260869565,0.09556666666666666
RF,0.4908695652173913,0.9843478260869565,0.09173333333333335
RF,0.4908695652173913,0.9847826086956522,0.0913809523809524
RF,0.49434782608695654,0.9847826086956522,0.09077857142857146
RF,0.49434782608695654,0.9852173913043478,0.09068253968253968
RF,0.4969565217391304,0.9852173913043478,0.08982857142857145
RF,0.4969565217391304,0.9856521739130435,0.08966666666666667
RF,0.5039130434782608,0.9856521739130435,0.08804761904761904
RF,0.5039130434782608,0.9860869565217392,0.08776190476190476
RF,0.5047826086956522,0.9860869565217392,0.08728095238095238
RF,0.5047826086956522,0.9865217391304347,0.08706904761904763
RF,0.5082608695652174,0.9865217391304347,0.0862666666666667
RF,0.5082608695652174,0.9869565217391304,0.08586190476190475
RF,0.5230434782608696,0.9869565217391304,0.08131111111111111
RF,0.5230434782608696,0.9873913043478261,0.08121428571428571
RF,0.5234782608695652,0.9873913043478261,0.08119523809523808
RF,0.5234782608695652,0.9878260869565217,0.08093333333333334
RF,0.5313043478260869,0.9878260869565217,0.07913333333333332
RF,0.5313043478260869,0.9882608695652174,0.0788984126984127
RF,0.5413043478260869,0.9882608695652174,0.07656666666666666
RF,0.5413043478260869,0.9886956521739131,0.07641428571428571
RF,0.5456521739130434,0.9886956521739131,0.07552142857142856
RF,0.5456521739130434,0.9891304347826086,0.07548095238095237
RF,0.5534782608695652,0.9891304347826086,0.07316666666666669
RF,0.5534782608695652,0.9895652173913043,0.07313333333333331
RF,0.5621739130434783,0.9895652173913043,0.06978333333333334
RF,0.5621739130434783,0.99,0.06962857142857143
RF,0.5708695652173913,0.99,0.06793333333333333
RF,0.5717391304347826,0.99,0.0679
RF,0.577391304347826,0.99,0.06616190476190476
RF,0.577391304347826,0.9904347826086957,0.06606666666666666
RF,0.5821739130434782,0.9904347826086957,0.06501031746031745
RF,0.5830434782608696,0.9904347826086957,0.06493333333333334
RF,0.5860869565217391,0.9904347826086957,0.06430000000000001
RF,0.5860869565217391,0.9908695652173913,0.06416666666666668
RF,0.5986956521739131,0.9908695652173913,0.0618952380952381
RF,0.5986956521739131,0.991304347826087,0.06185000000000001
RF,0.6069565217391304,0.991304347826087,0.06031428571428572
RF,0.6078260869565217,0.991304347826087,0.06010952380952381
RF,0.6082608695652174,0.991304347826087,0.059999999999999984
RF,0.6082608695652174,0.9917391304347826,0.05991904761904762
RF,0.6173913043478261,0.9917391304347826,0.057719047619047635
RF,0.6173913043478261,0.9921739130434782,0.057533333333333325
RF,0.621304347826087,0.9921739130434782,0.05718095238095238
RF,0.621304347826087,0.9926086956521739,0.05706666666666666
RF,0.6256521739130435,0.9926086956521739,0.05646666666666665
RF,0.6265217391304347,0.9926086956521739,0.056433333333333335
RF,0.6347826086956522,0.9926086956521739,0.05477142857142857
RF,0.6347826086956522,0.9930434782608696,0.05476666666666666
RF,0.6495652173913044,0.9930434782608696,0.05215714285714287
RF,0.6504347826086957,0.9930434782608696,0.052099999999999994
RF,0.6547826086956522,0.9930434782608696,0.05123333333333334
RF,0.6556521739130434,0.9930434782608696,0.05123333333333333
RF,0.6560869565217391,0.9930434782608696,0.051233333333333325
RF,0.6569565217391304,0.9930434782608696,0.05113333333333334
RF,0.6665217391304348,0.9930434782608696,0.04928095238095237
RF,0.6673913043478261,0.9930434782608696,0.04926666666666667
RF,0.6682608695652174,0.9930434782608696,0.049180952380952374
RF,0.668695652173913,0.9934782608695653,0.04916666666666667
RF,0.6691304347826087,0.9934782608695653,0.049138095238095224
RF,0.6691304347826087,0.9939130434782608,0.049133333333333334
RF,0.6717391304347826,0.9939130434782608,0.048766666666666666
RF,0.6717391304347826,0.9943478260869565,0.04876190476190475
RF,0.6773913043478261,0.9943478260869565,0.04753333333333333
RF,0.6773913043478261,0.9947826086956522,0.047357142857142855
RF,0.678695652173913,0.9947826086956522,0.04715238095238095
RF,0.6795652173913044,0.9947826086956522,0.04713333333333334
RF,0.681304347826087,0.9947826086956522,0.04683333333333333
RF,0.681304347826087,0.9952173913043478,0.04679999999999999
RF,0.6817391304347826,0.9952173913043478,0.04676190476190476
RF,0.6817391304347826,0.9956521739130435,0.04666666666666666
RF,0.6834782608695652,0.9956521739130435,0.04638571428571429
RF,0.6843478260869565,0.9956521739130435,0.04636666666666666
RF,0.6856521739130435,0.9956521739130435,0.046211111111111106
RF,0.6856521739130435,0.9960869565217392,0.04606666666666667
RF,0.69,0.9960869565217392,0.04522380952380953
RF,0.6908695652173913,0.9960869565217392,0.0452
RF,0.697391304347826,0.9960869565217392,0.044166666666666674
RF,0.6978260869565217,0.9965217391304347,0.04416666666666667
RF,0.701304347826087,0.9965217391304347,0.04373333333333334
RF,0.701304347826087,0.9969565217391304,0.043723809523809526
RF,0.7056521739130435,0.9969565217391304,0.04301666666666667
RF,0.7065217391304348,0.9969565217391304,0.04296666666666667
RF,0.707391304347826,0.9969565217391304,0.0429
RF,0.7082608695652174,0.9969565217391304,0.042833333333333334
RF,0.7086956521739131,0.9969565217391304,0.042600000000000006
RF,0.7095652173913043,0.9969565217391304,0.04259999999999999
RF,0.7104347826086956,0.9969565217391304,0.0425
RF,0.7117391304347827,0.9969565217391304,0.04246666666666666
RF,0.7243478260869565,0.9969565217391304,0.04087619047619048
RF,0.7252173913043478,0.9969565217391304,0.04086666666666667
RF,0.7308695652173913,0.9969565217391304,0.040100000000000004
RF,0.7308695652173913,0.9973913043478261,0.04
RF,0.7382608695652174,0.9973913043478261,0.03873333333333334
RF,0.7382608695652174,0.9978260869565218,0.03873333333333333
RF,0.7391304347826086,0.9978260869565218,0.038523809523809516
RF,0.74,0.9978260869565218,0.03836666666666667
RF,0.7439130434782608,0.9978260869565218,0.03796666666666667
RF,0.7439130434782608,0.9982608695652174,0.03796666666666666
RF,0.7482608695652174,0.9982608695652174,0.03699999999999999
RF,0.7491304347826087,0.9982608695652174,0.036866666666666666
RF,0.7508695652173913,0.9982608695652174,0.03670238095238096
RF,0.7517391304347826,0.9982608695652174,0.0367
RF,0.7778260869565218,0.9982608695652174,0.0334
RF,0.7778260869565218,0.9986956521739131,0.033333333333333326
RF,0.778695652173913,0.9986956521739131,0.033109523809523804
RF,0.7795652173913044,0.9986956521739131,0.033100000000000004
RF,0.7808695652173913,0.9986956521739131,0.032933333333333335
RF,0.7817391304347826,0.9986956521739131,0.03293333333333333
RF,0.8056521739130434,0.9986956521739131,0.02923333333333333
RF,0.8056521739130434,0.9991304347826087,0.029216666666666665
RF,0.8126086956521739,0.9991304347826087,0.02826666666666667
RF,0.8134782608695652,0.9991304347826087,0.0281
RF,0.8156521739130435,0.9991304347826087,0.027695238095238103
RF,0.8169565217391305,0.9991304347826087,0.027666666666666666
RF,0.8304347826086956,0.9991304347826087,0.026014285714285712
RF,0.831304347826087,0.9991304347826087,0.026
RF,0.8317391304347826,0.9991304347826087,0.02596666666666667
RF,0.8326086956521739,0.9991304347826087,0.025933333333333333
RF,0.8330434782608696,0.9991304347826087,0.025933333333333326
RF,0.8339130434782609,0.9991304347826087,0.0259
RF,0.8391304347826087,0.9991304347826087,0.025133333333333334
RF,0.84,0.9991304347826087,0.025100000000000004
RF,0.8408695652173913,0.9991304347826087,0.025028571428571428
RF,0.8417391304347827,0.9991304347826087,0.024966666666666665
RF,0.8430434782608696,0.9991304347826087,0.0247
RF,0.8439130434782609,0.9991304347826087,0.024699999999999996
RF,0.8608695652173913,0.9991304347826087,0.022776190476190474
RF,0.8608695652173913,0.9995652173913043,0.022766666666666668
RF,0.8634782608695653,0.9995652173913043,0.022499999999999996
RF,0.8643478260869565,0.9995652173913043,0.02246666666666667
RF,0.8756521739130435,0.9995652173913043,0.02103333333333333
RF,0.8769565217391304,0.9995652173913043,0.021
RF,0.8778260869565218,0.9995652173913043,0.02093333333333333
RF,0.8791304347826087,0.9995652173913043,0.020666666666666663
RF,0.88,0.9995652173913043,0.020633333333333333
RF,0.8813043478260869,0.9995652173913043,0.020566666666666667
RF,0.8821739130434783,0.9995652173913043,0.0205
RF,0.8830434782608696,0.9995652173913043,0.020366666666666665
RF,0.8847826086956522,0.9995652173913043,0.020300000000000002
RF,0.89,0.9995652173913043,0.019533333333333333
RF,0.8908695652173914,0.9995652173913043,0.0195
RF,0.8913043478260869,0.9995652173913043,0.019357142857142854
RF,0.8921739130434783,0.9995652173913043,0.01933333333333333
RF,0.9,0.9995652173913043,0.01796666666666667
RF,0.9013043478260869,0.9995652173913043,0.017733333333333334
RF,0.9026086956521739,0.9995652173913043,0.017566666666666668
RF,0.9034782608695652,0.9995652173913043,0.0175
RF,0.9043478260869565,0.9995652173913043,0.01743333333333333
RF,0.9052173913043479,0.9995652173913043,0.017333333333333336
RF,0.9134782608695652,0.9995652173913043,0.0163
RF,0.9143478260869565,0.9995652173913043,0.016266666666666665
RF,0.9191304347826087,0.9995652173913043,0.015766666666666665
RF,0.9204347826086956,0.9995652173913043,0.015666666666666666
RF,0.9247826086956522,0.9995652173913043,0.0148
RF,0.9265217391304348,0.9995652173913043,0.014633333333333333
RF,0.93,0.9995652173913043,0.01411111111111111
RF,0.9308695652173913,0.9995652173913043,0.0141
RF,0.9321739130434783,0.9995652173913043,0.014066666666666667
RF,0.9334782608695652,0.9995652173913043,0.013866666666666666
RF,0.9343478260869565,0.9995652173913043,0.013833333333333333
RF,0.9356521739130435,0.9995652173913043,0.013699999999999999
RF,0.9373913043478261,0.9995652173913043,0.0135
RF,0.9378260869565217,0.9995652173913043,0.0134
RF,0.938695652173913,0.9995652173913043,0.013333333333333334
RF,0.9447826086956522,0.9995652173913043,0.012533333333333336
RF,0.9456521739130435,0.9995652173913043,0.0124
RF,0.9469565217391305,0.9995652173913043,0.012233333333333332
RF,0.9478260869565217,0.9995652173913043,0.012166666666666666
RF,0.9482608695652174,0.9995652173913043,0.012133333333333333
RF,0.9482608695652174,1.0,0.012066666666666667
RF,0.9586956521739131,1.0,0.010566666666666667
RF,0.9604347826086956,1.0,0.0105
RF,0.9608695652173913,1.0,0.010444444444444445
RF,0.9617391304347827,1.0,0.010333333333333332
RF,0.9678260869565217,1.0,0.009333333333333334
RF,0.9695652173913043,1.0,0.009166666666666667
RF,0.9786956521739131,1.0,0.007600000000000001
RF,0.9795652173913043,1.0,0.0075
RF,0.9821739130434782,1.0,0.006833333333333334
RF,0.9830434782608696,1.0,0.006833333333333333
RF,0.9847826086956522,1.0,0.006466666666666667
RF,0.9865217391304347,1.0,0.006166666666666667
RF,0.9895652173913043,1.0,0.0055
RF,0.9908695652173913,1.0,0.005333333333333333
RF,0.991304347826087,1.0,0.0052
RF,0.9921739130434782,1.0,0.005166666666666666
RF,0.9926086956521739,1.0,0.0051333333333333335
RF,0.9939130434782608,1.0,0.005
RF,0.9943478260869565,1.0,0.004880952380952382
RF,0.9952173913043478,1.0,0.004666666666666666
RF,0.9956521739130435,1.0,0.0045
RF,0.9965217391304347,1.0,0.0043
RF,1.0,1.0,0.0
XGBoost,0.0,0.0,inf
XGBoost,0.0,0.0004347826086956522,0.9978362917900085
XGBoost,0.0,0.05956521739130435,0.9849333167076111
XGBoost,0.0008695652173913044,0.05956521739130435,0.9848600029945374
XGBoost,0.0008695652173913044,0.10086956521739131,0.9792283773422241
XGBoost,0.0013043478260869566,0.10086956521739131,0.9791406393051147
XGBoost,0.0013043478260869566,0.10521739130434783,0.9787236452102661
XGBoost,0.0017391304347826088,0.10521739130434783,0.978712797164917
XGBoost,0.0017391304347826088,0.13826086956521738,0.9746686816215515
XGBoost,0.002173913043478261,0.13826086956521738,0.9745760560035706
XGBoost,0.002173913043478261,0.14217391304347826,0.9739919304847717
XGBoost,0.0026086956521739132,0.14217391304347826,0.9739814400672913
XGBoost,0.0026086956521739132,0.1608695652173913,0.9718562364578247
XGBoost,0.003043478260869565,0.1608695652173913,0.9718135595321655
XGBoost,0.003043478260869565,0.1691304347826087,0.9706795811653137
XGBoost,0.0034782608695652175,0.1691304347826087,0.970669150352478
XGBoost,0.0034782608695652175,0.1817391304347826,0.9686868190765381
XGBoost,0.00391304347826087,0.1817391304347826,0.9686641097068787
XGBoost,0.00391304347826087,0.2082608695652174,0.9641772508621216
XGBoost,0.004347826086956522,0.2082608695652174,0.9641337990760803
XGBoost,0.004347826086956522,0.21,0.9635780453681946
XGBoost,0.004782608695652174,0.21,0.9634661674499512
XGBoost,0.004782608695652174,0.2108695652173913,0.9633451104164124
XGBoost,0.0052173913043478265,0.2108695652173913,0.9632984399795532
XGBoost,0.0052173913043478265,0.22652173913043477,0.9609989523887634
XGBoost,0.005652173913043478,0.22652173913043477,0.9609124660491943
XGBoost,0.005652173913043478,0.22695652173913045,0.9608603715896606
XGBoost,0.00608695652173913,0.22695652173913045,0.960831344127655
XGBoost,0.00608695652173913,0.22869565217391305,0.9606586694717407
XGBoost,0.006521739130434782,0.22869565217391305,0.9604416489601135
XGBoost,0.006521739130434782,0.2291304347826087,0.9604296684265137
XGBoost,0.006956521739130435,0.2291304347826087,0.9603756070137024
XGBoost,0.006956521739130435,0.2508695652173913,0.9570339918136597
XGBoost,0.00782608695652174,0.2508695652173913,0.9568989872932434
XGBoost,0.00782608695652174,0.25869565217391305,0.9558103084564209
XGBoost,0.00826086956521739,0.25869565217391305,0.9556769132614136
XGBoost,0.00826086956521739,0.25956521739130434,0.9556454420089722
XGBoost,0.008695652173913044,0.25956521739130434,0.9556061625480652
XGBoost,0.008695652173913044,0.2604347826086956,0.9555009007453918
XGBoost,0.009565217391304347,0.2604347826086956,0.955188512802124
XGBoost,0.009565217391304347,0.2778260869565217,0.9519578814506531
XGBoost,0.01,0.2778260869565217,0.9519549608230591
XGBoost,0.01,0.29043478260869565,0.9499331712722778
XGBoost,0.010434782608695653,0.29043478260869565,0.9498109817504883
XGBoost,0.010434782608695653,0.3,0.948262095451355
XGBoost,0.010869565217391304,0.3,0.9479628801345825
XGBoost,0.010869565217391304,0.30521739130434783,0.9467443823814392
XGBoost,0.011304347826086957,0.30521739130434783,0.9467171430587769
XGBoost,0.011304347826086957,0.30869565217391304,0.946031928062439
XGBoost,0.011739130434782608,0.30869565217391304,0.9459943771362305
XGBoost,0.011739130434782608,0.31217391304347825,0.9452787637710571
XGBoost,0.01217391304347826,0.31217391304347825,0.945219099521637
XGBoost,0.01217391304347826,0.3317391304347826,0.9418690800666809
XGBoost,0.012608695652173913,0.3317391304347826,0.9417178630828857
XGBoost,0.012608695652173913,0.3339130434782609,0.9411212205886841
XGBoost,0.013043478260869565,0.3339130434782609,0.9408645629882812
XGBoost,0.013043478260869565,0.35956521739130437,0.9353627562522888
XGBoost,0.013478260869565217,0.35956521739130437,0.9353132843971252
XGBoost,0.013478260869565217,0.3726086956521739,0.9321101307868958
XGBoost,0.01391304347826087,0.3726086956521739,0.9320431351661682
XGBoost,0.01391304347826087,0.37478260869565216,0.931754469871521
XGBoost,0.014347826086956521,0.37478260869565216,0.9317458868026733
XGBoost,0.014347826086956521,0.37521739130434784,0.9315522909164429
XGBoost,0.014782608695652174,0.37521739130434784,0.9314583539962769
XGBoost,0.014782608695652174,0.38130434782608696,0.9302259087562561
XGBoost,0.015217391304347827,0.38130434782608696,0.9301773309707642
XGBoost,0.015217391304347827,0.38304347826086954,0.9297215342521667
XGBoost,0.01565217391304348,0.38304347826086954,0.929652214050293
XGBoost,0.01565217391304348,0.39260869565217393,0.9281085729598999
XGBoost,0.01608695652173913,0.39260869565217393,0.9281019568443298
XGBoost,0.01608695652173913,0.3943478260869565,0.9277691841125488
XGBoost,0.01652173913043478,0.3943478260869565,0.9277166724205017
XGBoost,0.01652173913043478,0.39608695652173914,0.9272254705429077
XGBoost,0.016956521739130436,0.39608695652173914,0.9268094301223755
XGBoost,0.016956521739130436,0.39956521739130435,0.9261814951896667
XGBoost,0.017391304347826087,0.39956521739130435,0.9258883595466614
XGBoost,0.017391304347826087,0.401304347826087,0.9256956577301025
XGBoost,0.017826086956521738,0.401304347826087,0.9256178736686707
XGBoost,0.017826086956521738,0.4017391304347826,0.9255358576774597
XGBoost,0.018260869565217393,0.4017391304347826,0.9255102872848511
XGBoost,0.018260869565217393,0.4082608695652174,0.9239895343780518
XGBoost,0.018695652173913044,0.4082608695652174,0.923843502998352
XGBoost,0.018695652173913044,0.42,0.9210265874862671
XGBoost,0.019130434782608695,0.42,0.9208762645721436
XGBoost,0.019130434782608695,0.42478260869565215,0.9197583198547363
XGBoost,0.01956521739130435,0.42478260869565215,0.9197261333465576
XGBoost,0.01956521739130435,0.4326086956521739,0.918294370174408
XGBoost,0.02,0.4326086956521739,0.9181279540061951
XGBoost,0.02,0.43478260869565216,0.9171192049980164
XGBoost,0.02043478260869565,0.43478260869565216,0.916998028755188
XGBoost,0.02043478260869565,0.4369565217391304,0.9166611433029175
XGBoost,0.020869565217391306,0.4369565217391304,0.9166165590286255
XGBoost,0.020869565217391306,0.43869565217391304,0.9162271022796631
XGBoost,0.021304347826086957,0.43869565217391304,0.9161033630371094
XGBoost,0.021304347826086957,0.44565217391304346,0.9142946004867554
XGBoost,0.021739130434782608,0.44565217391304346,0.9142720699310303
XGBoost,0.021739130434782608,0.4473913043478261,0.9136903285980225
XGBoost,0.02217391304347826,0.4473913043478261,0.9135258197784424
XGBoost,0.02217391304347826,0.44869565217391305,0.913387656211853
XGBoost,0.023043478260869565,0.44869565217391305,0.9129527807235718
XGBoost,0.023043478260869565,0.4534782608695652,0.9116501212120056
XGBoost,0.023478260869565216,0.4534782608695652,0.9115121364593506
XGBoost,0.023478260869565216,0.4547826086956522,0.9112762808799744
XGBoost,0.02391304347826087,0.4547826086956522,0.9111604690551758
XGBoost,0.02391304347826087,0.4573913043478261,0.910568356513977
XGBoost,0.02434782608695652,0.4573913043478261,0.9101961255073547
XGBoost,0.02434782608695652,0.45869565217391306,0.909964919090271
XGBoost,0.024782608695652172,0.45869565217391306,0.9099592566490173
XGBoost,0.024782608695652172,0.46391304347826084,0.9087806344032288
XGBoost,0.025217391304347827,0.46391304347826084,0.9087532162666321
XGBoost,0.025217391304347827,0.4708695652173913,0.9069342017173767
XGBoost,0.025652173913043478,0.4708695652173913,0.9069323539733887
XGBoost,0.025652173913043478,0.4782608695652174,0.9042425155639648
XGBoost,0.02608695652173913,0.4782608695652174,0.9041432738304138
XGBoost,0.02608695652173913,0.48434782608695653,0.9022623300552368
XGBoost,0.026521739130434784,0.48434782608695653,0.9021509289741516
XGBoost,0.026521739130434784,0.4856521739130435,0.901671826839447
XGBoost,0.026956521739130435,0.4856521739130435,0.9016570448875427
XGBoost,0.026956521739130435,0.4882608695652174,0.9001127481460571
XGBoost,0.027391304347826086,0.4882608695652174,0.9000403881072998
XGBoost,0.027391304347826086,0.4934782608695652,0.8985505104064941
XGBoost,0.02782608695652174,0.4934782608695652,0.8983818292617798
XGBoost,0.02782608695652174,0.49391304347826087,0.8979334235191345
XGBoost,0.02826086956521739,0.49391304347826087,0.8978824019432068
XGBoost,0.02826086956521739,0.49521739130434783,0.8973225355148315
XGBoost,0.028695652173913042,0.49521739130434783,0.8972706198692322
XGBoost,0.028695652173913042,0.4973913043478261,0.8955998420715332
XGBoost,0.029130434782608697,0.4973913043478261,0.8954421877861023
XGBoost,0.029130434782608697,0.5082608695652174,0.8924923539161682
XGBoost,0.029565217391304348,0.5082608695652174,0.8924512267112732
XGBoost,0.029565217391304348,0.5113043478260869,0.891441285610199
XGBoost,0.03,0.5113043478260869,0.8909278512001038
XGBoost,0.03,0.5208695652173913,0.8872098326683044
XGBoost,0.030434782608695653,0.5208695652173913,0.886978805065155
XGBoost,0.030434782608695653,0.5295652173913044,0.884109616279602
XGBoost,0.030869565217391304,0.5295652173913044,0.8839830160140991
XGBoost,0.030869565217391304,0.5347826086956522,0.8827705383300781
XGBoost,0.03217391304347826,0.5347826086956522,0.8823901414871216
XGBoost,0.03217391304347826,0.5452173913043479,0.8779599666595459
XGBoost,0.03260869565217391,0.5452173913043479,0.8771538138389587
XGBoost,0.03260869565217391,0.5491304347826087,0.8760269284248352
XGBoost,0.03304347826086956,0.5491304347826087,0.8757449984550476
XGBoost,0.03304347826086956,0.5539130434782609,0.8740119934082031
XGBoost,0.033478260869565214,0.5539130434782609,0.8739785552024841
XGBoost,0.033478260869565214,0.56,0.8719004392623901
XGBoost,0.03391304347826087,0.56,0.8714308738708496
XGBoost,0.03391304347826087,0.5743478260869566,0.8671199679374695
XGBoost,0.03434782608695652,0.5743478260869566,0.8671044111251831
XGBoost,0.03434782608695652,0.5769565217391305,0.8656985759735107
XGBoost,0.035217391304347825,0.5769565217391305,0.8654362559318542
XGBoost,0.035217391304347825,0.5791304347826087,0.8640500903129578
XGBoost,0.035652173913043476,0.5791304347826087,0.8639357686042786
XGBoost,0.035652173913043476,0.5839130434782609,0.8612246513366699
XGBoost,0.03608695652173913,0.5839130434782609,0.861206591129303
XGBoost,0.03608695652173913,0.5847826086956521,0.8607028722763062
XGBoost,0.036521739130434785,0.5847826086956521,0.8606981039047241
XGBoost,0.036521739130434785,0.5917391304347827,0.8587961196899414
XGBoost,0.03695652173913044,0.5917391304347827,0.8586089611053467
XGBoost,0.03695652173913044,0.6008695652173913,0.8547173738479614
XGBoost,0.03739130434782609,0.6008695652173913,0.8546205163002014
XGBoost,0.03739130434782609,0.6073913043478261,0.8517298698425293
XGBoost,0.03782608695652174,0.6073913043478261,0.8516192436218262
XGBoost,0.03782608695652174,0.6095652173913043,0.8507478833198547
XGBoost,0.03826086956521739,0.6095652173913043,0.8505926728248596
XGBoost,0.03826086956521739,0.6108695652173913,0.8500176072120667
XGBoost,0.03869565217391304,0.6108695652173913,0.8499112725257874
XGBoost,0.03869565217391304,0.6160869565217392,0.8468188047409058
XGBoost,0.03956521739130435,0.6160869565217392,0.8465384244918823
XGBoost,0.03956521739130435,0.62,0.8447585701942444
XGBoost,0.04,0.62,0.8446271419525146
XGBoost,0.04,0.63,0.8400462865829468
XGBoost,0.04043478260869565,0.63,0.840024471282959
XGBoost,0.04043478260869565,0.6339130434782608,0.8378630876541138
XGBoost,0.0408695652173913,0.6339130434782608,0.8378587961196899
XGBoost,0.0408695652173913,0.6352173913043478,0.837274432182312
XGBoost,0.04173913043478261,0.6352173913043478,0.8368668556213379
XGBoost,0.04173913043478261,0.6365217391304347,0.8363937735557556
XGBoost,0.04217391304347826,0.6365217391304347,0.8362112045288086
XGBoost,0.04217391304347826,0.6378260869565218,0.8358942270278931
XGBoost,0.042608695652173914,0.6378260869565218,0.8352624773979187
XGBoost,0.042608695652173914,0.6382608695652174,0.8349387645721436
XGBoost,0.043043478260869565,0.6382608695652174,0.8347463607788086
XGBoost,0.043043478260869565,0.638695652173913,0.8346573710441589
XGBoost,0.043478260869565216,0.638695652173913,0.8346569538116455
XGBoost,0.043478260869565216,0.6391304347826087,0.8335999250411987
XGBoost,0.04391304347826087,0.6391304347826087,0.8333904147148132
XGBoost,0.04391304347826087,0.6395652173913043,0.8332598209381104
XGBoost,0.04434782608695652,0.6395652173913043,0.8332020044326782
XGBoost,0.04434782608695652,0.6417391304347826,0.8317253589630127
XGBoost,0.044782608695652176,0.6417391304347826,0.8314371705055237
XGBoost,0.044782608695652176,0.6421739130434783,0.8305631279945374
XGBoost,0.04565217391304348,0.6421739130434783,0.830245316028595
XGBoost,0.04565217391304348,0.6430434782608696,0.8299008011817932
XGBoost,0.04608695652173913,0.6430434782608696,0.829719603061676
XGBoost,0.04608695652173913,0.6439130434782608,0.8293919563293457
XGBoost,0.04652173913043478,0.6439130434782608,0.8291774988174438
XGBoost,0.04652173913043478,0.6473913043478261,0.827251672744751
XGBoost,0.04739130434782609,0.6473913043478261,0.8270090222358704
XGBoost,0.04739130434782609,0.6508695652173913,0.8255647420883179
XGBoost,0.04826086956521739,0.6508695652173913,0.8253012895584106
XGBoost,0.04826086956521739,0.6521739130434783,0.8238128423690796
XGBoost,0.04869565217391304,0.6521739130434783,0.8235814571380615
XGBoost,0.04869565217391304,0.6534782608695652,0.8231135606765747
XGBoost,0.049130434782608694,0.6534782608695652,0.82285076379776
XGBoost,0.049130434782608694,0.6552173913043479,0.8216336369514465
XGBoost,0.049565217391304345,0.6552173913043479,0.8213979005813599
XGBoost,0.049565217391304345,0.6582608695652173,0.8195189237594604
XGBoost,0.05,0.6582608695652173,0.819297194480896
XGBoost,0.05,0.66,0.8179547786712646
XGBoost,0.050434782608695654,0.66,0.8178764581680298
XGBoost,0.050434782608695654,0.662608695652174,0.8170316219329834
XGBoost,0.051304347826086956,0.662608695652174,0.8163419365882874
XGBoost,0.051304347826086956,0.6634782608695652,0.8156858086585999
XGBoost,0.05217391304347826,0.6634782608695652,0.8155670762062073
XGBoost,0.05217391304347826,0.6639130434782609,0.8155646324157715
XGBoost,0.052608695652173916,0.6639130434782609,0.8153216242790222
XGBoost,0.052608695652173916,0.6660869565217391,0.8142517805099487
XGBoost,0.05347826086956522,0.6660869565217391,0.8134506940841675
XGBoost,0.05347826086956522,0.668695652173913,0.812532365322113
XGBoost,0.05391304347826087,0.668695652173913,0.8124682307243347
XGBoost,0.05391304347826087,0.6704347826086956,0.8116933703422546
XGBoost,0.05434782608695652,0.6704347826086956,0.8112833499908447
XGBoost,0.05434782608695652,0.672608695652174,0.8106820583343506
XGBoost,0.05478260869565217,0.672608695652174,0.8105207085609436
XGBoost,0.05478260869565217,0.6730434782608695,0.810233473777771
XGBoost,0.05565217391304348,0.6730434782608695,0.810160756111145
XGBoost,0.05565217391304348,0.6795652173913044,0.8065178394317627
XGBoost,0.05608695652173913,0.6795652173913044,0.8064250349998474
XGBoost,0.05608695652173913,0.6834782608695652,0.8043941855430603
XGBoost,0.05652173913043478,0.6834782608695652,0.8043647408485413
XGBoost,0.05652173913043478,0.6839130434782609,0.8042312264442444
XGBoost,0.056956521739130433,0.6839130434782609,0.8039563298225403
XGBoost,0.056956521739130433,0.6852173913043478,0.8038352727890015
XGBoost,0.057391304347826085,0.6852173913043478,0.8037277460098267
XGBoost,0.057391304347826085,0.6878260869565217,0.8020489811897278
XGBoost,0.05782608695652174,0.6878260869565217,0.8018600344657898
XGBoost,0.05782608695652174,0.6891304347826087,0.8015857934951782
XGBoost,0.058260869565217394,0.6891304347826087,0.8011705279350281
XGBoost,0.058260869565217394,0.6895652173913044,0.8010095953941345
XGBoost,0.058695652173913045,0.6895652173913044,0.8006748557090759
XGBoost,0.058695652173913045,0.69,0.8006384968757629
XGBoost,0.059130434782608696,0.69,0.8004051446914673
XGBoost,0.059130434782608696,0.691304347826087,0.7992540597915649
XGBoost,0.05956521739130435,0.691304347826087,0.7988641262054443
XGBoost,0.05956521739130435,0.6943478260869566,0.7965698838233948
XGBoost,0.06,0.6943478260869566,0.7964368462562561
XGBoost,0.06,0.7,0.7935142517089844
XGBoost,0.06043478260869565,0.7,0.7931021451950073
XGBoost,0.06043478260869565,0.701304347826087,0.7919229865074158
XGBoost,0.06086956521739131,0.701304347826087,0.7916746139526367
XGBoost,0.06086956521739131,0.7039130434782609,0.7898584008216858
XGBoost,0.06173913043478261,0.7039130434782609,0.7890992760658264
XGBoost,0.06173913043478261,0.7043478260869566,0.788780152797699
XGBoost,0.06260869565217392,0.7043478260869566,0.7882933020591736
XGBoost,0.06260869565217392,0.7047826086956521,0.7882087230682373
XGBoost,0.06304347826086956,0.7047826086956521,0.7880741357803345
XGBoost,0.06304347826086956,0.7052173913043478,0.7877807021141052
XGBoost,0.06347826086956522,0.7052173913043478,0.7872748970985413
XGBoost,0.06347826086956522,0.7069565217391305,0.7864077091217041
XGBoost,0.06391304347826086,0.7069565217391305,0.786129891872406
XGBoost,0.06391304347826086,0.7086956521739131,0.7854632139205933
XGBoost,0.06565217391304348,0.7086956521739131,0.7837508916854858
XGBoost,0.06565217391304348,0.7121739130434782,0.7804173827171326
XGBoost,0.06652173913043478,0.7121739130434782,0.779782235622406
XGBoost,0.06652173913043478,0.7126086956521739,0.7797359228134155
XGBoost,0.06695652173913043,0.7126086956521739,0.7796903848648071
XGBoost,0.06695652173913043,0.7191304347826087,0.7760695815086365
XGBoost,0.06739130434782609,0.7191304347826087,0.7758240699768066
XGBoost,0.06739130434782609,0.72,0.7757226824760437
XGBoost,0.06782608695652174,0.72,0.7757096290588379
XGBoost,0.06782608695652174,0.7204347826086956,0.7755277156829834
XGBoost,0.06826086956521739,0.7204347826086956,0.7753382921218872
XGBoost,0.06826086956521739,0.7208695652173913,0.7751343846321106
XGBoost,0.06913043478260869,0.7208695652173913,0.7740575075149536
XGBoost,0.06913043478260869,0.721304347826087,0.7739949822425842
XGBoost,0.07043478260869565,0.721304347826087,0.7729372382164001
XGBoost,0.07043478260869565,0.7217391304347827,0.772493839263916
XGBoost,0.07086956521739131,0.7217391304347827,0.772310197353363
XGBoost,0.07086956521739131,0.7243478260869565,0.7707881331443787
XGBoost,0.07173913043478261,0.7243478260869565,0.7703737020492554
XGBoost,0.07173913043478261,0.7273913043478261,0.7679873704910278
XGBoost,0.07217391304347825,0.7273913043478261,0.7672925591468811
XGBoost,0.07217391304347825,0.7278260869565217,0.7670344114303589
XGBoost,0.07260869565217391,0.7278260869565217,0.7662049531936646
XGBoost,0.07260869565217391,0.73,0.7634406685829163
XGBoost,0.07304347826086957,0.73,0.7632821202278137
XGBoost,0.07304347826086957,0.7304347826086957,0.7631499171257019
XGBoost,0.07347826086956522,0.7304347826086957,0.7615369558334351
XGBoost,0.07347826086956522,0.7334782608695652,0.7598802447319031
XGBoost,0.07434782608695652,0.7334782608695652,0.7586275339126587
XGBoost,0.07434782608695652,0.7339130434782609,0.7586113810539246
XGBoost,0.07478260869565218,0.7339130434782609,0.758408784866333
XGBoost,0.07478260869565218,0.7365217391304347,0.7563155293464661
XGBoost,0.07521739130434782,0.7365217391304347,0.7558993101119995
XGBoost,0.07521739130434782,0.74,0.752849280834198
XGBoost,0.07608695652173914,0.74,0.7525582909584045
XGBoost,0.07608695652173914,0.7417391304347826,0.7506573796272278
XGBoost,0.07652173913043478,0.7417391304347826,0.7506375312805176
XGBoost,0.07652173913043478,0.7426086956521739,0.7496406435966492
XGBoost,0.07695652173913044,0.7426086956521739,0.7496397495269775
XGBoost,0.07695652173913044,0.7430434782608696,0.7491338849067688
XGBoost,0.07739130434782608,0.7430434782608696,0.7489261627197266
XGBoost,0.07739130434782608,0.7443478260869565,0.7472401261329651
XGBoost,0.07782608695652174,0.7443478260869565,0.7470923066139221
XGBoost,0.07782608695652174,0.7452173913043478,0.7464467883110046
XGBoost,0.0782608695652174,0.7452173913043478,0.7464247345924377
XGBoost,0.0782608695652174,0.7473913043478261,0.7445918321609497
XGBoost,0.07869565217391304,0.7473913043478261,0.7444420456886292
XGBoost,0.07869565217391304,0.7482608695652174,0.7440717220306396
XGBoost,0.07956521739130434,0.7482608695652174,0.7439294457435608
XGBoost,0.07956521739130434,0.75,0.7430616617202759
XGBoost,0.08043478260869565,0.75,0.7429916262626648
XGBoost,0.08043478260869565,0.7543478260869565,0.7389898300170898
XGBoost,0.0808695652173913,0.7543478260869565,0.7382354736328125
XGBoost,0.0808695652173913,0.7565217391304347,0.7371814846992493
XGBoost,0.08260869565217391,0.7565217391304347,0.7357730865478516
XGBoost,0.08260869565217391,0.7582608695652174,0.7343102693557739
XGBoost,0.08260869565217391,0.7591304347826087,0.7341893315315247
XGBoost,0.08260869565217391,0.7617391304347826,0.7329990267753601
XGBoost,0.08304347826086957,0.7617391304347826,0.7325179576873779
XGBoost,0.08304347826086957,0.7621739130434783,0.7322043180465698
XGBoost,0.08347826086956522,0.7621739130434783,0.7321614623069763
XGBoost,0.08347826086956522,0.7634782608695653,0.7319135069847107
XGBoost,0.08391304347826087,0.7634782608695653,0.7315348982810974
XGBoost,0.08391304347826087,0.7647826086956522,0.730485737323761
XGBoost,0.08478260869565217,0.7647826086956522,0.7300169467926025
XGBoost,0.08478260869565217,0.7669565217391304,0.7290527820587158
XGBoost,0.08521739130434783,0.7669565217391304,0.7287518978118896
XGBoost,0.08521739130434783,0.768695652173913,0.727712869644165
XGBoost,0.08565217391304347,0.768695652173913,0.7276722192764282
XGBoost,0.08565217391304347,0.7730434782608696,0.7247231602668762
XGBoost,0.08608695652173913,0.7730434782608696,0.7245835661888123
XGBoost,0.08608695652173913,0.7791304347826087,0.7186287045478821
XGBoost,0.08652173913043479,0.7791304347826087,0.7186108231544495
XGBoost,0.08652173913043479,0.7865217391304348,0.7118270397186279
XGBoost,0.08695652173913043,0.7865217391304348,0.7112517952919006
XGBoost,0.08695652173913043,0.7878260869565218,0.7101799845695496
XGBoost,0.08782608695652173,0.7878260869565218,0.7090234160423279
XGBoost,0.08782608695652173,0.7891304347826087,0.7071677446365356
XGBoost,0.08826086956521739,0.7891304347826087,0.7069228291511536
XGBoost,0.08826086956521739,0.79,0.7063521146774292
XGBoost,0.08869565217391304,0.79,0.705994188785553
XGBoost,0.08869565217391304,0.7904347826086957,0.7059180736541748
XGBoost,0.0891304347826087,0.7904347826086957,0.7058908939361572
XGBoost,0.0891304347826087,0.7917391304347826,0.7056360244750977
XGBoost,0.09,0.7917391304347826,0.7038150429725647
XGBoost,0.09,0.792608695652174,0.7032809257507324
XGBoost,0.09043478260869565,0.792608695652174,0.7026407122612
XGBoost,0.09043478260869565,0.7930434782608695,0.7025391459465027
XGBoost,0.09173913043478261,0.7930434782608695,0.7016218304634094
XGBoost,0.09173913043478261,0.7934782608695652,0.6998423337936401
XGBoost,0.09217391304347826,0.7934782608695652,0.6998212933540344
XGBoost,0.09217391304347826,0.7952173913043479,0.6971868276596069
XGBoost,0.09304347826086956,0.7952173913043479,0.6963413953781128
XGBoost,0.09304347826086956,0.7956521739130434,0.6957501173019409
XGBoost,0.09347826086956522,0.7956521739130434,0.6951073408126831
XGBoost,0.09347826086956522,0.7965217391304348,0.6950228810310364
XGBoost,0.09391304347826086,0.7965217391304348,0.6939171552658081
XGBoost,0.09391304347826086,0.7973913043478261,0.6937854290008545
XGBoost,0.09434782608695652,0.7973913043478261,0.6931707262992859
XGBoost,0.09434782608695652,0.7978260869565217,0.6927809119224548
XGBoost,0.09478260869565218,0.7978260869565217,0.6923955678939819
XGBoost,0.09478260869565218,0.7982608695652174,0.692295491695404
XGBoost,0.09521739130434782,0.7982608695652174,0.692032516002655
XGBoost,0.09521739130434782,0.7991304347826087,0.6898289322853088
XGBoost,0.09608695652173913,0.7991304347826087,0.6880916357040405
XGBoost,0.09608695652173913,0.8047826086956522,0.6821954250335693
XGBoost,0.09652173913043478,0.8047826086956522,0.6819559335708618
XGBoost,0.09652173913043478,0.8052173913043478,0.6814978122711182
XGBoost,0.09739130434782609,0.8052173913043478,0.6799176931381226
XGBoost,0.09739130434782609,0.8065217391304348,0.6777353882789612
XGBoost,0.09826086956521739,0.8065217391304348,0.6775843501091003
XGBoost,0.09826086956521739,0.8069565217391305,0.6773907542228699
XGBoost,0.09869565217391305,0.8069565217391305,0.6764465570449829
XGBoost,0.09869565217391305,0.8082608695652174,0.675362765789032
XGBoost,0.09913043478260869,0.8082608695652174,0.6734960675239563
XGBoost,0.09913043478260869,0.8095652173913044,0.672563374042511
XGBoost,0.10043478260869565,0.8095652173913044,0.6716920137405396
XGBoost,0.10043478260869565,0.81,0.6715303659439087
XGBoost,0.10130434782608695,0.81,0.6711355447769165
XGBoost,0.10130434782608695,0.8156521739130435,0.6618717908859253
XGBoost,0.10217391304347827,0.8156521739130435,0.6616440415382385
XGBoost,0.10217391304347827,0.8169565217391305,0.6603735089302063
XGBoost,0.10304347826086957,0.8169565217391305,0.6592890024185181
XGBoost,0.10304347826086957,0.8182608695652174,0.6562614440917969
XGBoost,0.10347826086956521,0.8182608695652174,0.6561520099639893
XGBoost,0.10347826086956521,0.8195652173913044,0.6553810834884644
XGBoost,0.10391304347826087,0.8195652173913044,0.6551523208618164
XGBoost,0.10391304347826087,0.8208695652173913,0.6530937552452087
XGBoost,0.10434782608695652,0.8208695652173913,0.6529424786567688
XGBoost,0.10434782608695652,0.8239130434782609,0.6482706665992737
XGBoost,0.10652173913043478,0.8239130434782609,0.6466678977012634
XGBoost,0.10652173913043478,0.8260869565217391,0.6430158019065857
XGBoost,0.10695652173913044,0.8260869565217391,0.6427584886550903
XGBoost,0.10695652173913044,0.83,0.6380100250244141
XGBoost,0.10739130434782608,0.83,0.6375588774681091
XGBoost,0.10739130434782608,0.8304347826086956,0.6374008059501648
XGBoost,0.10782608695652174,0.8304347826086956,0.636176586151123
XGBoost,0.10782608695652174,0.8317391304347826,0.6346443891525269
XGBoost,0.1082608695652174,0.8317391304347826,0.6344004273414612
XGBoost,0.1082608695652174,0.8326086956521739,0.633265495300293
XGBoost,0.10869565217391304,0.8326086956521739,0.6327861547470093
XGBoost,0.10869565217391304,0.8330434782608696,0.6319515109062195
XGBoost,0.10956521739130434,0.8330434782608696,0.6312336325645447
XGBoost,0.10956521739130434,0.8334782608695652,0.6310703158378601
XGBoost,0.11,0.8334782608695652,0.6297549605369568
XGBoost,0.11,0.8369565217391305,0.6254863142967224
XGBoost,0.1117391304347826,0.8369565217391305,0.6237736344337463
XGBoost,0.1117391304347826,0.8378260869565217,0.6218835711479187
XGBoost,0.1126086956521739,0.8378260869565217,0.6210918426513672
XGBoost,0.1126086956521739,0.8386956521739131,0.6207035183906555
XGBoost,0.11304347826086956,0.8386956521739131,0.6188896298408508
XGBoost,0.11304347826086956,0.84,0.6167076826095581
XGBoost,0.11434782608695652,0.84,0.6160403490066528
XGBoost,0.11434782608695652,0.8408695652173913,0.6153436899185181
XGBoost,0.11478260869565217,0.8408695652173913,0.6150091290473938
XGBoost,0.11478260869565217,0.8426086956521739,0.613732099533081
XGBoost,0.11521739130434783,0.8426086956521739,0.6134641766548157
XGBoost,0.11521739130434783,0.8430434782608696,0.6132591962814331
XGBoost,0.11565217391304349,0.8430434782608696,0.6116604804992676
XGBoost,0.11565217391304349,0.8447826086956521,0.6092532277107239
XGBoost,0.11608695652173913,0.8447826086956521,0.608274519443512
XGBoost,0.11608695652173913,0.8452173913043478,0.6067152619361877
XGBoost,0.11652173913043479,0.8452173913043478,0.6062270998954773
XGBoost,0.11652173913043479,0.8469565217391304,0.6044978499412537
XGBoost,0.11695652173913043,0.8469565217391304,0.6037567257881165
XGBoost,0.11695652173913043,0.8491304347826087,0.6025097966194153
XGBoost,0.11739130434782609,0.8491304347826087,0.6018325686454773
XGBoost,0.11739130434782609,0.8495652173913043,0.6012216806411743
XGBoost,0.11826086956521739,0.8495652173913043,0.6010302901268005
XGBoost,0.11826086956521739,0.8508695652173913,0.5988945364952087
XGBoost,0.11869565217391305,0.8508695652173913,0.5981634855270386
XGBoost,0.11869565217391305,0.851304347826087,0.5980215668678284
XGBoost,0.1191304347826087,0.851304347826087,0.5978114008903503
XGBoost,0.1191304347826087,0.8521739130434782,0.5964961051940918
XGBoost,0.12,0.8521739130434782,0.5949344635009766
XGBoost,0.12,0.8530434782608696,0.5935586094856262
XGBoost,0.12043478260869565,0.8530434782608696,0.5932295918464661
XGBoost,0.12043478260869565,0.8560869565217392,0.5887201428413391
XGBoost,0.12130434782608696,0.8560869565217392,0.5879116058349609
XGBoost,0.12130434782608696,0.8569565217391304,0.5875483155250549
XGBoost,0.12391304347826088,0.8569565217391304,0.5861730575561523
XGBoost,0.12391304347826088,0.8573913043478261,0.5852804183959961
XGBoost,0.12434782608695652,0.8573913043478261,0.5836004614830017
XGBoost,0.12434782608695652,0.8578260869565217,0.5834447145462036
XGBoost,0.12478260869565218,0.8578260869565217,0.5819650888442993
XGBoost,0.12478260869565218,0.8586956521739131,0.5812180042266846
XGBoost,0.12565217391304348,0.8586956521739131,0.5798265337944031
XGBoost,0.12565217391304348,0.8591304347826086,0.5797778367996216
XGBoost,0.1265217391304348,0.8591304347826086,0.5792194604873657
XGBoost,0.1265217391304348,0.86,0.5777413249015808
XGBoost,0.12695652173913044,0.86,0.5774707198143005
XGBoost,0.12695652173913044,0.8604347826086957,0.5756387114524841
XGBoost,0.12739130434782608,0.8604347826086957,0.5755276679992676
XGBoost,0.12739130434782608,0.8608695652173913,0.5750232934951782
XGBoost,0.12782608695652173,0.8608695652173913,0.5745933651924133
XGBoost,0.12782608695652173,0.8621739130434782,0.5714437961578369
XGBoost,0.1282608695652174,0.8621739130434782,0.5711767077445984
XGBoost,0.1282608695652174,0.8626086956521739,0.5702986121177673
XGBoost,0.12869565217391304,0.8626086956521739,0.5700549483299255
XGBoost,0.12869565217391304,0.8634782608695653,0.5693227648735046
XGBoost,0.13,0.8634782608695653,0.5652069449424744
XGBoost,0.13,0.8652173913043478,0.5641674399375916
XGBoost,0.13043478260869565,0.8652173913043478,0.5640420317649841
XGBoost,0.13043478260869565,0.8678260869565217,0.5598710775375366
XGBoost,0.1317391304347826,0.8678260869565217,0.5581690073013306
XGBoost,0.1317391304347826,0.8682608695652174,0.5573843717575073
XGBoost,0.13391304347826086,0.8682608695652174,0.5534142255783081
XGBoost,0.13391304347826086,0.8695652173913043,0.5509220361709595
XGBoost,0.13521739130434782,0.8695652173913043,0.5495740175247192
XGBoost,0.13521739130434782,0.87,0.5480969548225403
XGBoost,0.13652173913043478,0.87,0.5473738312721252
XGBoost,0.13652173913043478,0.8721739130434782,0.5430958271026611
XGBoost,0.13695652173913042,0.8721739130434782,0.5429049730300903
XGBoost,0.13695652173913042,0.8726086956521739,0.5426376461982727
XGBoost,0.13782608695652174,0.8726086956521739,0.5408745408058167
XGBoost,0.13782608695652174,0.8739130434782608,0.5398448705673218
XGBoost,0.13826086956521738,0.8739130434782608,0.5381348133087158
XGBoost,0.13826086956521738,0.8752173913043478,0.5352421998977661
XGBoost,0.1391304347826087,0.8752173913043478,0.5347898602485657
XGBoost,0.1391304347826087,0.8756521739130435,0.5346734523773193
XGBoost,0.13956521739130434,0.8756521739130435,0.5341411232948303
XGBoost,0.13956521739130434,0.8765217391304347,0.5332890748977661
XGBoost,0.14173913043478262,0.8765217391304347,0.5272051095962524
XGBoost,0.14173913043478262,0.8773913043478261,0.5262472033500671
XGBoost,0.1426086956521739,0.8773913043478261,0.5249277353286743
XGBoost,0.1426086956521739,0.88,0.52384352684021
XGBoost,0.14304347826086958,0.88,0.5237817764282227
XGBoost,0.14304347826086958,0.8804347826086957,0.5230090618133545
XGBoost,0.14347826086956522,0.8804347826086957,0.5226377844810486
XGBoost,0.14347826086956522,0.8813043478260869,0.5200467109680176
XGBoost,0.1443478260869565,0.8813043478260869,0.5196449756622314
XGBoost,0.1443478260869565,0.8817391304347826,0.5196292996406555
XGBoost,0.14608695652173914,0.8817391304347826,0.5163256525993347
XGBoost,0.14608695652173914,0.8826086956521739,0.5150198936462402
XGBoost,0.14695652173913043,0.8826086956521739,0.5137112140655518
XGBoost,0.14695652173913043,0.8830434782608696,0.5132774710655212
XGBoost,0.14739130434782607,0.8830434782608696,0.5121273398399353
XGBoost,0.14739130434782607,0.8834782608695653,0.5118059515953064
XGBoost,0.14956521739130435,0.8834782608695653,0.5072789788246155
XGBoost,0.14956521739130435,0.8839130434782608,0.5072660446166992
XGBoost,0.15043478260869564,0.8839130434782608,0.5044353604316711
XGBoost,0.15043478260869564,0.8843478260869565,0.5043753981590271
XGBoost,0.15130434782608695,0.8843478260869565,0.5020954012870789
XGBoost,0.15130434782608695,0.8847826086956522,0.5008063912391663
XGBoost,0.15304347826086956,0.8847826086956522,0.4994373619556427
XGBoost,0.15304347826086956,0.8852173913043478,0.4990493357181549
XGBoost,0.15347826086956523,0.8852173913043478,0.49842262268066406
XGBoost,0.15347826086956523,0.8860869565217391,0.4971042275428772
XGBoost,0.15391304347826087,0.8860869565217391,0.496422678232193
XGBoost,0.15391304347826087,0.8878260869565218,0.49524590373039246
XGBoost,0.15434782608695652,0.8878260869565218,0.49441763758659363
XGBoost,0.15434782608695652,0.8882608695652174,0.49437519907951355
XGBoost,0.15478260869565216,0.8882608695652174,0.4940946102142334
XGBoost,0.15478260869565216,0.8891304347826087,0.4930066168308258
XGBoost,0.15521739130434783,0.8891304347826087,0.4922412633895874
XGBoost,0.15521739130434783,0.8895652173913043,0.4916352927684784
XGBoost,0.15565217391304348,0.8895652173913043,0.4911514222621918
XGBoost,0.15565217391304348,0.8908695652173914,0.4892447590827942
XGBoost,0.1565217391304348,0.8908695652173914,0.48784130811691284
XGBoost,0.1565217391304348,0.8913043478260869,0.4874320328235626
XGBoost,0.15782608695652173,0.8913043478260869,0.4867410361766815
XGBoost,0.15782608695652173,0.8930434782608696,0.4847572445869446
XGBoost,0.1582608695652174,0.8930434782608696,0.4846736788749695
XGBoost,0.1582608695652174,0.8934782608695652,0.4826861321926117
XGBoost,0.15956521739130436,0.8934782608695652,0.48131653666496277
XGBoost,0.15956521739130436,0.8982608695652174,0.47088557481765747
XGBoost,0.16,0.8982608695652174,0.4704163372516632
XGBoost,0.16,0.898695652173913,0.4694608449935913
XGBoost,0.1608695652173913,0.898695652173913,0.46669772267341614
XGBoost,0.1608695652173913,0.8991304347826087,0.46619912981987
XGBoost,0.16130434782608696,0.8991304347826087,0.46496471762657166
XGBoost,0.16130434782608696,0.9,0.464493066072464
XGBoost,0.16217391304347825,0.9,0.4639083445072174
XGBoost,0.16217391304347825,0.9004347826086957,0.46328648924827576
XGBoost,0.16260869565217392,0.9004347826086957,0.46328577399253845
XGBoost,0.16260869565217392,0.9008695652173913,0.4629196226596832
XGBoost,0.16391304347826086,0.9008695652173913,0.46164894104003906
XGBoost,0.16391304347826086,0.9026086956521739,0.4589204490184784
XGBoost,0.16652173913043478,0.9026086956521739,0.4559341371059418
XGBoost,0.16652173913043478,0.9043478260869565,0.45460042357444763
XGBoost,0.16695652173913045,0.9043478260869565,0.4542655348777771
XGBoost,0.16695652173913045,0.9047826086956522,0.45400723814964294
XGBoost,0.1673913043478261,0.9047826086956522,0.4536874294281006
XGBoost,0.1673913043478261,0.9052173913043479,0.45356497168540955
XGBoost,0.1691304347826087,0.9052173913043479,0.45085978507995605
XGBoost,0.1691304347826087,0.9056521739130434,0.45052218437194824
XGBoost,0.16956521739130434,0.9056521739130434,0.4483584761619568
XGBoost,0.16956521739130434,0.9065217391304348,0.4470040202140808
XGBoost,0.17,0.9065217391304348,0.4468386769294739
XGBoost,0.17,0.9078260869565218,0.44500797986984253
XGBoost,0.17130434782608694,0.9078260869565218,0.4431586265563965
XGBoost,0.17130434782608694,0.9082608695652173,0.4429192543029785
XGBoost,0.17173913043478262,0.9082608695652173,0.4428752064704895
XGBoost,0.17173913043478262,0.91,0.4410977363586426
XGBoost,0.17217391304347826,0.91,0.4400201737880707
XGBoost,0.17217391304347826,0.9104347826086957,0.43981125950813293
XGBoost,0.17478260869565218,0.9104347826086957,0.4363177418708801
XGBoost,0.17478260869565218,0.9117391304347826,0.43358728289604187
XGBoost,0.17782608695652175,0.9117391304347826,0.4256401062011719
XGBoost,0.17782608695652175,0.9121739130434783,0.42491665482521057
XGBoost,0.1791304347826087,0.9121739130434783,0.4201193153858185
XGBoost,0.1791304347826087,0.912608695652174,0.4193224608898163
XGBoost,0.18,0.912608695652174,0.41840726137161255
XGBoost,0.18,0.9134782608695652,0.4152061641216278
XGBoost,0.1808695652173913,0.9134782608695652,0.41351401805877686
XGBoost,0.1808695652173913,0.9139130434782609,0.4134625494480133
XGBoost,0.18130434782608695,0.9139130434782609,0.4130169749259949
XGBoost,0.18130434782608695,0.9147826086956522,0.4107363522052765
XGBoost,0.18391304347826087,0.9147826086956522,0.40794527530670166
XGBoost,0.18391304347826087,0.9160869565217391,0.4028327167034149
XGBoost,0.18434782608695652,0.9160869565217391,0.40277206897735596
XGBoost,0.18434782608695652,0.918695652173913,0.3998425006866455
XGBoost,0.18478260869565216,0.918695652173913,0.39977124333381653
XGBoost,0.18478260869565216,0.9204347826086956,0.3932725787162781
XGBoost,0.18521739130434783,0.9204347826086956,0.39071473479270935
XGBoost,0.18521739130434783,0.9208695652173913,0.3905903697013855
XGBoost,0.1865217391304348,0.9208695652173913,0.3896084725856781
XGBoost,0.1865217391304348,0.921304347826087,0.3861732482910156
XGBoost,0.18695652173913044,0.921304347826087,0.38578394055366516
XGBoost,0.18695652173913044,0.922608695652174,0.38529616594314575
XGBoost,0.18869565217391304,0.922608695652174,0.3792799115180969
XGBoost,0.18869565217391304,0.9230434782608695,0.37892860174179077
XGBoost,0.19,0.9230434782608695,0.3778059482574463
XGBoost,0.19,0.9239130434782609,0.3761441111564636
XGBoost,0.19130434782608696,0.9239130434782609,0.3749433755874634
XGBoost,0.19130434782608696,0.9247826086956522,0.37445735931396484
XGBoost,0.1934782608695652,0.9247826086956522,0.37062498927116394
XGBoost,0.1934782608695652,0.9256521739130434,0.36961594223976135
XGBoost,0.19478260869565217,0.9256521739130434,0.36736035346984863
XGBoost,0.19478260869565217,0.9260869565217391,0.3668093979358673
XGBoost,0.19521739130434781,0.9260869565217391,0.36626970767974854
XGBoost,0.19521739130434781,0.9265217391304348,0.3633957803249359
XGBoost,0.1956521739130435,0.9265217391304348,0.3626452386379242
XGBoost,0.1956521739130435,0.9269565217391305,0.36241573095321655
XGBoost,0.20043478260869566,0.9269565217391305,0.35454660654067993
XGBoost,0.20043478260869566,0.9273913043478261,0.3522496223449707
XGBoost,0.2008695652173913,0.9273913043478261,0.35171300172805786
XGBoost,0.2008695652173913,0.9278260869565217,0.3515568673610687
XGBoost,0.20217391304347826,0.9278260869565217,0.34635376930236816
XGBoost,0.20217391304347826,0.928695652173913,0.3440829813480377
XGBoost,0.20478260869565218,0.928695652173913,0.34120655059814453
XGBoost,0.20478260869565218,0.9295652173913044,0.3398987650871277
XGBoost,0.20782608695652174,0.9295652173913044,0.332721084356308
XGBoost,0.20782608695652174,0.9308695652173913,0.3303692936897278
XGBoost,0.21043478260869566,0.9308695652173913,0.3243379592895508
XGBoost,0.21043478260869566,0.931304347826087,0.32393959164619446
XGBoost,0.21130434782608695,0.931304347826087,0.32304808497428894
XGBoost,0.21130434782608695,0.9317391304347826,0.32244861125946045
XGBoost,0.21391304347826087,0.9317391304347826,0.3181433379650116
XGBoost,0.21391304347826087,0.9321739130434783,0.31576260924339294
XGBoost,0.21521739130434783,0.9321739130434783,0.3129858374595642
XGBoost,0.21521739130434783,0.9326086956521739,0.3123449683189392
XGBoost,0.21565217391304348,0.9326086956521739,0.3110123872756958
XGBoost,0.21565217391304348,0.9330434782608695,0.31064745783805847
XGBoost,0.22478260869565217,0.9330434782608695,0.2962043583393097
XGBoost,0.22478260869565217,0.9334782608695652,0.2948421239852905
XGBoost,0.22826086956521738,0.9334782608695652,0.2903858721256256
XGBoost,0.22826086956521738,0.9343478260869565,0.2876102030277252
XGBoost,0.22869565217391305,0.9343478260869565,0.28695547580718994
XGBoost,0.22869565217391305,0.9347826086956522,0.28640997409820557
XGBoost,0.23,0.9347826086956522,0.2833283245563507
XGBoost,0.23,0.9352173913043478,0.2829294800758362
XGBoost,0.2308695652173913,0.9352173913043478,0.28247448801994324
XGBoost,0.2308695652173913,0.9360869565217391,0.28153327107429504
XGBoost,0.23173913043478261,0.9360869565217391,0.2807735204696655
XGBoost,0.23173913043478261,0.9365217391304348,0.2797790467739105
XGBoost,0.2326086956521739,0.9365217391304348,0.2793044149875641
XGBoost,0.2326086956521739,0.9369565217391305,0.2787662148475647
XGBoost,0.23347826086956522,0.9369565217391305,0.27555638551712036
XGBoost,0.23347826086956522,0.9373913043478261,0.27402183413505554
XGBoost,0.23391304347826086,0.9373913043478261,0.27398112416267395
XGBoost,0.23391304347826086,0.9378260869565217,0.27392062544822693
XGBoost,0.23434782608695653,0.9378260869565217,0.2735483646392822
XGBoost,0.23434782608695653,0.9382608695652174,0.27352312207221985
XGBoost,0.23521739130434782,0.9382608695652174,0.27126890420913696
XGBoost,0.23521739130434782,0.938695652173913,0.27076590061187744
XGBoost,0.23565217391304347,0.938695652173913,0.27066341042518616
XGBoost,0.23565217391304347,0.9404347826086956,0.266738623380661
XGBoost,0.2391304347826087,0.9404347826086956,0.2593477666378021
XGBoost,0.2391304347826087,0.9408695652173913,0.2582297623157501
XGBoost,0.2426086956521739,0.9408695652173913,0.25353819131851196
XGBoost,0.2426086956521739,0.941304347826087,0.2529585063457489
XGBoost,0.24347826086956523,0.941304347826087,0.25264185667037964
XGBoost,0.24347826086956523,0.9421739130434783,0.251238077878952
XGBoost,0.24434782608695652,0.9421739130434783,0.24935893714427948
XGBoost,0.24434782608695652,0.9426086956521739,0.24778595566749573
XGBoost,0.2508695652173913,0.9426086956521739,0.24152304232120514
XGBoost,0.2508695652173913,0.9430434782608695,0.2415042668581009
XGBoost,0.2543478260869565,0.9430434782608695,0.23712854087352753
XGBoost,0.2543478260869565,0.9434782608695652,0.23681321740150452
XGBoost,0.25478260869565217,0.9434782608695652,0.23631082475185394
XGBoost,0.25478260869565217,0.9439130434782609,0.23612476885318756
XGBoost,0.2569565217391304,0.9439130434782609,0.23503974080085754
XGBoost,0.2569565217391304,0.9447826086956522,0.23347601294517517
XGBoost,0.2604347826086956,0.9447826086956522,0.2291812151670456
XGBoost,0.2604347826086956,0.9452173913043478,0.2275204062461853
XGBoost,0.2608695652173913,0.9452173913043478,0.22682997584342957
XGBoost,0.2608695652173913,0.9460869565217391,0.22422246634960175
XGBoost,0.2647826086956522,0.9460869565217391,0.21964527666568756
XGBoost,0.2647826086956522,0.9469565217391305,0.2192554920911789
XGBoost,0.2682608695652174,0.9469565217391305,0.21735379099845886
XGBoost,0.2682608695652174,0.947391304347826,0.2155182957649231
XGBoost,0.2691304347826087,0.947391304347826,0.21489058434963226
XGBoost,0.2691304347826087,0.9491304347826087,0.21331657469272614
XGBoost,0.26956521739130435,0.9491304347826087,0.2122238278388977
XGBoost,0.26956521739130435,0.95,0.21204987168312073
XGBoost,0.27043478260869563,0.95,0.21044743061065674
XGBoost,0.27043478260869563,0.9504347826086956,0.21026964485645294
XGBoost,0.27608695652173915,0.9504347826086956,0.2001785784959793
XGBoost,0.27608695652173915,0.9508695652173913,0.19977383315563202
XGBoost,0.27652173913043476,0.9508695652173913,0.19879212975502014
XGBoost,0.27652173913043476,0.951304347826087,0.19865770637989044
XGBoost,0.2791304347826087,0.951304347826087,0.1948099434375763
XGBoost,0.2791304347826087,0.9517391304347826,0.19452762603759766
XGBoost,0.28,0.9517391304347826,0.1904277801513672
XGBoost,0.28,0.9530434782608695,0.18869194388389587
XGBoost,0.2808695652173913,0.9530434782608695,0.1874944120645523
XGBoost,0.2808695652173913,0.9534782608695652,0.18729649484157562
XGBoost,0.28652173913043477,0.9534782608695652,0.18286015093326569
XGBoost,0.28652173913043477,0.9543478260869566,0.18161514401435852
XGBoost,0.28782608695652173,0.9543478260869566,0.17907878756523132
XGBoost,0.28782608695652173,0.9547826086956521,0.17778417468070984
XGBoost,0.2891304347826087,0.9547826086956521,0.17689013481140137
XGBoost,0.2891304347826087,0.9552173913043478,0.17602792382240295
XGBoost,0.2921739130434783,0.9552173913043478,0.17004097998142242
XGBoost,0.2921739130434783,0.9560869565217391,0.16997793316841125
XGBoost,0.29434782608695653,0.9560869565217391,0.16793179512023926
XGBoost,0.29434782608695653,0.9565217391304348,0.16717980802059174
XGBoost,0.2952173913043478,0.9565217391304348,0.16531424224376678
XGBoost,0.2952173913043478,0.9569565217391305,0.16383153200149536
XGBoost,0.2995652173913044,0.9569565217391305,0.15917541086673737
XGBoost,0.2995652173913044,0.957391304347826,0.1590493768453598
XGBoost,0.30391304347826087,0.957391304347826,0.15607251226902008
XGBoost,0.30391304347826087,0.9578260869565217,0.1555953025817871
XGBoost,0.30434782608695654,0.9578260869565217,0.1553528904914856
XGBoost,0.30434782608695654,0.9582608695652174,0.1539890319108963
XGBoost,0.3065217391304348,0.9582608695652174,0.15312457084655762
XGBoost,0.3065217391304348,0.9586956521739131,0.15306949615478516
XGBoost,0.30695652173913046,0.9586956521739131,0.15218427777290344
XGBoost,0.30695652173913046,0.9591304347826087,0.15066996216773987
XGBoost,0.31130434782608696,0.9591304347826087,0.14624209702014923
XGBoost,0.31130434782608696,0.9595652173913043,0.14617423713207245
XGBoost,0.31173913043478263,0.9595652173913043,0.145701065659523
XGBoost,0.31173913043478263,0.96,0.1454675942659378
XGBoost,0.31217391304347825,0.96,0.14518147706985474
XGBoost,0.31217391304347825,0.9604347826086956,0.14491009712219238
XGBoost,0.31782608695652176,0.9604347826086956,0.1387035846710205
XGBoost,0.31782608695652176,0.9608695652173913,0.13866128027439117
XGBoost,0.32,0.9608695652173913,0.1373359113931656
XGBoost,0.32,0.961304347826087,0.13731852173805237
XGBoost,0.3265217391304348,0.961304347826087,0.13387969136238098
XGBoost,0.3265217391304348,0.9617391304347827,0.13372310996055603
XGBoost,0.3278260869565217,0.9617391304347827,0.13248737156391144
XGBoost,0.3278260869565217,0.9639130434782609,0.1313696950674057
XGBoost,0.3334782608695652,0.9639130434782609,0.12785544991493225
XGBoost,0.3334782608695652,0.9643478260869566,0.1277797967195511
XGBoost,0.3339130434782609,0.9643478260869566,0.12777632474899292
XGBoost,0.3339130434782609,0.9647826086956521,0.12769295275211334
XGBoost,0.3378260869565217,0.9647826086956521,0.12564638257026672
XGBoost,0.3378260869565217,0.9652173913043478,0.12556092441082
XGBoost,0.34652173913043477,0.9652173913043478,0.12001681327819824
XGBoost,0.34652173913043477,0.9656521739130435,0.11989428848028183
XGBoost,0.34695652173913044,0.9656521739130435,0.11948127299547195
XGBoost,0.34695652173913044,0.9665217391304348,0.11877525597810745
XGBoost,0.3491304347826087,0.9665217391304348,0.11674771457910538
XGBoost,0.3491304347826087,0.9669565217391304,0.11646994203329086
XGBoost,0.3552173913043478,0.9669565217391304,0.113128662109375
XGBoost,0.3552173913043478,0.9678260869565217,0.11276710778474808
XGBoost,0.3582608695652174,0.9678260869565217,0.11016446352005005
XGBoost,0.3582608695652174,0.9682608695652174,0.10970771312713623
XGBoost,0.358695652173913,0.9682608695652174,0.1090710386633873
XGBoost,0.358695652173913,0.9686956521739131,0.1087847426533699
XGBoost,0.36043478260869566,0.9686956521739131,0.10724448412656784
XGBoost,0.36043478260869566,0.9691304347826087,0.10718692094087601
XGBoost,0.3652173913043478,0.9691304347826087,0.10538014024496078
XGBoost,0.3652173913043478,0.9695652173913043,0.10524076968431473
XGBoost,0.3673913043478261,0.9695652173913043,0.10372178256511688
XGBoost,0.3673913043478261,0.97,0.10369190573692322
XGBoost,0.37217391304347824,0.97,0.10116024315357208
XGBoost,0.37217391304347824,0.9704347826086956,0.10109466314315796
XGBoost,0.3760869565217391,0.9704347826086956,0.0988454520702362
XGBoost,0.3760869565217391,0.971304347826087,0.0982343852519989
XGBoost,0.3782608695652174,0.971304347826087,0.09783639758825302
XGBoost,0.3782608695652174,0.9717391304347827,0.09757528454065323
XGBoost,0.38304347826086954,0.9717391304347827,0.0952266976237297
XGBoost,0.38304347826086954,0.9721739130434782,0.09482477605342865
XGBoost,0.3843478260869565,0.9721739130434782,0.09390370547771454
XGBoost,0.3843478260869565,0.9726086956521739,0.09381939470767975
XGBoost,0.3847826086956522,0.9726086956521739,0.09378712624311447
XGBoost,0.3847826086956522,0.9734782608695652,0.09365527331829071
XGBoost,0.3939130434782609,0.9734782608695652,0.09009154886007309
XGBoost,0.3939130434782609,0.9743478260869565,0.09001214802265167
XGBoost,0.39521739130434785,0.9743478260869565,0.08930139988660812
XGBoost,0.39521739130434785,0.9747826086956521,0.088899165391922
XGBoost,0.39565217391304347,0.9747826086956521,0.08885996788740158
XGBoost,0.39565217391304347,0.9752173913043478,0.08884289115667343
XGBoost,0.39652173913043476,0.9752173913043478,0.08858221769332886
XGBoost,0.39652173913043476,0.9756521739130435,0.08854565769433975
XGBoost,0.40043478260869564,0.9756521739130435,0.08679024875164032
XGBoost,0.40043478260869564,0.9760869565217392,0.08652493357658386
XGBoost,0.40347826086956523,0.9760869565217392,0.0856698527932167
XGBoost,0.40347826086956523,0.9765217391304348,0.08562184870243073
XGBoost,0.40695652173913044,0.9765217391304348,0.08452652394771576
XGBoost,0.40695652173913044,0.9769565217391304,0.08409339189529419
XGBoost,0.4091304347826087,0.9769565217391304,0.08299162983894348
XGBoost,0.4091304347826087,0.9773913043478261,0.08290974050760269
XGBoost,0.4156521739130435,0.9773913043478261,0.0813140794634819
XGBoost,0.4156521739130435,0.9782608695652174,0.08114781230688095
XGBoost,0.4165217391304348,0.9782608695652174,0.08088188618421555
XGBoost,0.4165217391304348,0.9786956521739131,0.0807427242398262
XGBoost,0.4191304347826087,0.9786956521739131,0.08000268787145615
XGBoost,0.4191304347826087,0.9791304347826087,0.07961905002593994
XGBoost,0.42,0.9791304347826087,0.0793117806315422
XGBoost,0.42,0.9795652173913043,0.07882454991340637
XGBoost,0.4273913043478261,0.9795652173913043,0.07624087482690811
XGBoost,0.4273913043478261,0.98,0.07620151340961456
XGBoost,0.42869565217391303,0.98,0.07532919198274612
XGBoost,0.42869565217391303,0.9804347826086957,0.07506079971790314
XGBoost,0.4291304347826087,0.9804347826086957,0.07504196465015411
XGBoost,0.4291304347826087,0.9808695652173913,0.0746946856379509
XGBoost,0.4426086956521739,0.9808695652173913,0.0709838718175888
XGBoost,0.4426086956521739,0.981304347826087,0.07098311930894852
XGBoost,0.4469565217391304,0.981304347826087,0.06955190747976303
XGBoost,0.4469565217391304,0.9821739130434782,0.06953076273202896
XGBoost,0.4508695652173913,0.9821739130434782,0.06913165748119354
XGBoost,0.4508695652173913,0.9830434782608696,0.06892679631710052
XGBoost,0.4547826086956522,0.9830434782608696,0.06839679181575775
XGBoost,0.4547826086956522,0.9834782608695652,0.06839276850223541
XGBoost,0.45695652173913043,0.9834782608695652,0.06758023053407669
XGBoost,0.45695652173913043,0.9839130434782609,0.06757988780736923
XGBoost,0.4582608695652174,0.9839130434782609,0.06746316701173782
XGBoost,0.4582608695652174,0.9843478260869565,0.06734590977430344
XGBoost,0.4708695652173913,0.9843478260869565,0.0641140267252922
XGBoost,0.4708695652173913,0.9847826086956522,0.06390513479709625
XGBoost,0.4747826086956522,0.9847826086956522,0.06310024112462997
XGBoost,0.4747826086956522,0.9852173913043478,0.06306958198547363
XGBoost,0.49217391304347824,0.9852173913043478,0.058824583888053894
XGBoost,0.49217391304347824,0.9856521739130435,0.05881402641534805
XGBoost,0.4960869565217391,0.9856521739130435,0.058000411838293076
XGBoost,0.4960869565217391,0.9860869565217392,0.05785305052995682
XGBoost,0.49782608695652175,0.9860869565217392,0.057651977986097336
XGBoost,0.49782608695652175,0.9865217391304347,0.05762399360537529
XGBoost,0.5043478260869565,0.9865217391304347,0.05639295279979706
XGBoost,0.5043478260869565,0.9869565217391304,0.05637216195464134
XGBoost,0.5056521739130435,0.9869565217391304,0.05608157813549042
XGBoost,0.5056521739130435,0.9873913043478261,0.05604160577058792
XGBoost,0.5095652173913043,0.9873913043478261,0.05535029247403145
XGBoost,0.5095652173913043,0.9878260869565217,0.05526813864707947
XGBoost,0.5113043478260869,0.9878260869565217,0.05500943958759308
XGBoost,0.5113043478260869,0.9882608695652174,0.05499820038676262
XGBoost,0.5121739130434783,0.9882608695652174,0.0549774095416069
XGBoost,0.5121739130434783,0.9886956521739131,0.054785169661045074
XGBoost,0.5204347826086957,0.9886956521739131,0.05357493832707405
XGBoost,0.5204347826086957,0.9891304347826086,0.05351324751973152
XGBoost,0.5256521739130435,0.9891304347826086,0.05212011933326721
XGBoost,0.5256521739130435,0.9895652173913043,0.05211092159152031
XGBoost,0.5260869565217391,0.9895652173913043,0.0519791804254055
XGBoost,0.5260869565217391,0.99,0.051886703819036484
XGBoost,0.5313043478260869,0.99,0.05123543366789818
XGBoost,0.5313043478260869,0.9904347826086957,0.05113605037331581
XGBoost,0.5365217391304348,0.9904347826086957,0.04999808967113495
XGBoost,0.5365217391304348,0.9908695652173913,0.04998638853430748
XGBoost,0.5643478260869565,0.9908695652173913,0.045272812247276306
XGBoost,0.5643478260869565,0.991304347826087,0.04525033384561539
XGBoost,0.578695652173913,0.991304347826087,0.04309171438217163
XGBoost,0.578695652173913,0.9917391304347826,0.043081458657979965
XGBoost,0.5843478260869566,0.9917391304347826,0.042174503207206726
XGBoost,0.5843478260869566,0.9921739130434782,0.04213499650359154
XGBoost,0.5926086956521739,0.9921739130434782,0.041169874370098114
XGBoost,0.5926086956521739,0.9926086956521739,0.04112865403294563
XGBoost,0.5934782608695652,0.9926086956521739,0.04108647629618645
XGBoost,0.5934782608695652,0.9930434782608696,0.04104549437761307
XGBoost,0.5947826086956521,0.9930434782608696,0.0408676341176033
XGBoost,0.5947826086956521,0.9934782608695653,0.04081205651164055
XGBoost,0.5965217391304348,0.9934782608695653,0.040624380111694336
XGBoost,0.5965217391304348,0.9939130434782608,0.0405706949532032
XGBoost,0.6078260869565217,0.9939130434782608,0.03946135193109512
XGBoost,0.6078260869565217,0.9943478260869565,0.0393419973552227
XGBoost,0.621304347826087,0.9943478260869565,0.037324488162994385
XGBoost,0.621304347826087,0.9947826086956522,0.03731570020318031
XGBoost,0.6313043478260869,0.9947826086956522,0.03626178577542305
XGBoost,0.6313043478260869,0.9952173913043478,0.03616403415799141
XGBoost,0.6452173913043479,0.9952173913043478,0.03484143689274788
XGBoost,0.6452173913043479,0.9956521739130435,0.03483603894710541
XGBoost,0.6469565217391304,0.9956521739130435,0.03453713282942772
XGBoost,0.6469565217391304,0.9960869565217392,0.03452449291944504
XGBoost,0.6704347826086956,0.9960869565217392,0.03200569748878479
XGBoost,0.6704347826086956,0.9965217391304347,0.03200499713420868
XGBoost,0.6821739130434783,0.9965217391304347,0.030688084661960602
XGBoost,0.6821739130434783,0.9969565217391304,0.030641209334135056
XGBoost,0.6926086956521739,0.9969565217391304,0.029452946037054062
XGBoost,0.6926086956521739,0.9973913043478261,0.029350748285651207
XGBoost,0.7347826086956522,0.9973913043478261,0.025568271055817604
XGBoost,0.7347826086956522,0.9978260869565218,0.025462765246629715
XGBoost,0.7539130434782608,0.9978260869565218,0.02330370619893074
XGBoost,0.7539130434782608,0.9982608695652174,0.02330181375145912
XGBoost,0.788695652173913,0.9982608695652174,0.020031718537211418
XGBoost,0.788695652173913,0.9986956521739131,0.020028701052069664
XGBoost,0.7921739130434783,0.9986956521739131,0.019671732559800148
XGBoost,0.7921739130434783,0.9991304347826087,0.01962471939623356
XGBoost,0.8260869565217391,0.9991304347826087,0.01728111132979393
XGBoost,0.8260869565217391,0.9995652173913043,0.01727244071662426
XGBoost,0.8882608695652174,0.9995652173913043,0.012339604087173939
XGBoost,0.8882608695652174,1.0,0.012299245223402977
XGBoost,1.0,1.0,0.0012496106792241335
CatBoost,0.0,0.0,inf
CatBoost,0.0,0.0004347826086956522,0.997845781268695
CatBoost,0.0,0.12347826086956522,0.9694827806149013
CatBoost,0.0004347826086956522,0.12347826086956522,0.9691324343103893
CatBoost,0.0004347826086956522,0.13826086956521738,0.9673174853397025
CatBoost,0.0008695652173913044,0.13826086956521738,0.9672326605852306
CatBoost,0.0008695652173913044,0.14565217391304347,0.9654175216532758
CatBoost,0.0013043478260869566,0.14565217391304347,0.9654019921298658
CatBoost,0.0013043478260869566,0.14782608695652175,0.9646789619051112
CatBoost,0.0017391304347826088,0.14782608695652175,0.9646571110138362
CatBoost,0.0017391304347826088,0.15217391304347827,0.9641876290212287
CatBoost,0.002173913043478261,0.15217391304347827,0.9641860626573021
CatBoost,0.002173913043478261,0.15478260869565216,0.9637988752625148
CatBoost,0.0026086956521739132,0.15478260869565216,0.963656143346293
CatBoost,0.0026086956521739132,0.16782608695652174,0.9615651402924219
CatBoost,0.003043478260869565,0.16782608695652174,0.96155712607314
CatBoost,0.003043478260869565,0.17391304347826086,0.9603579046457329
CatBoost,0.0034782608695652175,0.17391304347826086,0.9603544566542608
CatBoost,0.0034782608695652175,0.18304347826086956,0.9581125891297654
CatBoost,0.00391304347826087,0.18304347826086956,0.958045837936337
CatBoost,0.00391304347826087,0.20608695652173914,0.9539983697020867
CatBoost,0.004347826086956522,0.20608695652173914,0.9539544527518404
CatBoost,0.004347826086956522,0.22391304347826088,0.9515616816061344
CatBoost,0.004782608695652174,0.22391304347826088,0.9515326552711834
CatBoost,0.004782608695652174,0.23,0.9504295128685663
CatBoost,0.0052173913043478265,0.23,0.9502422933280961
CatBoost,0.0052173913043478265,0.23217391304347826,0.9501086572057144
CatBoost,0.005652173913043478,0.23217391304347826,0.9499914617577397
CatBoost,0.005652173913043478,0.23434782608695653,0.9494263141261323
CatBoost,0.00608695652173913,0.23434782608695653,0.9491906177212376
CatBoost,0.00608695652173913,0.24347826086956523,0.9471394819465523
CatBoost,0.006521739130434782,0.24347826086956523,0.9471329582415842
CatBoost,0.006521739130434782,0.25217391304347825,0.9457775743753449
CatBoost,0.006956521739130435,0.25217391304347825,0.9457362671265513
CatBoost,0.006956521739130435,0.25521739130434784,0.945242401266022
CatBoost,0.007391304347826087,0.25521739130434784,0.9452410673832534
CatBoost,0.007391304347826087,0.26217391304347826,0.94395630220027
CatBoost,0.00782608695652174,0.26217391304347826,0.9438953068349931
CatBoost,0.00782608695652174,0.2643478260869565,0.9436797829838696
CatBoost,0.00826086956521739,0.2643478260869565,0.9436028424859092
CatBoost,0.00826086956521739,0.27217391304347827,0.9420994396755725
CatBoost,0.008695652173913044,0.27217391304347827,0.9420857890402229
CatBoost,0.008695652173913044,0.2747826086956522,0.941399724705367
CatBoost,0.009565217391304347,0.2747826086956522,0.9413047537376324
CatBoost,0.009565217391304347,0.29304347826086957,0.9381262828464051
CatBoost,0.01,0.29304347826086957,0.93783870378928
CatBoost,0.01,0.2956521739130435,0.9373952091558015
CatBoost,0.010434782608695653,0.2956521739130435,0.9373368875615431
CatBoost,0.010434782608695653,0.2960869565217391,0.9373353696753076
CatBoost,0.011304347826086957,0.2960869565217391,0.9372231430208368
CatBoost,0.011304347826086957,0.3026086956521739,0.9362148318052793
CatBoost,0.011739130434782608,0.3026086956521739,0.9362001578184251
CatBoost,0.011739130434782608,0.3169565217391304,0.9339121155794227
CatBoost,0.012608695652173913,0.3169565217391304,0.9337332861881081
CatBoost,0.012608695652173913,0.32130434782608697,0.9324522793178829
CatBoost,0.013043478260869565,0.32130434782608697,0.9324264142843229
CatBoost,0.013043478260869565,0.3234782608695652,0.9320287822871408
CatBoost,0.013478260869565217,0.3234782608695652,0.9320047779161011
CatBoost,0.013478260869565217,0.3352173913043478,0.9292165089951205
CatBoost,0.01391304347826087,0.3352173913043478,0.9291310066853115
CatBoost,0.01391304347826087,0.34043478260869564,0.9278837645296206
CatBoost,0.014347826086956521,0.34043478260869564,0.9277386901783511
CatBoost,0.014347826086956521,0.34608695652173915,0.9260936525028447
CatBoost,0.014782608695652174,0.34608695652173915,0.9260841956996388
CatBoost,0.014782608695652174,0.348695652173913,0.9252819082707423
CatBoost,0.015217391304347827,0.348695652173913,0.9252073535300661
CatBoost,0.015217391304347827,0.3691304347826087,0.9208403687647103
CatBoost,0.01565217391304348,0.3691304347826087,0.920638344385051
CatBoost,0.01565217391304348,0.37130434782608696,0.9197050771499456
CatBoost,0.01608695652173913,0.37130434782608696,0.9195477004164548
CatBoost,0.01608695652173913,0.3760869565217391,0.918270382325633
CatBoost,0.01652173913043478,0.3760869565217391,0.9181819920212966
CatBoost,0.01652173913043478,0.37782608695652176,0.9179773544416071
CatBoost,0.016956521739130436,0.37782608695652176,0.9179586836853925
CatBoost,0.016956521739130436,0.3782608695652174,0.9179309297775788
CatBoost,0.017391304347826087,0.3782608695652174,0.9178335088383898
CatBoost,0.017391304347826087,0.38,0.9173969469279035
CatBoost,0.017826086956521738,0.38,0.917395715944459
CatBoost,0.017826086956521738,0.3865217391304348,0.9159346724496344
CatBoost,0.018260869565217393,0.3865217391304348,0.9158607612182962
CatBoost,0.018260869565217393,0.38913043478260867,0.9151218326177732
CatBoost,0.018695652173913044,0.38913043478260867,0.9149724064430932
CatBoost,0.018695652173913044,0.39,0.9148209716430856
CatBoost,0.019130434782608695,0.39,0.9147967746994401
CatBoost,0.019130434782608695,0.39956521739130435,0.9124971719335623
CatBoost,0.01956521739130435,0.39956521739130435,0.9123924823784471
CatBoost,0.01956521739130435,0.4165217391304348,0.9074047204808883
CatBoost,0.02,0.4165217391304348,0.907239986122137
CatBoost,0.02,0.41782608695652174,0.9067505181066033
CatBoost,0.02043478260869565,0.41782608695652174,0.9067166468932577
CatBoost,0.02043478260869565,0.4217391304347826,0.90516934573594
CatBoost,0.020869565217391306,0.4217391304347826,0.9050915134493167
CatBoost,0.020869565217391306,0.4230434782608696,0.9049513948787273
CatBoost,0.021304347826086957,0.4230434782608696,0.9048947611345493
CatBoost,0.021304347826086957,0.4252173913043478,0.9041482672075638
CatBoost,0.021739130434782608,0.4252173913043478,0.9041002072385216
CatBoost,0.021739130434782608,0.4260869565217391,0.9039424663426029
CatBoost,0.02217391304347826,0.4260869565217391,0.9039278006990132
CatBoost,0.02217391304347826,0.4330434782608696,0.9022701582917463
CatBoost,0.022608695652173914,0.4330434782608696,0.9021835959930385
CatBoost,0.022608695652173914,0.4356521739130435,0.9018247950654644
CatBoost,0.023043478260869565,0.4356521739130435,0.9017017552987773
CatBoost,0.023043478260869565,0.4360869565217391,0.9016221167543704
CatBoost,0.023478260869565216,0.4360869565217391,0.9014497862246735
CatBoost,0.023478260869565216,0.43782608695652175,0.9011444010300634
CatBoost,0.02391304347826087,0.43782608695652175,0.901135092423607
CatBoost,0.02391304347826087,0.43826086956521737,0.9009109758628441
CatBoost,0.02434782608695652,0.43826086956521737,0.9008700008222701
CatBoost,0.02434782608695652,0.45304347826086955,0.8970687538008328
CatBoost,0.024782608695652172,0.45304347826086955,0.897021223587481
CatBoost,0.024782608695652172,0.45608695652173914,0.8960496620489266
CatBoost,0.025217391304347827,0.45608695652173914,0.8960300200636381
CatBoost,0.025217391304347827,0.45695652173913043,0.8957036669997478
CatBoost,0.025652173913043478,0.45695652173913043,0.8957006321936068
CatBoost,0.025652173913043478,0.45869565217391306,0.8952790696541232
CatBoost,0.02608695652173913,0.45869565217391306,0.8952359596256777
CatBoost,0.02608695652173913,0.4591304347826087,0.8951568206749059
CatBoost,0.026521739130434784,0.4591304347826087,0.8946633046029914
CatBoost,0.026521739130434784,0.46260869565217394,0.8936662261439249
CatBoost,0.026956521739130435,0.46260869565217394,0.8936169346849818
CatBoost,0.026956521739130435,0.4652173913043478,0.8928076088636103
CatBoost,0.027391304347826086,0.4652173913043478,0.8927098896716164
CatBoost,0.027391304347826086,0.478695652173913,0.8884165460620274
CatBoost,0.02782608695652174,0.478695652173913,0.8882466342402812
CatBoost,0.02782608695652174,0.48130434782608694,0.8877661613408697
CatBoost,0.02826086956521739,0.48130434782608694,0.887652508255669
CatBoost,0.02826086956521739,0.48782608695652174,0.8848421616358036
CatBoost,0.028695652173913042,0.48782608695652174,0.8848167863500211
CatBoost,0.028695652173913042,0.49478260869565216,0.8831711781977991
CatBoost,0.029130434782608697,0.49478260869565216,0.8831156417499527
CatBoost,0.029130434782608697,0.5043478260869565,0.8790579691498814
CatBoost,0.029565217391304348,0.5043478260869565,0.879055672384507
CatBoost,0.029565217391304348,0.5052173913043478,0.87830741448933
CatBoost,0.03,0.5052173913043478,0.8781351749291151
CatBoost,0.03,0.5082608695652174,0.8775406429808715
CatBoost,0.030434782608695653,0.5082608695652174,0.8775127805665778
CatBoost,0.030434782608695653,0.5095652173913043,0.8764907051832826
CatBoost,0.030869565217391304,0.5095652173913043,0.8763803894767771
CatBoost,0.030869565217391304,0.5117391304347826,0.875830111942745
CatBoost,0.03130434782608696,0.5117391304347826,0.8757303049962235
CatBoost,0.03130434782608696,0.5313043478260869,0.8701285790434711
CatBoost,0.03173913043478261,0.5313043478260869,0.869787523121896
CatBoost,0.03173913043478261,0.5391304347826087,0.8661047453069157
CatBoost,0.03217391304347826,0.5391304347826087,0.8660982994466399
CatBoost,0.03217391304347826,0.5417391304347826,0.8650572698729204
CatBoost,0.03260869565217391,0.5417391304347826,0.8650332762746865
CatBoost,0.03260869565217391,0.5456521739130434,0.8641054247401458
CatBoost,0.03304347826086956,0.5456521739130434,0.8637914438133457
CatBoost,0.03304347826086956,0.5465217391304348,0.8635936150578651
CatBoost,0.033478260869565214,0.5465217391304348,0.8634681537325651
CatBoost,0.033478260869565214,0.5569565217391305,0.8608286418917105
CatBoost,0.03391304347826087,0.5569565217391305,0.8603429584522437
CatBoost,0.03391304347826087,0.5573913043478261,0.8601625335785751
CatBoost,0.03434782608695652,0.5573913043478261,0.8601410652095404
CatBoost,0.03434782608695652,0.5595652173913044,0.8590519362539322
CatBoost,0.035652173913043476,0.5595652173913044,0.8580366465838143
CatBoost,0.035652173913043476,0.5621739130434783,0.8569120039124255
CatBoost,0.03608695652173913,0.5621739130434783,0.8563553338101642
CatBoost,0.03608695652173913,0.5626086956521739,0.8562757110810557
CatBoost,0.036521739130434785,0.5626086956521739,0.8559808654579916
CatBoost,0.036521739130434785,0.5691304347826087,0.8536511682039364
CatBoost,0.03695652173913044,0.5691304347826087,0.8536357706031475
CatBoost,0.03695652173913044,0.5704347826086956,0.8531026956253301
CatBoost,0.03739130434782609,0.5704347826086956,0.8529550066338879
CatBoost,0.03739130434782609,0.5730434782608695,0.8521024620843927
CatBoost,0.03782608695652174,0.5730434782608695,0.8520777975195849
CatBoost,0.03782608695652174,0.5756521739130435,0.8510005518475834
CatBoost,0.03826086956521739,0.5756521739130435,0.8499275959831822
CatBoost,0.03826086956521739,0.5760869565217391,0.8498594571362638
CatBoost,0.03869565217391304,0.5760869565217391,0.84983402649437
CatBoost,0.03869565217391304,0.5791304347826087,0.8484020127431496
CatBoost,0.0391304347826087,0.5791304347826087,0.848393760421229
CatBoost,0.0391304347826087,0.5821739130434782,0.8464552419584485
CatBoost,0.03956521739130435,0.5821739130434782,0.8464068813355079
CatBoost,0.03956521739130435,0.5830434782608696,0.8460504775284877
CatBoost,0.04,0.5830434782608696,0.845991628688435
CatBoost,0.04,0.5843478260869566,0.8451059395919698
CatBoost,0.04043478260869565,0.5843478260869566,0.8446666599472944
CatBoost,0.04043478260869565,0.5865217391304348,0.8441392082069588
CatBoost,0.0408695652173913,0.5865217391304348,0.8441325464510002
CatBoost,0.0408695652173913,0.587391304347826,0.8439202636122224
CatBoost,0.04173913043478261,0.587391304347826,0.8437758760908021
CatBoost,0.04173913043478261,0.5947826086956521,0.8408329443815901
CatBoost,0.04217391304347826,0.5947826086956521,0.8407388391068711
CatBoost,0.04217391304347826,0.5978260869565217,0.839453577433985
CatBoost,0.042608695652173914,0.5978260869565217,0.8392324264480674
CatBoost,0.042608695652173914,0.6017391304347826,0.8374613186754989
CatBoost,0.043043478260869565,0.6017391304347826,0.8371464123507454
CatBoost,0.043043478260869565,0.6095652173913043,0.8339945237322788
CatBoost,0.043478260869565216,0.6095652173913043,0.8338823015803961
CatBoost,0.043478260869565216,0.6147826086956522,0.8302759866132784
CatBoost,0.04434782608695652,0.6147826086956522,0.8299105820427018
CatBoost,0.04434782608695652,0.6217391304347826,0.8261890152498083
CatBoost,0.044782608695652176,0.6217391304347826,0.8261341605683669
CatBoost,0.044782608695652176,0.6234782608695653,0.8252877681500587
CatBoost,0.04521739130434783,0.6234782608695653,0.8252768577879377
CatBoost,0.04521739130434783,0.6260869565217392,0.8243505796371319
CatBoost,0.04565217391304348,0.6260869565217392,0.8242280394691811
CatBoost,0.04565217391304348,0.6265217391304347,0.8242002409690917
CatBoost,0.04608695652173913,0.6265217391304347,0.8236812141748571
CatBoost,0.04608695652173913,0.6295652173913043,0.8232271908644774
CatBoost,0.04652173913043478,0.6295652173913043,0.8230170586792495
CatBoost,0.04652173913043478,0.6395652173913043,0.8188547865556672
CatBoost,0.04695652173913043,0.6395652173913043,0.8188452207408756
CatBoost,0.04695652173913043,0.6408695652173914,0.8181137999990035
CatBoost,0.04782608695652174,0.6408695652173914,0.8177472551069596
CatBoost,0.04782608695652174,0.6421739130434783,0.8169109053296773
CatBoost,0.04826086956521739,0.6421739130434783,0.8168945899684285
CatBoost,0.04826086956521739,0.6504347826086957,0.8121674473265814
CatBoost,0.04869565217391304,0.6504347826086957,0.8117578356093651
CatBoost,0.04869565217391304,0.6560869565217391,0.8093984684434716
CatBoost,0.049130434782608694,0.6560869565217391,0.8093817601456794
CatBoost,0.049130434782608694,0.658695652173913,0.8086122321151078
CatBoost,0.049565217391304345,0.658695652173913,0.8081991966129054
CatBoost,0.049565217391304345,0.6639130434782609,0.8061840456776209
CatBoost,0.050869565217391305,0.6639130434782609,0.8058332182501483
CatBoost,0.050869565217391305,0.6656521739130434,0.8051638946661227
CatBoost,0.051304347826086956,0.6656521739130434,0.8051362440691106
CatBoost,0.051304347826086956,0.6673913043478261,0.8043706974330006
CatBoost,0.05173913043478261,0.6673913043478261,0.8043128425300053
CatBoost,0.05173913043478261,0.6678260869565218,0.804088907190955
CatBoost,0.05217391304347826,0.6678260869565218,0.8040680301637707
CatBoost,0.05217391304347826,0.6704347826086956,0.8033262583226295
CatBoost,0.052608695652173916,0.6704347826086956,0.8030602269867698
CatBoost,0.052608695652173916,0.671304347826087,0.8026126514025584
CatBoost,0.05304347826086957,0.671304347826087,0.8023967950352491
CatBoost,0.05304347826086957,0.6743478260869565,0.8004036067718834
CatBoost,0.05347826086956522,0.6743478260869565,0.8003282800407082
CatBoost,0.05347826086956522,0.6782608695652174,0.7972676966090859
CatBoost,0.05391304347826087,0.6782608695652174,0.7964605060631725
CatBoost,0.05391304347826087,0.678695652173913,0.796397798418742
CatBoost,0.05434782608695652,0.678695652173913,0.7961781539955272
CatBoost,0.05434782608695652,0.6808695652173913,0.7951508504085967
CatBoost,0.05478260869565217,0.6808695652173913,0.7943954156386878
CatBoost,0.05478260869565217,0.6843478260869565,0.7923723357563303
CatBoost,0.05521739130434783,0.6843478260869565,0.792320264479186
CatBoost,0.05521739130434783,0.6856521739130435,0.7919876049394103
CatBoost,0.05565217391304348,0.6856521739130435,0.7916890937859474
CatBoost,0.05565217391304348,0.6878260869565217,0.7899254607159789
CatBoost,0.05608695652173913,0.6878260869565217,0.7895461351092442
CatBoost,0.05608695652173913,0.6882608695652174,0.7892120015292609
CatBoost,0.05652173913043478,0.6882608695652174,0.7888784623251434
CatBoost,0.05652173913043478,0.69,0.7881243350014482
CatBoost,0.056956521739130433,0.69,0.7877672524522576
CatBoost,0.056956521739130433,0.6956521739130435,0.785259754261836
CatBoost,0.05782608695652174,0.6956521739130435,0.7839793514165231
CatBoost,0.05782608695652174,0.697391304347826,0.7827059638004608
CatBoost,0.058260869565217394,0.697391304347826,0.7825732643376864
CatBoost,0.058260869565217394,0.7008695652173913,0.780895086447001
CatBoost,0.059130434782608696,0.7008695652173913,0.7801402577155777
CatBoost,0.059130434782608696,0.7017391304347826,0.7799475660637397
CatBoost,0.05956521739130435,0.7017391304347826,0.7796899524647912
CatBoost,0.05956521739130435,0.7026086956521739,0.7793969472785468
CatBoost,0.06043478260869565,0.7026086956521739,0.7791502487200275
CatBoost,0.06043478260869565,0.7030434782608695,0.7788917834143407
CatBoost,0.06130434782608696,0.7030434782608695,0.7776176669057008
CatBoost,0.06130434782608696,0.7052173913043478,0.7750763971541554
CatBoost,0.06173913043478261,0.7052173913043478,0.7746876658912732
CatBoost,0.06173913043478261,0.7065217391304348,0.773993309340673
CatBoost,0.06217391304347826,0.7065217391304348,0.773623737106132
CatBoost,0.06217391304347826,0.7082608695652174,0.771556455058614
CatBoost,0.06260869565217392,0.7082608695652174,0.7712508927040713
CatBoost,0.06260869565217392,0.7086956521739131,0.7712108621837007
CatBoost,0.06304347826086956,0.7086956521739131,0.770780385194079
CatBoost,0.06304347826086956,0.7095652173913043,0.769355861191759
CatBoost,0.06347826086956522,0.7095652173913043,0.7691594712236998
CatBoost,0.06347826086956522,0.7117391304347827,0.7675186909381824
CatBoost,0.06391304347826086,0.7117391304347827,0.7672491404105571
CatBoost,0.06391304347826086,0.7121739130434782,0.7672226400770609
CatBoost,0.06434782608695652,0.7121739130434782,0.766896496820452
CatBoost,0.06434782608695652,0.7134782608695652,0.7655828219560292
CatBoost,0.06478260869565218,0.7134782608695652,0.7652501979349987
CatBoost,0.06478260869565218,0.7147826086956521,0.7648525922668032
CatBoost,0.06565217391304348,0.7147826086956521,0.7638935919816676
CatBoost,0.06565217391304348,0.7160869565217391,0.7632976475248436
CatBoost,0.06608695652173913,0.7160869565217391,0.7630462877839842
CatBoost,0.06608695652173913,0.7208695652173913,0.7611198410540656
CatBoost,0.06652173913043478,0.7208695652173913,0.7610858401200323
CatBoost,0.06652173913043478,0.7221739130434782,0.7593377930119327
CatBoost,0.06695652173913043,0.7221739130434782,0.7592930458301351
CatBoost,0.06695652173913043,0.7230434782608696,0.758792043746078
CatBoost,0.06826086956521739,0.7230434782608696,0.7580339231657405
CatBoost,0.06826086956521739,0.7239130434782609,0.7570972565407423
CatBoost,0.06869565217391305,0.7239130434782609,0.7568598412063975
CatBoost,0.06869565217391305,0.7291304347826087,0.7530291312643754
CatBoost,0.06913043478260869,0.7291304347826087,0.7526078233736561
CatBoost,0.06913043478260869,0.73,0.7520411762854489
CatBoost,0.06956521739130435,0.73,0.7518027234269509
CatBoost,0.06956521739130435,0.7304347826086957,0.7516750750390021
CatBoost,0.07,0.7304347826086957,0.7513438547688489
CatBoost,0.07,0.731304347826087,0.7508230404351067
CatBoost,0.07043478260869565,0.731304347826087,0.750281835127232
CatBoost,0.07043478260869565,0.7360869565217392,0.7479745832097432
CatBoost,0.07086956521739131,0.7360869565217392,0.7478373259008729
CatBoost,0.07086956521739131,0.7373913043478261,0.7471610560390219
CatBoost,0.07173913043478261,0.7373913043478261,0.7459702994188586
CatBoost,0.07173913043478261,0.7386956521739131,0.7446240256774534
CatBoost,0.07217391304347825,0.7386956521739131,0.7444210539644281
CatBoost,0.07217391304347825,0.7391304347826086,0.7442923759108979
CatBoost,0.07304347826086957,0.7391304347826086,0.7436317978251263
CatBoost,0.07304347826086957,0.74,0.7434700338162673
CatBoost,0.07347826086956522,0.74,0.7432661886926912
CatBoost,0.07347826086956522,0.7404347826086957,0.743008905485878
CatBoost,0.07391304347826087,0.7404347826086957,0.7419286537538244
CatBoost,0.07391304347826087,0.7417391304347826,0.7413141333832252
CatBoost,0.07434782608695652,0.7417391304347826,0.7412573473085216
CatBoost,0.07434782608695652,0.7447826086956522,0.7389303156984388
CatBoost,0.07521739130434782,0.7447826086956522,0.7387978167234834
CatBoost,0.07521739130434782,0.7486956521739131,0.7360656077606111
CatBoost,0.07608695652173914,0.7486956521739131,0.7359344937222931
CatBoost,0.07608695652173914,0.7491304347826087,0.7358610903657581
CatBoost,0.07652173913043478,0.7491304347826087,0.7352943883489668
CatBoost,0.07652173913043478,0.7495652173913043,0.734648163112147
CatBoost,0.07695652173913044,0.7495652173913043,0.7341031628499163
CatBoost,0.07695652173913044,0.7521739130434782,0.7314084377903697
CatBoost,0.0791304347826087,0.7521739130434782,0.7291030802295949
CatBoost,0.0791304347826087,0.7539130434782608,0.727959722129436
CatBoost,0.07956521739130434,0.7539130434782608,0.7269422919253413
CatBoost,0.07956521739130434,0.7543478260869565,0.7267834902639091
CatBoost,0.0808695652173913,0.7543478260869565,0.7265151170248256
CatBoost,0.0808695652173913,0.7639130434782608,0.7189510856290839
CatBoost,0.08130434782608696,0.7639130434782608,0.7185312450116975
CatBoost,0.08130434782608696,0.7647826086956522,0.718281580807748
CatBoost,0.08217391304347826,0.7647826086956522,0.7174362577878877
CatBoost,0.08217391304347826,0.7669565217391304,0.7164564479690497
CatBoost,0.08260869565217391,0.7669565217391304,0.7157695969811805
CatBoost,0.08260869565217391,0.7678260869565218,0.7147072931773947
CatBoost,0.08304347826086957,0.7678260869565218,0.7144514162176331
CatBoost,0.08304347826086957,0.77,0.7119242993387415
CatBoost,0.08347826086956522,0.77,0.7116582247533269
CatBoost,0.08347826086956522,0.7704347826086957,0.7112323704939449
CatBoost,0.08434782608695653,0.7704347826086957,0.7110483696042887
CatBoost,0.08434782608695653,0.7726086956521739,0.7090449848526583
CatBoost,0.08478260869565217,0.7726086956521739,0.7090345813602627
CatBoost,0.08478260869565217,0.7760869565217391,0.7074254238903777
CatBoost,0.08565217391304347,0.7760869565217391,0.7071179439599979
CatBoost,0.08565217391304347,0.7769565217391304,0.7060155766113095
CatBoost,0.08608695652173913,0.7769565217391304,0.7056931069556289
CatBoost,0.08608695652173913,0.778695652173913,0.7049659288594315
CatBoost,0.08652173913043479,0.778695652173913,0.7038814473465861
CatBoost,0.08652173913043479,0.78,0.7028427095546398
CatBoost,0.08739130434782609,0.78,0.7024601029612119
CatBoost,0.08739130434782609,0.7804347826086957,0.702447164169459
CatBoost,0.08826086956521739,0.7804347826086957,0.7014636757415994
CatBoost,0.08826086956521739,0.7839130434782609,0.6996289793871444
CatBoost,0.08869565217391304,0.7839130434782609,0.6995269206514413
CatBoost,0.08869565217391304,0.7843478260869565,0.6988891156912781
CatBoost,0.0891304347826087,0.7843478260869565,0.6982226390568808
CatBoost,0.0891304347826087,0.7852173913043479,0.6974038506918874
CatBoost,0.08956521739130435,0.7852173913043479,0.6973752300275421
CatBoost,0.08956521739130435,0.7860869565217391,0.6963748944950582
CatBoost,0.09,0.7860869565217391,0.6962581903454
CatBoost,0.09,0.7873913043478261,0.6938989195784673
CatBoost,0.09043478260869565,0.7873913043478261,0.6926593101733626
CatBoost,0.09043478260869565,0.788695652173913,0.6915088568240587
CatBoost,0.0908695652173913,0.788695652173913,0.6914165802477962
CatBoost,0.0908695652173913,0.79,0.6911439392660439
CatBoost,0.09130434782608696,0.79,0.6904674277789663
CatBoost,0.09130434782608696,0.7939130434782609,0.687629716904512
CatBoost,0.09173913043478261,0.7939130434782609,0.687182264573896
CatBoost,0.09173913043478261,0.7956521739130434,0.686167391644283
CatBoost,0.09217391304347826,0.7956521739130434,0.6858009257951017
CatBoost,0.09217391304347826,0.7965217391304348,0.6855111933712277
CatBoost,0.09434782608695652,0.7965217391304348,0.68223526432004
CatBoost,0.09434782608695652,0.7995652173913044,0.6806681975738698
CatBoost,0.09478260869565218,0.7995652173913044,0.6796775950498245
CatBoost,0.09478260869565218,0.8021739130434783,0.6775652034604733
CatBoost,0.09565217391304348,0.8021739130434783,0.6772563893711868
CatBoost,0.09565217391304348,0.8060869565217391,0.6733345579933534
CatBoost,0.09608695652173913,0.8060869565217391,0.6725779655884251
CatBoost,0.09608695652173913,0.8065217391304348,0.6724335680063164
CatBoost,0.09652173913043478,0.8065217391304348,0.6710895586637192
CatBoost,0.09652173913043478,0.8091304347826087,0.6697613895023707
CatBoost,0.09695652173913044,0.8091304347826087,0.6696103395250789
CatBoost,0.09695652173913044,0.8095652173913044,0.669171488639408
CatBoost,0.09782608695652174,0.8095652173913044,0.6676513683863924
CatBoost,0.09782608695652174,0.8108695652173913,0.6662406624822756
CatBoost,0.09826086956521739,0.8108695652173913,0.6652145345511057
CatBoost,0.09826086956521739,0.811304347826087,0.6647307640825749
CatBoost,0.09869565217391305,0.811304347826087,0.6647303611856461
CatBoost,0.09869565217391305,0.8130434782608695,0.6628197306848298
CatBoost,0.09913043478260869,0.8130434782608695,0.6621376071869393
CatBoost,0.09913043478260869,0.8134782608695652,0.6620399455128522
CatBoost,0.10043478260869565,0.8134782608695652,0.6611570762436543
CatBoost,0.10043478260869565,0.8139130434782609,0.6598281720292187
CatBoost,0.10130434782608695,0.8139130434782609,0.657515342538329
CatBoost,0.10130434782608695,0.8143478260869565,0.6568581959061817
CatBoost,0.10260869565217391,0.8143478260869565,0.6559384895142786
CatBoost,0.10260869565217391,0.8156521739130435,0.6548937818151997
CatBoost,0.10304347826086957,0.8156521739130435,0.6545897531880991
CatBoost,0.10304347826086957,0.82,0.6516192671258406
CatBoost,0.10521739130434783,0.82,0.6498321000183249
CatBoost,0.10521739130434783,0.8239130434782609,0.6458624239905982
CatBoost,0.10565217391304348,0.8239130434782609,0.6457362160071621
CatBoost,0.10565217391304348,0.8243478260869566,0.6456466148585909
CatBoost,0.10695652173913044,0.8243478260869566,0.6443523242654612
CatBoost,0.10695652173913044,0.8247826086956521,0.6442720785055226
CatBoost,0.10739130434782608,0.8247826086956521,0.6442544120718209
CatBoost,0.10739130434782608,0.8252173913043478,0.6441874949149369
CatBoost,0.10782608695652174,0.8252173913043478,0.6441625055897618
CatBoost,0.10782608695652174,0.8256521739130435,0.6441359664906932
CatBoost,0.1091304347826087,0.8256521739130435,0.6431213305154536
CatBoost,0.1091304347826087,0.8265217391304348,0.642445193279636
CatBoost,0.10956521739130434,0.8265217391304348,0.6423652641898149
CatBoost,0.10956521739130434,0.8278260869565217,0.6410877816822962
CatBoost,0.11,0.8278260869565217,0.6406239164484339
CatBoost,0.11,0.8282608695652174,0.6401891737888257
CatBoost,0.1108695652173913,0.8282608695652174,0.6379911679928294
CatBoost,0.1108695652173913,0.8295652173913044,0.6358965187616717
CatBoost,0.11130434782608696,0.8295652173913044,0.6343133712828678
CatBoost,0.11130434782608696,0.8321739130434782,0.629181086049955
CatBoost,0.11217391304347826,0.8321739130434782,0.6290073474386184
CatBoost,0.11217391304347826,0.8339130434782609,0.6259750492046109
CatBoost,0.11391304347826087,0.8339130434782609,0.623387356227626
CatBoost,0.11391304347826087,0.8356521739130435,0.6224745245042691
CatBoost,0.11434782608695652,0.8356521739130435,0.6217248325729111
CatBoost,0.11434782608695652,0.8378260869565217,0.6188296190526483
CatBoost,0.11478260869565217,0.8378260869565217,0.6182162196592671
CatBoost,0.11478260869565217,0.8382608695652174,0.6181258468616828
CatBoost,0.11565217391304349,0.8382608695652174,0.6178082477748319
CatBoost,0.11565217391304349,0.8386956521739131,0.6173022937260894
CatBoost,0.11608695652173913,0.8386956521739131,0.6167793956783922
CatBoost,0.11608695652173913,0.8391304347826087,0.6153629996906779
CatBoost,0.11652173913043479,0.8391304347826087,0.6153540554369382
CatBoost,0.11652173913043479,0.84,0.6144105747781107
CatBoost,0.11695652173913043,0.84,0.61379187187336
CatBoost,0.11695652173913043,0.8417391304347827,0.6128417904009594
CatBoost,0.11739130434782609,0.8417391304347827,0.6124955379514636
CatBoost,0.11739130434782609,0.8456521739130435,0.6097040511610075
CatBoost,0.11956521739130435,0.8456521739130435,0.6071934057617031
CatBoost,0.11956521739130435,0.8465217391304348,0.605048636154428
CatBoost,0.12043478260869565,0.8465217391304348,0.6027672397571653
CatBoost,0.12043478260869565,0.8469565217391304,0.6025125350334781
CatBoost,0.1208695652173913,0.8469565217391304,0.6023815784899067
CatBoost,0.1208695652173913,0.8504347826086956,0.5976002305783097
CatBoost,0.12130434782608696,0.8504347826086956,0.5972757554821796
CatBoost,0.12130434782608696,0.8508695652173913,0.5968132210486299
CatBoost,0.12173913043478261,0.8508695652173913,0.5955118844957372
CatBoost,0.12173913043478261,0.851304347826087,0.5949883247610662
CatBoost,0.12217391304347826,0.851304347826087,0.5946861685565789
CatBoost,0.12217391304347826,0.8526086956521739,0.5942386706953138
CatBoost,0.12260869565217392,0.8526086956521739,0.5938598535011437
CatBoost,0.12260869565217392,0.8530434782608696,0.5934536476950814
CatBoost,0.12304347826086956,0.8530434782608696,0.593291610426392
CatBoost,0.12304347826086956,0.8534782608695652,0.592972961017051
CatBoost,0.12347826086956522,0.8534782608695652,0.5927888426275555
CatBoost,0.12347826086956522,0.8539130434782609,0.5923082662460009
CatBoost,0.12391304347826088,0.8539130434782609,0.5919816117543918
CatBoost,0.12391304347826088,0.8547826086956521,0.5917127376778604
CatBoost,0.12521739130434784,0.8547826086956521,0.5905071661630277
CatBoost,0.12521739130434784,0.8556521739130435,0.5903769591232569
CatBoost,0.12565217391304348,0.8556521739130435,0.5902127817331971
CatBoost,0.12565217391304348,0.8569565217391304,0.5897616398502878
CatBoost,0.12608695652173912,0.8569565217391304,0.5895956410608085
CatBoost,0.12608695652173912,0.8573913043478261,0.5890430409376166
CatBoost,0.1265217391304348,0.8573913043478261,0.5880511668969589
CatBoost,0.1265217391304348,0.8582608695652174,0.5876231702162512
CatBoost,0.12695652173913044,0.8582608695652174,0.5870245383606385
CatBoost,0.12695652173913044,0.8591304347826086,0.5857438506304998
CatBoost,0.12782608695652173,0.8591304347826086,0.5842613923416996
CatBoost,0.12782608695652173,0.861304347826087,0.5798620280759619
CatBoost,0.1291304347826087,0.861304347826087,0.5791690031290238
CatBoost,0.1291304347826087,0.8626086956521739,0.5785874470918525
CatBoost,0.12956521739130436,0.8626086956521739,0.578401074327914
CatBoost,0.12956521739130436,0.8630434782608696,0.578002717879737
CatBoost,0.13043478260869565,0.8630434782608696,0.576659772688416
CatBoost,0.13043478260869565,0.8634782608695653,0.5765772491452406
CatBoost,0.1308695652173913,0.8634782608695653,0.5759283302626631
CatBoost,0.1308695652173913,0.8643478260869565,0.5757074816358558
CatBoost,0.13130434782608696,0.8643478260869565,0.5747321443377429
CatBoost,0.13130434782608696,0.8647826086956522,0.5744714520232848
CatBoost,0.13217391304347825,0.8647826086956522,0.5726503621661041
CatBoost,0.13217391304347825,0.8656521739130435,0.5708299864635823
CatBoost,0.13260869565217392,0.8656521739130435,0.56896309313439
CatBoost,0.13260869565217392,0.8660869565217392,0.5681979018659569
CatBoost,0.13304347826086957,0.8660869565217392,0.5663175182341872
CatBoost,0.13304347826086957,0.8665217391304347,0.5662292425143844
CatBoost,0.1334782608695652,0.8665217391304347,0.5651791570400794
CatBoost,0.1334782608695652,0.8678260869565217,0.56316287110818
CatBoost,0.13478260869565217,0.8678260869565217,0.5609643540027497
CatBoost,0.13478260869565217,0.8682608695652174,0.5604561573011411
CatBoost,0.13521739130434782,0.8682608695652174,0.5601959358091406
CatBoost,0.13521739130434782,0.8695652173913043,0.558226413277323
CatBoost,0.1356521739130435,0.8695652173913043,0.5581037599832349
CatBoost,0.1356521739130435,0.8721739130434782,0.5549666198005097
CatBoost,0.13652173913043478,0.8721739130434782,0.5542202125495858
CatBoost,0.13652173913043478,0.8726086956521739,0.5540145655150406
CatBoost,0.13869565217391305,0.8726086956521739,0.5510661223393529
CatBoost,0.13869565217391305,0.8734782608695653,0.5495981218569105
CatBoost,0.14,0.8734782608695653,0.5464727887933317
CatBoost,0.14,0.8739130434782608,0.5445412649713405
CatBoost,0.14043478260869566,0.8739130434782608,0.5441218921460174
CatBoost,0.14043478260869566,0.8743478260869565,0.5437961625370389
CatBoost,0.1408695652173913,0.8743478260869565,0.5435523849662524
CatBoost,0.1408695652173913,0.8756521739130435,0.5426008119077281
CatBoost,0.14130434782608695,0.8756521739130435,0.5424915653585565
CatBoost,0.14130434782608695,0.8765217391304347,0.5415974965020109
CatBoost,0.14217391304347826,0.8765217391304347,0.5410309134725948
CatBoost,0.14217391304347826,0.8769565217391304,0.5406665195211188
CatBoost,0.1426086956521739,0.8769565217391304,0.5405114762756159
CatBoost,0.1426086956521739,0.8773913043478261,0.5404403965552743
CatBoost,0.14391304347826087,0.8773913043478261,0.5380896214397143
CatBoost,0.14391304347826087,0.878695652173913,0.5355343775214148
CatBoost,0.14565217391304347,0.878695652173913,0.5330921421821436
CatBoost,0.14565217391304347,0.88,0.5324813711437902
CatBoost,0.14608695652173914,0.88,0.5317785643283067
CatBoost,0.14608695652173914,0.8804347826086957,0.5313333509311023
CatBoost,0.14652173913043479,0.8804347826086957,0.5305957087303295
CatBoost,0.14652173913043479,0.8808695652173913,0.5297792837617942
CatBoost,0.14695652173913043,0.8808695652173913,0.5294879429852929
CatBoost,0.14695652173913043,0.8847826086956522,0.5257407181585733
CatBoost,0.14739130434782607,0.8847826086956522,0.5249483843184503
CatBoost,0.14739130434782607,0.8856521739130435,0.5231240795036297
CatBoost,0.1482608695652174,0.8856521739130435,0.5220997948107333
CatBoost,0.1482608695652174,0.8860869565217391,0.5218084371706886
CatBoost,0.14869565217391303,0.8860869565217391,0.5216514748993911
CatBoost,0.14869565217391303,0.8869565217391304,0.5212764375645161
CatBoost,0.15043478260869564,0.8869565217391304,0.517837041264227
CatBoost,0.15043478260869564,0.8882608695652174,0.5160479384119504
CatBoost,0.1508695652173913,0.8882608695652174,0.5158922311103311
CatBoost,0.1508695652173913,0.8895652173913043,0.5095237995409971
CatBoost,0.15304347826086956,0.8895652173913043,0.5067905316740415
CatBoost,0.15304347826086956,0.8908695652173914,0.50413648786627
CatBoost,0.15347826086956523,0.8908695652173914,0.5035748304017891
CatBoost,0.15347826086956523,0.8913043478260869,0.5034713965715767
CatBoost,0.15695652173913044,0.8913043478260869,0.5000563528316507
CatBoost,0.15695652173913044,0.8921739130434783,0.49830958350214244
CatBoost,0.1591304347826087,0.8921739130434783,0.49271667360167054
CatBoost,0.1591304347826087,0.8939130434782608,0.48800832972861385
CatBoost,0.15956521739130436,0.8939130434782608,0.48626908728092283
CatBoost,0.15956521739130436,0.8947826086956522,0.4841508013204465
CatBoost,0.16,0.8947826086956522,0.4823939006327959
CatBoost,0.16,0.8956521739130435,0.4805791220814724
CatBoost,0.16043478260869565,0.8956521739130435,0.48006229315394333
CatBoost,0.16043478260869565,0.8965217391304348,0.47779724275046404
CatBoost,0.1617391304347826,0.8965217391304348,0.47579195301400007
CatBoost,0.1617391304347826,0.8969565217391304,0.47461040702221907
CatBoost,0.16304347826086957,0.8969565217391304,0.4734128161798605
CatBoost,0.16304347826086957,0.8995652173913044,0.4691454240523292
CatBoost,0.16521739130434782,0.8995652173913044,0.46233470821286404
CatBoost,0.16521739130434782,0.9004347826086957,0.462015545392324
CatBoost,0.1656521739130435,0.9004347826086957,0.46043697848580856
CatBoost,0.1656521739130435,0.9008695652173913,0.4602150374445607
CatBoost,0.16608695652173913,0.9008695652173913,0.4600406548992741
CatBoost,0.16608695652173913,0.9013043478260869,0.4599144553434882
CatBoost,0.16652173913043478,0.9013043478260869,0.456412598487952
CatBoost,0.16652173913043478,0.9017391304347826,0.4553105036131555
CatBoost,0.16695652173913045,0.9017391304347826,0.4545047875274472
CatBoost,0.16695652173913045,0.9034782608695652,0.4536414901452295
CatBoost,0.16826086956521738,0.9034782608695652,0.4519728148718087
CatBoost,0.16826086956521738,0.9043478260869565,0.45036912889678005
CatBoost,0.1691304347826087,0.9043478260869565,0.4488840345744953
CatBoost,0.1691304347826087,0.9047826086956522,0.4486466514538625
CatBoost,0.1708695652173913,0.9047826086956522,0.4448950649213477
CatBoost,0.1708695652173913,0.9060869565217391,0.4437783346600121
CatBoost,0.1726086956521739,0.9060869565217391,0.4418446365425659
CatBoost,0.1726086956521739,0.9073913043478261,0.4405585589161869
CatBoost,0.17304347826086958,0.9073913043478261,0.4403069846270295
CatBoost,0.17304347826086958,0.9082608695652173,0.4391030793127809
CatBoost,0.17347826086956522,0.9082608695652173,0.43743645654440805
CatBoost,0.17347826086956522,0.908695652173913,0.4371832003136815
CatBoost,0.17391304347826086,0.908695652173913,0.4362761613994508
CatBoost,0.17391304347826086,0.9095652173913044,0.4362498664226989
CatBoost,0.17521739130434782,0.9095652173913044,0.43435505920326045
CatBoost,0.17521739130434782,0.91,0.4341182069015504
CatBoost,0.17565217391304347,0.91,0.43319433020218123
CatBoost,0.17565217391304347,0.9104347826086957,0.4327457795895478
CatBoost,0.17652173913043478,0.9104347826086957,0.4315043739707515
CatBoost,0.17652173913043478,0.9117391304347826,0.42949258366461546
CatBoost,0.17695652173913043,0.9117391304347826,0.4292673245871657
CatBoost,0.17695652173913043,0.912608695652174,0.42595235717219615
CatBoost,0.17782608695652175,0.912608695652174,0.4238775546395584
CatBoost,0.17782608695652175,0.9139130434782609,0.41926132433121127
CatBoost,0.17869565217391303,0.9139130434782609,0.41531043306202026
CatBoost,0.17869565217391303,0.9143478260869565,0.41199768194803266
CatBoost,0.18,0.9143478260869565,0.4110672981798921
CatBoost,0.18,0.9147826086956522,0.4108717480786501
CatBoost,0.1808695652173913,0.9147826086956522,0.40960393357478414
CatBoost,0.1808695652173913,0.9152173913043479,0.4094096049286395
CatBoost,0.18130434782608695,0.9152173913043479,0.4084227612806993
CatBoost,0.18130434782608695,0.9156521739130434,0.4074304811344192
CatBoost,0.18217391304347827,0.9156521739130434,0.40375171780697977
CatBoost,0.18217391304347827,0.9160869565217391,0.40350380747052017
CatBoost,0.18391304347826087,0.9160869565217391,0.40179358291293016
CatBoost,0.18391304347826087,0.9165217391304348,0.401783987771872
CatBoost,0.18434782608695652,0.9165217391304348,0.40152978751023227
CatBoost,0.18434782608695652,0.9178260869565218,0.39881025335896436
CatBoost,0.18478260869565216,0.9178260869565218,0.3987029575786322
CatBoost,0.18478260869565216,0.9182608695652174,0.3983723377275237
CatBoost,0.18521739130434783,0.9182608695652174,0.39797525808087464
CatBoost,0.18521739130434783,0.918695652173913,0.3967397737379273
CatBoost,0.1865217391304348,0.918695652173913,0.395373108732744
CatBoost,0.1865217391304348,0.9191304347826087,0.3952036972572325
CatBoost,0.18695652173913044,0.9191304347826087,0.39497107256478503
CatBoost,0.18695652173913044,0.9195652173913044,0.39406498808053614
CatBoost,0.18869565217391304,0.9195652173913044,0.391016322501456
CatBoost,0.18869565217391304,0.92,0.3905591300103342
CatBoost,0.1891304347826087,0.92,0.39028237475976524
CatBoost,0.1891304347826087,0.9208695652173913,0.38919992126555797
CatBoost,0.19086956521739132,0.9208695652173913,0.38575232418063327
CatBoost,0.19086956521739132,0.921304347826087,0.3855922247329248
CatBoost,0.19217391304347825,0.921304347826087,0.38330107199483027
CatBoost,0.19217391304347825,0.9217391304347826,0.3832550463447283
CatBoost,0.1934782608695652,0.9217391304347826,0.37856850023904653
CatBoost,0.1934782608695652,0.9234782608695652,0.3768015677717752
CatBoost,0.19391304347826088,0.9234782608695652,0.3765840799696053
CatBoost,0.19391304347826088,0.9239130434782609,0.3765143819676415
CatBoost,0.19434782608695653,0.9239130434782609,0.3764612076274529
CatBoost,0.19434782608695653,0.9243478260869565,0.3752027675515876
CatBoost,0.19826086956521738,0.9243478260869565,0.3716358098016575
CatBoost,0.19826086956521738,0.9252173913043479,0.3710604991611608
CatBoost,0.19869565217391305,0.9252173913043479,0.3705499725807235
CatBoost,0.19869565217391305,0.9265217391304348,0.36885740420731067
CatBoost,0.20043478260869566,0.9265217391304348,0.36627678340812575
CatBoost,0.20043478260869566,0.9269565217391305,0.3651118297605227
CatBoost,0.2026086956521739,0.9269565217391305,0.3625784034757184
CatBoost,0.2026086956521739,0.9273913043478261,0.36049466983290596
CatBoost,0.20608695652173914,0.9273913043478261,0.35204670293777335
CatBoost,0.20608695652173914,0.9282608695652174,0.34951263377535524
CatBoost,0.2082608695652174,0.9282608695652174,0.3461967109807138
CatBoost,0.2082608695652174,0.9291304347826087,0.344714328582184
CatBoost,0.20869565217391303,0.9291304347826087,0.34395613260017904
CatBoost,0.20869565217391303,0.9295652173913044,0.3434309362471508
CatBoost,0.2091304347826087,0.9295652173913044,0.34338040927754054
CatBoost,0.2091304347826087,0.93,0.3418943261426887
CatBoost,0.21,0.93,0.3399189043046794
CatBoost,0.21,0.9304347826086956,0.3397048994169737
CatBoost,0.21217391304347827,0.9304347826086956,0.33320696502996955
CatBoost,0.21217391304347827,0.931304347826087,0.3325703082710784
CatBoost,0.2126086956521739,0.931304347826087,0.3325324024540751
CatBoost,0.2126086956521739,0.9317391304347826,0.33179779593527337
CatBoost,0.21304347826086956,0.9317391304347826,0.32948690317501905
CatBoost,0.21304347826086956,0.9321739130434783,0.3283447401439722
CatBoost,0.21434782608695652,0.9321739130434783,0.32736438322410505
CatBoost,0.21434782608695652,0.9326086956521739,0.3268112808787694
CatBoost,0.2182608695652174,0.9326086956521739,0.32045635793454974
CatBoost,0.2182608695652174,0.9330434782608695,0.3193772420051214
CatBoost,0.21956521739130436,0.9330434782608695,0.3173858577996081
CatBoost,0.21956521739130436,0.9339130434782609,0.3161493557733107
CatBoost,0.22086956521739132,0.9339130434782609,0.3158215276735391
CatBoost,0.22086956521739132,0.9343478260869565,0.3155744275765608
CatBoost,0.22260869565217392,0.9343478260869565,0.3136283370312055
CatBoost,0.22260869565217392,0.9352173913043478,0.31147086850585626
CatBoost,0.22391304347826088,0.9352173913043478,0.3105655907910937
CatBoost,0.22391304347826088,0.9356521739130435,0.30972177353120683
CatBoost,0.22608695652173913,0.9356521739130435,0.3082542445998542
CatBoost,0.22608695652173913,0.9360869565217391,0.3077779027310901
CatBoost,0.22826086956521738,0.9360869565217391,0.30508726545607534
CatBoost,0.22826086956521738,0.9365217391304348,0.3046968681074191
CatBoost,0.23,0.9365217391304348,0.3022528054990501
CatBoost,0.23,0.9369565217391305,0.3009363719408392
CatBoost,0.2382608695652174,0.9369565217391305,0.28572587033412783
CatBoost,0.2382608695652174,0.9382608695652174,0.2833879217545105
CatBoost,0.23869565217391303,0.9382608695652174,0.283048787502969
CatBoost,0.23869565217391303,0.938695652173913,0.28240400807984883
CatBoost,0.2426086956521739,0.938695652173913,0.2792370054469688
CatBoost,0.2426086956521739,0.9391304347826087,0.2792257904314278
CatBoost,0.24304347826086956,0.9391304347826087,0.2791332517795608
CatBoost,0.24304347826086956,0.94,0.2784255786797355
CatBoost,0.24434782608695652,0.94,0.27828639622360035
CatBoost,0.24434782608695652,0.9404347826086956,0.27738257331657196
CatBoost,0.2447826086956522,0.9404347826086956,0.27695658465883244
CatBoost,0.2447826086956522,0.9408695652173913,0.2755483040898286
CatBoost,0.2482608695652174,0.9408695652173913,0.26950238084731154
CatBoost,0.2482608695652174,0.9417391304347826,0.26799522278318233
CatBoost,0.24869565217391304,0.9417391304347826,0.26789981902281856
CatBoost,0.24869565217391304,0.9426086956521739,0.26703958590358823
CatBoost,0.24913043478260868,0.9426086956521739,0.2662481828882479
CatBoost,0.24913043478260868,0.9430434782608695,0.26591600156520445
CatBoost,0.2543478260869565,0.9430434782608695,0.2581208724697157
CatBoost,0.2543478260869565,0.9434782608695652,0.25756249907776657
CatBoost,0.2591304347826087,0.9434782608695652,0.25024358095415317
CatBoost,0.2591304347826087,0.9439130434782609,0.25022683677205265
CatBoost,0.25956521739130434,0.9439130434782609,0.25009064110040774
CatBoost,0.25956521739130434,0.9443478260869566,0.24885563118164175
CatBoost,0.2604347826086956,0.9443478260869566,0.24810692069811438
CatBoost,0.2604347826086956,0.9456521739130435,0.2456617122610043
CatBoost,0.2617391304347826,0.9456521739130435,0.24324959834293705
CatBoost,0.2617391304347826,0.9460869565217391,0.24266908039553392
CatBoost,0.2643478260869565,0.9460869565217391,0.23800269260780596
CatBoost,0.2643478260869565,0.9478260869565217,0.2347065721664571
CatBoost,0.26956521739130435,0.9478260869565217,0.22799766883831832
CatBoost,0.26956521739130435,0.948695652173913,0.22587627447022132
CatBoost,0.27652173913043476,0.948695652173913,0.21410298584222937
CatBoost,0.27652173913043476,0.9491304347826087,0.21340953857280837
CatBoost,0.2817391304347826,0.9491304347826087,0.20862131168987974
CatBoost,0.2817391304347826,0.9495652173913044,0.20838835856298638
CatBoost,0.28304347826086956,0.9495652173913044,0.2077915707331693
CatBoost,0.28304347826086956,0.95,0.206515594646194
CatBoost,0.2847826086956522,0.95,0.20567970527689242
CatBoost,0.2847826086956522,0.9508695652173913,0.20449669408622625
CatBoost,0.28608695652173916,0.9508695652173913,0.20292421180115292
CatBoost,0.28608695652173916,0.951304347826087,0.20268032270251446
CatBoost,0.28695652173913044,0.951304347826087,0.20177853269046775
CatBoost,0.28695652173913044,0.9526086956521739,0.20038321080392907
CatBoost,0.28739130434782606,0.9526086956521739,0.19997318960600485
CatBoost,0.28739130434782606,0.9530434782608695,0.19992965297039114
CatBoost,0.28782608695652173,0.9530434782608695,0.19992922187791384
CatBoost,0.28782608695652173,0.9534782608695652,0.19956399302371322
CatBoost,0.288695652173913,0.9534782608695652,0.19925597506358805
CatBoost,0.288695652173913,0.9539130434782609,0.1991514439733141
CatBoost,0.2917391304347826,0.9539130434782609,0.19553226229389986
CatBoost,0.2917391304347826,0.9543478260869566,0.19530194517995422
CatBoost,0.29304347826086957,0.9543478260869566,0.19421568791070196
CatBoost,0.29304347826086957,0.9552173913043478,0.1939875690552389
CatBoost,0.29478260869565215,0.9552173913043478,0.1911740292833687
CatBoost,0.29478260869565215,0.9556521739130435,0.19090211937960974
CatBoost,0.2965217391304348,0.9556521739130435,0.1857403622813814
CatBoost,0.2965217391304348,0.9560869565217391,0.18490618264505437
CatBoost,0.30130434782608695,0.9560869565217391,0.18099601304096577
CatBoost,0.30130434782608695,0.9569565217391305,0.1804849435161781
CatBoost,0.3017391304347826,0.9569565217391305,0.18024916394106982
CatBoost,0.3017391304347826,0.9578260869565217,0.17914187858265973
CatBoost,0.30521739130434783,0.9578260869565217,0.17727492665281896
CatBoost,0.30521739130434783,0.9582608695652174,0.17721758043026278
CatBoost,0.3060869565217391,0.9582608695652174,0.17679613397536234
CatBoost,0.3060869565217391,0.9586956521739131,0.17601066243349395
CatBoost,0.3091304347826087,0.9586956521739131,0.1720373705516243
CatBoost,0.3091304347826087,0.9591304347826087,0.17163345453640025
CatBoost,0.3126086956521739,0.9591304347826087,0.16847764260971526
CatBoost,0.3126086956521739,0.9595652173913043,0.16839415423386478
CatBoost,0.3130434782608696,0.9595652173913043,0.1680188101926864
CatBoost,0.3130434782608696,0.96,0.1677225070991226
CatBoost,0.3143478260869565,0.96,0.1664322144912185
CatBoost,0.3143478260869565,0.9604347826086956,0.16468437527735832
CatBoost,0.3191304347826087,0.9604347826086956,0.16122633041742238
CatBoost,0.3191304347826087,0.9608695652173913,0.16041288517497246
CatBoost,0.3217391304347826,0.9608695652173913,0.15820573816478278
CatBoost,0.3217391304347826,0.961304347826087,0.1573201940084904
CatBoost,0.3226086956521739,0.961304347826087,0.15683818467673927
CatBoost,0.3226086956521739,0.9617391304347827,0.15672101323080062
CatBoost,0.3234782608695652,0.9617391304347827,0.15435399848996514
CatBoost,0.3234782608695652,0.9621739130434782,0.15408628952811604
CatBoost,0.3243478260869565,0.9621739130434782,0.15342440323543874
CatBoost,0.3243478260869565,0.9626086956521739,0.15312280391556424
CatBoost,0.3273913043478261,0.9626086956521739,0.14975136301632025
CatBoost,0.3273913043478261,0.9630434782608696,0.14942055909510377
CatBoost,0.3378260869565217,0.9630434782608696,0.13867510061723298
CatBoost,0.3378260869565217,0.9634782608695652,0.13774420526842507
CatBoost,0.34043478260869564,0.9634782608695652,0.13669220854864847
CatBoost,0.34043478260869564,0.9639130434782609,0.13643907389302334
CatBoost,0.3426086956521739,0.9639130434782609,0.13443149692123052
CatBoost,0.3426086956521739,0.9643478260869566,0.1340444353839084
CatBoost,0.3443478260869565,0.9643478260869566,0.1325845073505713
CatBoost,0.3443478260869565,0.9652173913043478,0.13181846177246287
CatBoost,0.3482608695652174,0.9652173913043478,0.13005556277287583
CatBoost,0.3482608695652174,0.9656521739130435,0.12995126029723564
CatBoost,0.35,0.9656521739130435,0.12950467154075326
CatBoost,0.35,0.9660869565217391,0.12940818972207446
CatBoost,0.35304347826086957,0.9660869565217391,0.12733724277225703
CatBoost,0.35304347826086957,0.9665217391304348,0.12725723533493236
CatBoost,0.3552173913043478,0.9665217391304348,0.12586725146590524
CatBoost,0.3552173913043478,0.9669565217391304,0.12511070347681566
CatBoost,0.3560869565217391,0.9669565217391304,0.1247551948239975
CatBoost,0.3560869565217391,0.9678260869565217,0.12412015789893702
CatBoost,0.35695652173913045,0.9678260869565217,0.12323070244053078
CatBoost,0.35695652173913045,0.9682608695652174,0.1226811082286447
CatBoost,0.3582608695652174,0.9682608695652174,0.12224295240216133
CatBoost,0.3582608695652174,0.9686956521739131,0.12186997863281528
CatBoost,0.36869565217391304,0.9686956521739131,0.11375085848831097
CatBoost,0.36869565217391304,0.9691304347826087,0.11357387465775552
CatBoost,0.3691304347826087,0.9691304347826087,0.11270227214602588
CatBoost,0.3691304347826087,0.9695652173913043,0.11260430072075871
CatBoost,0.3695652173913043,0.9695652173913043,0.11216032030707059
CatBoost,0.3695652173913043,0.97,0.11203311010554631
CatBoost,0.37434782608695655,0.97,0.10959520608975987
CatBoost,0.37434782608695655,0.9704347826086956,0.10931205251405658
CatBoost,0.37521739130434784,0.9704347826086956,0.10917316320953868
CatBoost,0.37521739130434784,0.9708695652173913,0.10898760859479148
CatBoost,0.37565217391304345,0.9708695652173913,0.10886179612522813
CatBoost,0.37565217391304345,0.971304347826087,0.10872139219561515
CatBoost,0.3765217391304348,0.971304347826087,0.10839237876601181
CatBoost,0.3765217391304348,0.9721739130434782,0.10791406683891694
CatBoost,0.3804347826086957,0.9721739130434782,0.10594277948034651
CatBoost,0.3804347826086957,0.9726086956521739,0.10583652413150785
CatBoost,0.3882608695652174,0.9726086956521739,0.10156311825048459
CatBoost,0.3882608695652174,0.9730434782608696,0.1010879173838767
CatBoost,0.38956521739130434,0.9730434782608696,0.1008834001565584
CatBoost,0.38956521739130434,0.9734782608695652,0.10085523052697783
CatBoost,0.39695652173913043,0.9734782608695652,0.09768164076497284
CatBoost,0.39695652173913043,0.9743478260869565,0.097076998033472
CatBoost,0.4008695652173913,0.9743478260869565,0.0951199244283653
CatBoost,0.4008695652173913,0.9747826086956521,0.09487320886505471
CatBoost,0.40304347826086956,0.9747826086956521,0.09404565164267328
CatBoost,0.40304347826086956,0.9752173913043478,0.09393689122128511
CatBoost,0.40347826086956523,0.9752173913043478,0.09372311622355219
CatBoost,0.40347826086956523,0.9756521739130435,0.09358865049187824
CatBoost,0.40652173913043477,0.9756521739130435,0.09252939080166855
CatBoost,0.40652173913043477,0.9760869565217392,0.09243468535452819
CatBoost,0.41130434782608694,0.9760869565217392,0.09067820372242134
CatBoost,0.41130434782608694,0.9765217391304348,0.09064518758586851
CatBoost,0.4165217391304348,0.9765217391304348,0.08875990906315802
CatBoost,0.4165217391304348,0.9769565217391304,0.08812867638411889
CatBoost,0.41782608695652174,0.9769565217391304,0.08764643114771963
CatBoost,0.41782608695652174,0.9773913043478261,0.08739027494628987
CatBoost,0.4182608695652174,0.9773913043478261,0.08733622830093767
CatBoost,0.4182608695652174,0.9778260869565217,0.08712235176503558
CatBoost,0.42086956521739133,0.9778260869565217,0.0862655339339478
CatBoost,0.42086956521739133,0.9786956521739131,0.08616038056120419
CatBoost,0.4234782608695652,0.9786956521739131,0.08517810128968169
CatBoost,0.4234782608695652,0.9791304347826087,0.08505897695342259
CatBoost,0.43956521739130433,0.9791304347826087,0.07948773023869883
CatBoost,0.43956521739130433,0.9795652173913043,0.07943865386499659
CatBoost,0.4408695652173913,0.9795652173913043,0.07884769910814463
CatBoost,0.4408695652173913,0.98,0.07856411589224824
CatBoost,0.4434782608695652,0.98,0.07800445274676078
CatBoost,0.4434782608695652,0.9804347826086957,0.07791276095667413
CatBoost,0.4439130434782609,0.9804347826086957,0.07782150495707063
CatBoost,0.4439130434782609,0.981304347826087,0.0773756595941646
CatBoost,0.44521739130434784,0.981304347826087,0.07699685440401222
CatBoost,0.44521739130434784,0.9817391304347826,0.07672757515831158
CatBoost,0.45565217391304347,0.9817391304347826,0.07406504995077635
CatBoost,0.45565217391304347,0.9821739130434782,0.07366834700376618
CatBoost,0.46304347826086956,0.9821739130434782,0.07213103408609092
CatBoost,0.46304347826086956,0.9826086956521739,0.0720768888116663
CatBoost,0.4717391304347826,0.9826086956521739,0.07021559752444394
CatBoost,0.4717391304347826,0.9830434782608696,0.07016814409594023
CatBoost,0.48130434782608694,0.9830434782608696,0.06852053128933044
CatBoost,0.48130434782608694,0.9834782608695652,0.06846615316266362
CatBoost,0.4834782608695652,0.9834782608695652,0.06801670557646342
CatBoost,0.4834782608695652,0.9839130434782609,0.0679445324401515
CatBoost,0.4860869565217391,0.9839130434782609,0.06743228031968433
CatBoost,0.4860869565217391,0.9843478260869565,0.06702255662692881
CatBoost,0.4865217391304348,0.9843478260869565,0.06691920164840848
CatBoost,0.4865217391304348,0.9847826086956522,0.06663388515514118
CatBoost,0.5034782608695653,0.9847826086956522,0.06295307255788968
CatBoost,0.5034782608695653,0.9852173913043478,0.06290196696628254
CatBoost,0.5078260869565218,0.9852173913043478,0.06227756731682134
CatBoost,0.5078260869565218,0.9856521739130435,0.06225555492684527
CatBoost,0.5095652173913043,0.9856521739130435,0.06207350749295883
CatBoost,0.5095652173913043,0.9860869565217392,0.06203352318895332
CatBoost,0.5282608695652173,0.9860869565217392,0.059226580941297596
CatBoost,0.5282608695652173,0.9865217391304347,0.059062334168887454
CatBoost,0.528695652173913,0.9865217391304347,0.05904260873360143
CatBoost,0.528695652173913,0.9869565217391304,0.059033573985513746
CatBoost,0.5434782608695652,0.9869565217391304,0.05665364722998352
CatBoost,0.5434782608695652,0.9873913043478261,0.05663734820010046
CatBoost,0.5469565217391305,0.9873913043478261,0.05622446409119038
CatBoost,0.5469565217391305,0.9878260869565217,0.0561390547641203
CatBoost,0.55,0.9878260869565217,0.05583507356357569
CatBoost,0.55,0.9882608695652174,0.055763312202199725
CatBoost,0.5569565217391305,0.9882608695652174,0.05478240214454464
CatBoost,0.5569565217391305,0.9886956521739131,0.0547822156011241
CatBoost,0.5595652173913044,0.9886956521739131,0.05444853055485255
CatBoost,0.5595652173913044,0.9891304347826086,0.05429544534090978
CatBoost,0.5617391304347826,0.9891304347826086,0.0539919436947777
CatBoost,0.5617391304347826,0.9895652173913043,0.05396600766134494
CatBoost,0.5634782608695652,0.9895652173913043,0.05351165709852283
CatBoost,0.5634782608695652,0.99,0.053454633213634944
CatBoost,0.5695652173913044,0.99,0.05237072498275787
CatBoost,0.5695652173913044,0.9904347826086957,0.05219195542823401
CatBoost,0.57,0.9904347826086957,0.052029521399739535
CatBoost,0.57,0.9908695652173913,0.05199383056555149
CatBoost,0.5721739130434783,0.9908695652173913,0.05158621029103072
CatBoost,0.5721739130434783,0.991304347826087,0.05152855105095902
CatBoost,0.578695652173913,0.991304347826087,0.050415918789059606
CatBoost,0.578695652173913,0.9917391304347826,0.05035339813896118
CatBoost,0.5830434782608696,0.9917391304347826,0.04997646425773691
CatBoost,0.5830434782608696,0.9921739130434782,0.04996874823323128
CatBoost,0.6073913043478261,0.9921739130434782,0.04638975334617847
CatBoost,0.6073913043478261,0.9926086956521739,0.04638401278632193
CatBoost,0.6239130434782608,0.9926086956521739,0.043856415748323184
CatBoost,0.6239130434782608,0.9930434782608696,0.04382543463438077
CatBoost,0.6373913043478261,0.9930434782608696,0.04263351568560077
CatBoost,0.6373913043478261,0.9934782608695653,0.04261092007308139
CatBoost,0.64,0.9934782608695653,0.04234837910785017
CatBoost,0.64,0.9939130434782608,0.04229159968592415
CatBoost,0.6417391304347826,0.9939130434782608,0.04186419848196304
CatBoost,0.6417391304347826,0.9943478260869565,0.04178550437639527
CatBoost,0.6443478260869565,0.9943478260869565,0.04146200852488093
CatBoost,0.6443478260869565,0.9947826086956522,0.04145308821896774
CatBoost,0.6447826086956522,0.9947826086956522,0.04141215656262899
CatBoost,0.6447826086956522,0.9952173913043478,0.041366258972452594
CatBoost,0.6495652173913044,0.9952173913043478,0.0409892571418773
CatBoost,0.6495652173913044,0.9956521739130435,0.04090534291152156
CatBoost,0.6630434782608695,0.9956521739130435,0.03930227978593464
CatBoost,0.6630434782608695,0.9960869565217392,0.03929631722243228
CatBoost,0.6656521739130434,0.9960869565217392,0.03903014457400647
CatBoost,0.6656521739130434,0.9965217391304347,0.0389711164177513
CatBoost,0.6769565217391305,0.9965217391304347,0.037955827942262425
CatBoost,0.6769565217391305,0.9969565217391304,0.03779628945788657
CatBoost,0.7326086956521739,0.9969565217391304,0.03256203275794853
CatBoost,0.7326086956521739,0.9973913043478261,0.03255319558815304
CatBoost,0.7447826086956522,0.9973913043478261,0.031588368346335466
CatBoost,0.7447826086956522,0.9978260869565218,0.031450616117386324
CatBoost,0.7621739130434783,0.9978260869565218,0.030022194024799602
CatBoost,0.7621739130434783,0.9982608695652174,0.029809091072789687
CatBoost,0.7678260869565218,0.9982608695652174,0.029409313323314656
CatBoost,0.7678260869565218,0.9986956521739131,0.029376916497587616
CatBoost,0.7956521739130434,0.9986956521739131,0.027015122226593653
CatBoost,0.7956521739130434,0.9995652173913043,0.026728905006445494
CatBoost,0.8434782608695652,0.9995652173913043,0.022185206758809986
CatBoost,0.8434782608695652,1.0,0.022179161106502487
CatBoost,1.0,1.0,0.0020938897661329997
