sample_id,y_true,spatial_fold,tabpfn_prob,tabpfn_pred
U00001,1,5,0.865777850151062,1
U00002,1,5,0.766874372959137,1
U00003,1,5,0.9306253790855408,1
U00004,1,5,0.9809145927429199,1
U00005,1,5,0.9172144532203674,1
U00006,1,5,0.15479880571365356,0
U00007,1,5,0.038369979709386826,0
U00008,1,5,0.9518225789070129,1
U00009,1,5,0.8859841823577881,1
U00010,1,5,0.9752953052520752,1
U00011,1,5,0.9810699820518494,1
U00012,1,5,0.8793075680732727,1
U00013,1,5,0.8989781141281128,1
U00014,1,5,0.9491198062896729,1
U00015,1,5,0.9752419590950012,1
U00016,1,5,0.9528883695602417,1
U00017,1,5,0.9300673604011536,1
U00018,1,5,0.9394595623016357,1
U00019,1,5,0.8127249479293823,1
U00020,1,5,0.945633590221405,1
U00021,1,4,0.9564632177352905,1
U00022,1,4,0.9434812068939209,1
U00023,1,4,0.9177502989768982,1
U00024,1,4,0.9659960865974426,1
U00025,1,4,0.9522233009338379,1
U00026,1,4,0.9809787273406982,1
U00027,1,4,0.9691162109375,1
U00028,1,4,0.9739174246788025,1
U00029,1,4,0.9422975182533264,1
U00030,1,4,0.9651580452919006,1
U00031,1,4,0.9475554823875427,1
U00032,1,4,0.9768990874290466,1
U00033,1,4,0.9776568412780762,1
U00034,1,4,0.6815855503082275,1
U00035,1,3,0.8180431127548218,1
U00036,1,3,0.8534268140792847,1
U00037,1,3,0.9150395393371582,1
U00038,1,3,0.6147412061691284,1
U00039,1,3,0.7864750623703003,1
U00040,1,3,0.9068400263786316,1
U00041,1,3,0.9001455307006836,1
U00042,1,3,0.8999828100204468,1
U00043,1,3,0.9478074312210083,1
U00044,1,3,0.9842283129692078,1
U00045,1,3,0.924521267414093,1
U00046,1,3,0.8757903575897217,1
U00047,1,3,0.9801784753799438,1
U00048,1,3,0.8273758888244629,1
U00049,1,3,0.9607531428337097,1
U00050,1,3,0.8669676184654236,1
U00051,1,3,0.9382311105728149,1
U00052,1,3,0.6126896142959595,1
U00053,1,3,0.9390769004821777,1
U00054,1,3,0.8155683279037476,1
U00055,1,5,0.00418890779837966,0
U00056,1,5,0.11165312677621841,0
U00057,1,5,0.2953226566314697,0
U00058,1,5,0.27205827832221985,0
U00059,1,5,0.6005955338478088,1
U00060,1,5,0.5097155570983887,1
U00061,1,5,0.321128249168396,0
U00062,1,5,0.017996812239289284,0
U00063,1,5,0.012845061719417572,0
U00064,1,5,0.2695252299308777,0
U00065,1,5,0.2434314787387848,0
U00066,1,5,0.23990553617477417,0
U00067,1,5,0.1748546063899994,0
U00068,1,5,0.09125728160142899,0
U00069,1,5,0.3468981385231018,0
U00070,1,5,0.0034490616526454687,0
U00071,1,5,0.003481932682916522,0
U00072,1,5,0.15506520867347717,0
U00073,1,5,0.12048032879829407,0
U00074,1,5,0.8772030472755432,1
U00075,1,5,0.10906505584716797,0
U00076,1,5,0.06447939574718475,0
U00077,1,5,0.04407511651515961,0
U00078,1,5,0.04660899564623833,0
U00079,1,5,0.07559198886156082,0
U00080,1,5,0.06740950793027878,0
U00081,1,5,0.053201641887426376,0
U00082,1,5,0.08908077329397202,0
U00083,1,5,0.10845194011926651,0
U00084,1,5,0.012230449356138706,0
U00085,1,5,0.05030342936515808,0
U00086,1,5,0.06562434881925583,0
U00087,1,5,0.7905396223068237,1
U00088,1,5,0.11358557641506195,0
U00089,1,5,0.024615731090307236,0
U00090,1,5,0.1137353777885437,0
U00091,1,5,0.03700461983680725,0
U00092,1,5,0.08627551794052124,0
U00093,1,5,0.20396457612514496,0
U00094,1,5,0.07347612082958221,0
U00095,1,2,0.11490841209888458,0
U00096,1,2,0.6703557372093201,1
U00097,1,2,0.826168417930603,1
U00098,1,2,0.8631321787834167,1
U00099,1,2,0.22516287863254547,0
U00100,1,2,0.5150499939918518,1
U00101,1,2,0.7818740606307983,1
U00102,1,2,0.029850715771317482,0
U00103,1,2,0.6970288157463074,1
U00104,1,2,0.8127108812332153,1
U00105,1,2,0.6990092992782593,1
U00106,1,2,0.021060459315776825,0
U00107,1,2,0.2600439488887787,0
U00108,1,2,0.7403712272644043,1
U00109,1,2,0.7221640348434448,1
U00110,1,2,0.7417040467262268,1
U00111,1,2,0.03325071930885315,0
U00112,1,2,0.5404645204544067,1
U00113,1,2,0.02287306636571884,0
U00114,1,2,0.07767799496650696,0
U00115,1,3,0.078425332903862,0
U00116,1,3,0.09776487201452255,0
U00117,1,3,0.3222436308860779,0
U00118,1,3,0.13479489088058472,0
U00119,1,3,0.11586198210716248,0
U00120,1,3,0.16308724880218506,0
U00121,1,3,0.04177996516227722,0
U00122,1,3,0.15619559586048126,0
U00123,1,1,0.6822227239608765,1
U00124,1,1,0.8376801013946533,1
U00125,1,1,0.41521233320236206,0
U00126,1,1,0.2370786964893341,0
U00127,1,1,0.5447965264320374,1
U00128,1,4,0.02683890610933304,0
U00129,1,4,0.011620119214057922,0
U00130,1,4,0.22281205654144287,0
U00131,1,4,0.033631112426519394,0
U00132,1,4,0.12839777767658234,0
U00133,1,4,0.18952485918998718,0
U00134,1,4,0.01854519546031952,0
U00135,1,4,0.016615476459264755,0
U00136,1,5,0.006953478790819645,0
U00137,1,5,0.009918170049786568,0
U00138,1,5,0.007961533032357693,0
U00139,1,5,0.01094820350408554,0
U00140,1,5,0.006284968927502632,0
U00141,1,5,0.009240586310625076,0
U00142,1,5,0.00598881533369422,0
U00143,1,5,0.006453454494476318,0
U00144,1,1,0.8604413270950317,1
U00145,1,1,0.9015515446662903,1
U00146,1,1,0.9746569395065308,1
U00147,1,1,0.9698911905288696,1
U00148,1,1,0.8606215715408325,1
U00149,1,1,0.9690776467323303,1
U00150,1,1,0.9535274505615234,1
U00151,1,1,0.984562873840332,1
U00152,1,1,0.9487728476524353,1
U00153,1,1,0.7291615009307861,1
U00154,1,1,0.936220645904541,1
U00155,1,1,0.8263106942176819,1
U00156,1,1,0.8256771564483643,1
U00157,1,1,0.28046151995658875,0
U00158,1,1,0.9231781959533691,1
U00159,1,1,0.9458832740783691,1
U00160,1,1,0.9808510541915894,1
U00161,1,1,0.2732081115245819,0
U00162,1,1,0.8491907119750977,1
U00163,1,1,0.9460273385047913,1
U00164,1,4,0.3297777771949768,0
U00165,1,4,0.47431838512420654,0
U00166,1,4,0.605276346206665,1
U00167,1,4,0.3515617549419403,0
U00168,1,4,0.3147850036621094,0
U00169,1,4,0.3162323832511902,0
U00170,1,4,0.2048989087343216,0
U00171,1,4,0.2164047658443451,0
U00172,1,4,0.22282752394676208,0
U00173,1,4,0.47945988178253174,0
U00174,1,4,0.21494363248348236,0
U00175,1,4,0.19004496932029724,0
U00176,1,4,0.13338086009025574,0
U00177,1,4,0.3312493562698364,0
U00178,1,4,0.43196994066238403,0
U00179,1,4,0.18191763758659363,0
U00180,1,4,0.33614450693130493,0
U00181,1,4,0.5417109131813049,1
U00182,1,4,0.3129459321498871,0
U00183,1,4,0.39198747277259827,0
U00184,1,1,0.9418290853500366,1
U00185,1,1,0.9826489090919495,1
U00186,1,1,0.9760701656341553,1
U00187,1,1,0.9903950095176697,1
U00188,1,1,0.9913908243179321,1
U00189,1,1,0.9925939440727234,1
U00190,1,1,0.9022765159606934,1
U00191,1,1,0.7144471406936646,1
U00192,1,1,0.9256168007850647,1
U00193,1,1,0.6770961284637451,1
U00194,1,1,0.6733188629150391,1
U00195,1,1,0.9692515730857849,1
U00196,1,1,0.951860249042511,1
U00197,1,1,0.9825732111930847,1
U00198,1,1,0.9144107699394226,1
U00199,1,1,0.7934965491294861,1
U00200,1,1,0.9166567921638489,1
U00201,1,1,0.9799007773399353,1
U00202,1,1,0.9199531078338623,1
U00203,1,1,0.9560748934745789,1
U00204,1,5,0.6709690093994141,1
U00205,1,5,0.14360763132572174,0
U00206,1,5,0.6974257230758667,1
U00207,1,5,0.8463131189346313,1
U00208,1,5,0.9373597502708435,1
U00209,1,5,0.4054805636405945,0
U00210,1,5,0.9228074550628662,1
U00211,1,5,0.908612072467804,1
U00212,1,5,0.8663609027862549,1
U00213,1,5,0.9908870458602905,1
U00214,1,5,0.8463914394378662,1
U00215,1,5,0.8029489517211914,1
U00216,1,5,0.6501832604408264,1
U00217,1,5,0.7840977311134338,1
U00218,1,5,0.9184363484382629,1
U00219,1,5,0.49171945452690125,0
U00220,1,5,0.8410279154777527,1
U00221,1,5,0.9625955820083618,1
U00222,1,5,0.9149563908576965,1
U00223,1,5,0.5733764171600342,1
U00224,1,2,0.9608363509178162,1
U00225,1,2,0.9906265735626221,1
U00226,1,2,0.04399288073182106,0
U00227,1,2,0.9768761992454529,1
U00228,1,2,0.7409823536872864,1
U00229,1,2,0.9621219635009766,1
U00230,1,2,0.991037130355835,1
U00231,1,2,0.9623663425445557,1
U00232,1,2,0.9967701435089111,1
U00233,1,2,0.9913008213043213,1
U00234,1,2,0.9737516045570374,1
U00235,1,2,0.016253309324383736,0
U00236,1,2,0.9559805989265442,1
U00237,1,2,0.04695893079042435,0
U00238,1,2,0.8863488435745239,1
U00239,1,2,0.9894235134124756,1
U00240,1,2,0.9781644344329834,1
U00241,1,2,0.9924627542495728,1
U00242,1,2,0.9843348264694214,1
U00243,1,2,0.9267908334732056,1
U00244,1,4,0.13713881373405457,0
U00245,1,3,0.9804139137268066,1
U00246,1,3,0.6923685073852539,1
U00247,1,3,0.5625655651092529,1
U00248,1,3,0.9796048998832703,1
U00249,1,3,0.8302938938140869,1
U00250,1,3,0.7292176485061646,1
U00251,1,3,0.9573889970779419,1
U00252,1,3,0.5944932103157043,1
U00253,1,3,0.9584283828735352,1
U00254,1,3,0.5939686298370361,1
U00255,1,3,0.9521410465240479,1
U00256,1,3,0.9663512110710144,1
U00257,1,3,0.978302538394928,1
U00258,1,3,0.8521876335144043,1
U00259,1,3,0.7401177883148193,1
U00260,1,3,0.6737651824951172,1
U00261,1,3,0.9908934831619263,1
U00262,1,3,0.9718129634857178,1
U00263,1,3,0.9515091180801392,1
U00264,1,3,0.7556696534156799,1
U00265,1,2,0.26707446575164795,0
U00266,1,2,0.14475534856319427,0
U00267,1,2,0.2686266303062439,0
U00268,1,2,0.26787927746772766,0
U00269,1,2,0.36797022819519043,0
U00270,1,2,0.3493949770927429,0
U00271,1,2,0.2125963270664215,0
U00272,1,2,0.6948909759521484,1
U00273,1,2,0.11079820990562439,0
U00274,1,2,0.3047126531600952,0
U00275,1,2,0.19012491405010223,0
U00276,1,2,0.22702695429325104,0
U00277,1,2,0.2465711086988449,0
U00278,1,2,0.19679130613803864,0
U00279,1,2,0.15763260424137115,0
U00280,1,2,0.3883645534515381,0
U00281,1,2,0.1539185345172882,0
U00282,1,2,0.08832113444805145,0
U00283,1,2,0.3237718343734741,0
U00284,1,2,0.23198427259922028,0
U00285,1,1,0.9921534061431885,1
U00286,1,1,0.370073527097702,0
U00287,1,1,0.9517161250114441,1
U00288,1,1,0.6034147143363953,1
U00289,1,1,0.5493448376655579,1
U00290,1,1,0.9917616844177246,1
U00291,1,1,0.20720836520195007,0
U00292,1,1,0.8792641758918762,1
U00293,1,1,0.9919154644012451,1
U00294,1,1,0.04789804667234421,0
U00295,1,1,0.9623443484306335,1
U00296,1,1,0.30753976106643677,0
U00297,1,1,0.41986334323883057,0
U00298,1,1,0.9909033179283142,1
U00299,1,1,0.9654892683029175,1
U00300,1,1,0.5193348526954651,1
U00301,1,1,0.991966962814331,1
U00302,1,1,0.7386946082115173,1
U00303,1,1,0.6992540955543518,1
U00304,1,1,0.9639700651168823,1
U00305,1,5,0.024586159735918045,0
U00306,1,5,0.02279677242040634,0
U00307,1,5,0.12758901715278625,0
U00308,1,5,0.19642677903175354,0
U00309,1,5,0.4189637005329132,0
U00310,1,5,0.12327808141708374,0
U00311,1,5,0.13269071280956268,0
U00312,1,5,0.059164244681596756,0
U00313,1,5,0.11970590054988861,0
U00314,1,5,0.15198560059070587,0
U00315,1,5,0.17714518308639526,0
U00316,1,5,0.13849365711212158,0
U00317,1,5,0.5712242126464844,1
U00318,1,5,0.9730017781257629,1
U00319,1,5,0.9913255572319031,1
U00320,1,5,0.8039431571960449,1
U00321,1,5,0.9058248996734619,1
U00322,1,5,0.4718499183654785,0
U00323,1,5,0.7678322196006775,1
U00324,1,5,0.95094895362854,1
U00325,1,5,0.349136620759964,0
U00326,1,5,0.9900648593902588,1
U00327,1,5,0.4823664426803589,0
U00328,1,5,0.9161888957023621,1
U00329,1,5,0.5729926228523254,1
U00330,1,5,0.8717052340507507,1
U00331,1,5,0.6869158148765564,1
U00332,1,5,0.5886066555976868,1
U00333,1,5,0.4623033404350281,0
U00334,1,5,0.7476548552513123,1
U00335,1,5,0.19900305569171906,0
U00336,1,5,0.44109758734703064,0
U00337,1,5,0.7441731691360474,1
U00338,1,5,0.4592355489730835,0
U00339,1,5,0.8314427733421326,1
U00340,1,5,0.6206398010253906,1
U00341,1,5,0.43401819467544556,0
U00342,1,5,0.9041776061058044,1
U00343,1,5,0.5533152222633362,1
U00344,1,5,0.606993556022644,1
U00345,1,5,0.4754338264465332,0
U00346,1,5,0.31341245770454407,0
U00347,1,5,0.5390028953552246,1
U00348,1,5,0.5871858596801758,1
U00349,1,5,0.7532365918159485,1
U00350,1,5,0.6796461343765259,1
U00351,1,5,0.6386687159538269,1
U00352,1,5,0.3841085433959961,0
U00353,1,5,0.5589072108268738,1
U00354,1,5,0.7770146131515503,1
U00355,1,5,0.7903642654418945,1
U00356,1,5,0.6098676919937134,1
U00357,1,2,0.5874205827713013,1
U00358,1,2,0.4620860815048218,0
U00359,1,2,0.5141990184783936,1
U00360,1,2,0.4146242141723633,0
U00361,1,2,0.6764456033706665,1
U00362,1,2,0.35572579503059387,0
U00363,1,2,0.7707101702690125,1
U00364,1,2,0.30106592178344727,0
U00365,1,2,0.7703770399093628,1
U00366,1,2,0.3888228237628937,0
U00367,1,2,0.9348813891410828,1
U00368,1,2,0.5379636883735657,1
U00369,1,2,0.3881725072860718,0
U00370,1,2,0.7016758322715759,1
U00371,1,2,0.3336309790611267,0
U00372,1,2,0.5427031517028809,1
U00373,1,2,0.4364129304885864,0
U00374,1,2,0.3191867768764496,0
U00375,1,2,0.43622681498527527,0
U00376,1,2,0.24467405676841736,0
U00377,1,4,0.5039255619049072,1
U00378,1,4,0.9343319535255432,1
U00379,1,4,0.8534942865371704,1
U00380,1,4,0.9902388453483582,1
U00381,1,4,0.8423078060150146,1
U00382,1,4,0.7009387016296387,1
U00383,1,4,0.34605705738067627,0
U00384,1,4,0.26978155970573425,0
U00385,1,4,0.8962071537971497,1
U00386,1,4,0.4018906354904175,0
U00387,1,4,0.5584279298782349,1
U00388,1,4,0.668095588684082,1
U00389,1,4,0.7309583425521851,1
U00390,1,4,0.9475352168083191,1
U00391,1,4,0.6970224380493164,1
U00392,1,4,0.930544912815094,1
U00393,1,4,0.537346601486206,1
U00394,1,4,0.730342447757721,1
U00395,1,4,0.45530372858047485,0
U00396,1,4,0.5902904272079468,1
U00397,1,5,0.737728476524353,1
U00398,1,5,0.29611435532569885,0
U00399,1,5,0.386651873588562,0
U00400,1,5,0.5059229135513306,1
U00401,1,5,0.4860219359397888,0
U00402,1,5,0.822055459022522,1
U00403,1,5,0.8581178188323975,1
U00404,1,5,0.5613749623298645,1
U00405,1,5,0.7395496368408203,1
U00406,1,5,0.8242506384849548,1
U00407,1,5,0.6048159003257751,1
U00408,1,5,0.8797206878662109,1
U00409,1,5,0.6069396734237671,1
U00410,1,5,0.6977754235267639,1
U00411,1,5,0.27542030811309814,0
U00412,1,5,0.5572255253791809,1
U00413,1,5,0.4719836413860321,0
U00414,1,5,0.6681527495384216,1
U00415,1,5,0.6936498284339905,1
U00416,1,5,0.19372782111167908,0
U00417,1,3,0.06262669712305069,0
U00418,1,3,0.027957815676927567,0
U00419,1,3,0.5803239345550537,1
U00420,1,3,0.05743413791060448,0
U00421,1,3,0.06535349786281586,0
U00422,1,1,0.7139109969139099,1
U00423,1,1,0.5540786981582642,1
U00424,1,1,0.6914951801300049,1
U00425,1,1,0.053771454840898514,0
U00426,1,1,0.6558302044868469,1
U00427,1,1,0.08040186017751694,0
U00428,1,1,0.5930086374282837,1
U00429,1,1,0.048445265740156174,0
U00430,1,1,0.6911181211471558,1
U00431,1,1,0.04453425854444504,0
U00432,1,1,0.3582606911659241,0
U00433,1,1,0.15528135001659393,0
U00434,1,1,0.4354953169822693,0
U00435,1,1,0.826161801815033,1
U00436,1,3,0.03344448283314705,0
U00437,1,3,0.02149343118071556,0
U00438,1,3,0.014349741861224174,0
U00439,1,3,0.013172322884202003,0
U00440,1,3,0.012779300101101398,0
U00441,1,3,0.025935102254152298,0
U00442,1,3,0.027471719309687614,0
U00443,1,3,0.010908761061728,0
U00444,1,4,0.5182873010635376,1
U00445,1,4,0.6310383677482605,1
U00446,1,4,0.36817213892936707,0
U00447,1,4,0.2140762209892273,0
U00448,1,4,0.3530904948711395,0
U00449,1,4,0.5567232370376587,1
U00450,1,4,0.3852519690990448,0
U00451,1,4,0.34367460012435913,0
U00452,1,4,0.2643379867076874,0
U00453,1,4,0.11886521428823471,0
U00454,1,4,0.4152142405509949,0
U00455,1,4,0.27748584747314453,0
U00456,1,4,0.12970075011253357,0
U00457,1,4,0.33918461203575134,0
U00458,1,4,0.13024847209453583,0
U00459,1,4,0.44006288051605225,0
U00460,1,4,0.22584284842014313,0
U00461,1,4,0.09828000515699387,0
U00462,1,4,0.3633772134780884,0
U00463,1,4,0.7287719249725342,1
U00464,1,2,0.04818560183048248,0
U00465,1,2,0.08556941151618958,0
U00466,1,2,0.00773815531283617,0
U00467,1,2,0.1205417588353157,0
U00468,1,2,0.004891468212008476,0
U00469,1,4,0.022218408063054085,0
U00470,1,4,0.07605594396591187,0
U00471,1,4,0.036312736570835114,0
U00472,1,4,0.09434573352336884,0
U00473,1,4,0.21250873804092407,0
U00474,1,4,0.8200109004974365,1
U00475,1,4,0.05078018829226494,0
U00476,1,4,0.1007356271147728,0
U00477,1,4,0.2801738381385803,0
U00478,1,4,0.054220572113990784,0
U00479,1,4,0.03714996948838234,0
U00480,1,4,0.09162090718746185,0
U00481,1,4,0.2687353193759918,0
U00482,1,4,0.01602403074502945,0
U00483,1,4,0.06824298202991486,0
U00484,1,4,0.01614677719771862,0
U00485,1,4,0.5538678169250488,1
U00486,1,4,0.011617293581366539,0
U00487,1,4,0.08972182124853134,0
U00488,1,4,0.07094165682792664,0
U00489,1,1,0.14892707765102386,0
U00490,1,1,0.011938672512769699,0
U00491,1,1,0.2729751169681549,0
U00492,1,1,0.04217329993844032,0
U00493,1,1,0.02757476456463337,0
U00494,1,1,0.01755974441766739,0
U00495,1,1,0.018790679052472115,0
U00496,1,1,0.032091278582811356,0
U00497,1,1,0.3847087621688843,0
U00498,1,5,0.991172730922699,1
U00499,1,5,0.6969010829925537,1
U00500,1,5,0.875637412071228,1
U00501,1,5,0.8817868232727051,1
U00502,1,5,0.8047530055046082,1
U00503,1,5,0.6763198375701904,1
U00504,1,5,0.375959187746048,0
U00505,1,5,0.9051002264022827,1
U00506,1,5,0.9789871573448181,1
U00507,1,5,0.8967140316963196,1
U00508,1,5,0.9538216590881348,1
U00509,1,5,0.7349083423614502,1
U00510,1,5,0.4140113592147827,0
U00511,1,5,0.9012813568115234,1
U00512,1,5,0.9796449542045593,1
U00513,1,5,0.9797404408454895,1
U00514,1,5,0.39800503849983215,0
U00515,1,5,0.979888916015625,1
U00516,1,5,0.9745343923568726,1
U00517,1,5,0.6829806566238403,1
U00518,1,2,0.6043047904968262,1
U00519,1,2,0.6400941610336304,1
U00520,1,1,0.26748085021972656,0
U00521,1,1,0.2694039046764374,0
U00522,1,1,0.35276246070861816,0
U00523,1,1,0.33476653695106506,0
U00524,1,1,0.10708072036504745,0
U00525,1,1,0.21274837851524353,0
U00526,1,1,0.7484637498855591,1
U00527,1,1,0.06367264688014984,0
U00528,1,1,0.4587295353412628,0
U00529,1,1,0.3133397698402405,0
U00530,1,1,0.43379563093185425,0
U00531,1,1,0.40949976444244385,0
U00532,1,1,0.3224831819534302,0
U00533,1,1,0.24996310472488403,0
U00534,1,1,0.2461351901292801,0
U00535,1,1,0.28534337878227234,0
U00536,1,1,0.3265155553817749,0
U00537,1,1,0.2760164737701416,0
U00538,1,1,0.04459986090660095,0
U00539,1,1,0.4556286931037903,0
U00540,1,5,0.023808320984244347,0
U00541,1,5,0.03833343833684921,0
U00542,1,5,0.018941665068268776,0
U00543,1,5,0.07490447908639908,0
U00544,1,5,0.4064732491970062,0
U00545,1,5,0.8633962273597717,1
U00546,1,5,0.9275790452957153,1
U00547,1,5,0.2008069008588791,0
U00548,1,5,0.007476508617401123,0
U00549,1,5,0.03965649753808975,0
U00550,1,5,0.005678221583366394,0
U00551,1,5,0.05721593275666237,0
U00552,1,5,0.17803479731082916,0
U00553,1,5,0.019014831632375717,0
U00554,1,5,0.7974194884300232,1
U00555,1,5,0.32136932015419006,0
U00556,1,5,0.8118810653686523,1
U00557,1,5,0.20477020740509033,0
U00558,1,5,0.0023639558348804712,0
U00559,1,5,0.004995677154511213,0
U00560,1,2,0.984844446182251,1
U00561,1,2,0.9763113856315613,1
U00562,1,2,0.9848962426185608,1
U00563,1,2,0.9490134716033936,1
U00564,1,2,0.9783729910850525,1
U00565,1,2,0.8413121700286865,1
U00566,1,2,0.8537013530731201,1
U00567,1,2,0.7768682241439819,1
U00568,1,2,0.8053958415985107,1
U00569,1,2,0.9676094055175781,1
U00570,1,2,0.7879858613014221,1
U00571,1,2,0.9490171074867249,1
U00572,1,2,0.9914954304695129,1
U00573,1,2,0.9778942465782166,1
U00574,1,2,0.9961416721343994,1
U00575,1,2,0.9378331303596497,1
U00576,1,2,0.8210721015930176,1
U00577,1,2,0.8907202482223511,1
U00578,1,2,0.996410608291626,1
U00579,1,2,0.9325939416885376,1
U00580,1,3,0.405117392539978,0
U00581,1,3,0.345502108335495,0
U00582,1,3,0.7434827089309692,1
U00583,1,3,0.8910544514656067,1
U00584,1,3,0.4920037090778351,0
U00585,1,3,0.6811156868934631,1
U00586,1,3,0.40494054555892944,0
U00587,1,3,0.44669109582901,0
U00588,1,3,0.4237332344055176,0
U00589,1,3,0.7619189023971558,1
U00590,1,3,0.4853764474391937,0
U00591,1,3,0.5490883588790894,1
U00592,1,3,0.726023256778717,1
U00593,1,3,0.7599721550941467,1
U00594,1,3,0.2676897346973419,0
U00595,1,3,0.23280812799930573,0
U00596,1,3,0.8059052228927612,1
U00597,1,3,0.40285879373550415,0
U00598,1,3,0.4147234857082367,0
U00599,1,3,0.9093233942985535,1
U00600,1,4,0.8927510976791382,1
U00601,1,4,0.12359718978404999,0
U00602,1,4,0.10155116021633148,0
U00603,1,4,0.22294147312641144,0
U00604,1,4,0.2803783118724823,0
U00605,1,4,0.48576948046684265,0
U00606,1,4,0.5825102925300598,1
U00607,1,4,0.7435297966003418,1
U00608,1,4,0.6787008047103882,1
U00609,1,4,0.8168520927429199,1
U00610,1,4,0.9866039156913757,1
U00611,1,4,0.33483028411865234,0
U00612,1,4,0.8414292931556702,1
U00613,1,4,0.6304301023483276,1
U00614,1,4,0.49769461154937744,0
U00615,1,4,0.7847920656204224,1
U00616,1,4,0.8557556867599487,1
U00617,1,4,0.7796428203582764,1
U00618,1,4,0.818455696105957,1
U00619,1,4,0.9069575667381287,1
U00620,1,2,0.6299659609794617,1
U00621,1,2,0.6893121600151062,1
U00622,1,2,0.6894869804382324,1
U00623,1,2,0.5904087424278259,1
U00624,1,2,0.7087565064430237,1
U00625,1,2,0.7645376920700073,1
U00626,1,2,0.6482725739479065,1
U00627,1,2,0.7794769406318665,1
U00628,1,2,0.6513230800628662,1
U00629,1,2,0.7697589993476868,1
U00630,1,2,0.7868053913116455,1
U00631,1,2,0.7239583730697632,1
U00632,1,2,0.6794852018356323,1
U00633,1,2,0.7093527317047119,1
U00634,1,2,0.7332584857940674,1
U00635,1,2,0.693733811378479,1
U00636,1,2,0.72122722864151,1
U00637,1,2,0.648859977722168,1
U00638,1,2,0.7502442002296448,1
U00639,1,2,0.7866457104682922,1
U00640,1,2,0.972724974155426,1
U00641,1,2,0.6036717891693115,1
U00642,1,2,0.7094661593437195,1
U00643,1,2,0.930312991142273,1
U00644,1,2,0.8759961128234863,1
U00645,1,2,0.9298840761184692,1
U00646,1,2,0.8438724875450134,1
U00647,1,2,0.709305465221405,1
U00648,1,2,0.6167354583740234,1
U00649,1,2,0.9593110680580139,1
U00650,1,2,0.8991895318031311,1
U00651,1,2,0.48730528354644775,0
U00652,1,2,0.915772557258606,1
U00653,1,2,0.7679329514503479,1
U00654,1,2,0.8917444348335266,1
U00655,1,2,0.9129226207733154,1
U00656,1,2,0.8874785900115967,1
U00657,1,2,0.5812797546386719,1
U00658,1,2,0.7707231044769287,1
U00659,1,2,0.7845861911773682,1
U00660,1,5,0.52239990234375,1
U00661,1,5,0.9591031074523926,1
U00662,1,5,0.9425107836723328,1
U00663,1,5,0.4542405903339386,0
U00664,1,5,0.3685458302497864,0
U00665,1,5,0.40639498829841614,0
U00666,1,5,0.9407225847244263,1
U00667,1,5,0.8793270587921143,1
U00668,1,5,0.3591889441013336,0
U00669,1,5,0.9292876124382019,1
U00670,1,5,0.4352196156978607,0
U00671,1,5,0.7187725305557251,1
U00672,1,5,0.9394633769989014,1
U00673,1,5,0.9131360054016113,1
U00674,1,5,0.9416924715042114,1
U00675,1,5,0.9094579219818115,1
U00676,1,5,0.9026838541030884,1
U00677,1,5,0.38287198543548584,0
U00678,1,5,0.21333670616149902,0
U00679,1,5,0.13382762670516968,0
U00680,1,4,0.011122339405119419,0
U00681,1,4,0.15996916592121124,0
U00682,1,4,0.02436094731092453,0
U00683,1,4,0.8695143461227417,1
U00684,1,4,0.04819574952125549,0
U00685,1,4,0.00845162384212017,0
U00686,1,4,0.006092685274779797,0
U00687,1,4,0.12589633464813232,0
U00688,1,4,0.029863297939300537,0
U00689,1,4,0.04213659092783928,0
U00690,1,4,0.022451894357800484,0
U00691,1,4,0.009542576968669891,0
U00692,1,4,0.007848028093576431,0
U00693,1,4,0.1524716466665268,0
U00694,1,4,0.8592840433120728,1
U00695,1,4,0.040426477789878845,0
U00696,1,4,0.8943661451339722,1
U00697,1,4,0.011627450585365295,0
U00698,1,4,0.1052321046590805,0
U00699,1,4,0.04996349290013313,0
U00700,1,2,0.6598073244094849,1
U00701,1,2,0.8824586868286133,1
U00702,1,2,0.9856219291687012,1
U00703,1,2,0.9849845170974731,1
U00704,1,2,0.9399845600128174,1
U00705,1,2,0.8749117851257324,1
U00706,1,2,0.9513933658599854,1
U00707,1,2,0.9946309924125671,1
U00708,1,2,0.6710171103477478,1
U00709,1,2,0.8021583557128906,1
U00710,1,2,0.9682890176773071,1
U00711,1,2,0.6779419779777527,1
U00712,1,2,0.9918065667152405,1
U00713,1,2,0.9913790225982666,1
U00714,1,2,0.971635103225708,1
U00715,1,2,0.9240380525588989,1
U00716,1,2,0.9710805416107178,1
U00717,1,2,0.8857362270355225,1
U00718,1,2,0.9250963926315308,1
U00719,1,2,0.8165929913520813,1
U00720,1,4,0.30127081274986267,0
U00721,1,4,0.9906989336013794,1
U00722,1,4,0.00347306439653039,0
U00723,1,4,0.018589287996292114,0
U00724,1,4,0.08478894829750061,0
U00725,1,4,0.004713630303740501,0
U00726,1,4,0.5071038603782654,1
U00727,1,4,0.8771207332611084,1
U00728,1,4,0.0066545275039970875,0
U00729,1,4,0.008288344368338585,0
U00730,1,4,0.9415932893753052,1
U00731,1,4,0.014803055673837662,0
U00732,1,4,0.963131308555603,1
U00733,1,4,0.33487117290496826,0
U00734,1,4,0.009667008183896542,0
U00735,1,4,0.005091859959065914,0
U00736,1,4,0.0065297093242406845,0
U00737,1,4,0.006710918620228767,0
U00738,1,4,0.005745209753513336,0
U00739,1,4,0.01045994833111763,0
U00740,1,2,0.8093112111091614,1
U00741,1,2,0.08074477314949036,0
U00742,1,2,0.7399075031280518,1
U00743,1,2,0.48599690198898315,0
U00744,1,2,0.08153033256530762,0
U00745,1,2,0.7697197794914246,1
U00746,1,2,0.3620554208755493,0
U00747,1,2,0.7876065373420715,1
U00748,1,2,0.6627171039581299,1
U00749,1,2,0.2589833438396454,0
U00750,1,2,0.8573492765426636,1
U00751,1,2,0.4461735785007477,0
U00752,1,2,0.8582355380058289,1
U00753,1,2,0.7812207341194153,1
U00754,1,2,0.8507682681083679,1
U00755,1,2,0.3244536221027374,0
U00756,1,2,0.7673747539520264,1
U00757,1,2,0.5318681001663208,1
U00758,1,2,0.8472416996955872,1
U00759,1,2,0.7963961958885193,1
U00760,1,2,0.006060180254280567,0
U00761,1,2,0.017997225746512413,0
U00762,1,2,0.09882378578186035,0
U00763,1,2,0.14598295092582703,0
U00764,1,2,0.2156483232975006,0
U00765,1,2,0.6360648274421692,1
U00766,1,2,0.7281467914581299,1
U00767,1,2,0.6206849813461304,1
U00768,1,2,0.8166234493255615,1
U00769,1,2,0.030770793557167053,0
U00770,1,2,0.8054236769676208,1
U00771,1,2,0.7147491574287415,1
U00772,1,2,0.03623895347118378,0
U00773,1,2,0.3593149185180664,0
U00774,1,2,0.4617394208908081,0
U00775,1,2,0.36431974172592163,0
U00776,1,2,0.4688289165496826,0
U00777,1,2,0.10628712177276611,0
U00778,1,2,0.14136919379234314,0
U00779,1,2,0.09035474807024002,0
U00780,1,1,0.9759824275970459,1
U00781,1,1,0.8706668615341187,1
U00782,1,1,0.9324023723602295,1
U00783,1,1,0.8709622025489807,1
U00784,1,1,0.9742855429649353,1
U00785,1,1,0.9182169437408447,1
U00786,1,1,0.9271228313446045,1
U00787,1,1,0.9884845018386841,1
U00788,1,1,0.16440072655677795,0
U00789,1,1,0.3951689898967743,0
U00790,1,1,0.3569793403148651,0
U00791,1,1,0.923862636089325,1
U00792,1,1,0.9605573415756226,1
U00793,1,1,0.9546619653701782,1
U00794,1,1,0.9216065406799316,1
U00795,1,1,0.9413695335388184,1
U00796,1,1,0.8910850882530212,1
U00797,1,1,0.9051882028579712,1
U00798,1,1,0.428180456161499,0
U00799,1,1,0.9206072092056274,1
U00800,1,4,0.5739732980728149,1
U00801,1,4,0.6807010769844055,1
U00802,1,4,0.7677530646324158,1
U00803,1,4,0.9818617105484009,1
U00804,1,4,0.9622175693511963,1
U00805,1,4,0.33983370661735535,0
U00806,1,4,0.6694381833076477,1
U00807,1,4,0.9787148237228394,1
U00808,1,4,0.3242776095867157,0
U00809,1,4,0.5552440881729126,1
U00810,1,4,0.9587197303771973,1
U00811,1,4,0.7613583207130432,1
U00812,1,4,0.14695703983306885,0
U00813,1,4,0.9657936096191406,1
U00814,1,4,0.8459759950637817,1
U00815,1,4,0.6994442343711853,1
U00816,1,4,0.19968515634536743,0
U00817,1,4,0.5614481568336487,1
U00818,1,4,0.7549342513084412,1
U00819,1,4,0.31929004192352295,0
U00820,1,3,0.08605976402759552,0
U00821,1,3,0.315306156873703,0
U00822,1,3,0.084745854139328,0
U00823,1,3,0.024546977132558823,0
U00824,1,3,0.04155832901597023,0
U00825,1,3,0.2353571355342865,0
U00826,1,3,0.04282458499073982,0
U00827,1,3,0.007404677104204893,0
U00828,1,3,0.16098561882972717,0
U00829,1,3,0.022771064192056656,0
U00830,1,3,0.5094727277755737,1
U00831,1,3,0.011736242100596428,0
U00832,1,4,0.9879129528999329,1
U00833,1,4,0.9568489789962769,1
U00834,1,4,0.9931628704071045,1
U00835,1,4,0.9328745603561401,1
U00836,1,4,0.941562294960022,1
U00837,1,4,0.8693272471427917,1
U00838,1,4,0.9905492067337036,1
U00839,1,4,0.9967829585075378,1
U00840,1,4,0.9937651753425598,1
U00841,1,4,0.9731330275535583,1
U00842,1,4,0.9741360545158386,1
U00843,1,4,0.8873300552368164,1
U00844,1,4,0.8912615776062012,1
U00845,1,4,0.9625266790390015,1
U00846,1,4,0.9683763384819031,1
U00847,1,4,0.9765193462371826,1
U00848,1,4,0.9824573397636414,1
U00849,1,4,0.8749465346336365,1
U00850,1,4,0.9326738119125366,1
U00851,1,4,0.9826593995094299,1
U00852,1,2,0.8646233081817627,1
U00853,1,2,0.8540505170822144,1
U00854,1,2,0.7900146842002869,1
U00855,1,2,0.8188118934631348,1
U00856,1,2,0.836747407913208,1
U00857,1,2,0.6621296405792236,1
U00858,1,2,0.8019003868103027,1
U00859,1,2,0.7182972431182861,1
U00860,1,2,0.8951629400253296,1
U00861,1,2,0.8534923791885376,1
U00862,1,2,0.6898921728134155,1
U00863,1,2,0.9405222535133362,1
U00864,1,2,0.5103155374526978,1
U00865,1,2,0.44571739435195923,0
U00866,1,2,0.8079846501350403,1
U00867,1,2,0.7406204342842102,1
U00868,1,2,0.8694578409194946,1
U00869,1,2,0.8528152704238892,1
U00870,1,2,0.5269006490707397,1
U00871,1,2,0.9324374198913574,1
U00872,1,3,0.9881066083908081,1
U00873,1,3,0.9877936244010925,1
U00874,1,3,0.9391803741455078,1
U00875,1,3,0.4598724842071533,0
U00876,1,3,0.9711620211601257,1
U00877,1,3,0.9763438105583191,1
U00878,1,3,0.9185470342636108,1
U00879,1,3,0.6565269827842712,1
U00880,1,3,0.9817445874214172,1
U00881,1,3,0.9652237892150879,1
U00882,1,3,0.9874460697174072,1
U00883,1,3,0.7371795773506165,1
U00884,1,3,0.9090443253517151,1
U00885,1,3,0.9435743689537048,1
U00886,1,3,0.9960305690765381,1
U00887,1,3,0.9533350467681885,1
U00888,1,3,0.8017376661300659,1
U00889,1,3,0.980585515499115,1
U00890,1,3,0.9735420942306519,1
U00891,1,3,0.9928300976753235,1
U00892,1,4,0.1419644057750702,0
U00893,1,4,0.20313890278339386,0
U00894,1,4,0.11596124619245529,0
U00895,1,4,0.19849535822868347,0
U00896,1,4,0.15277418494224548,0
U00897,1,4,0.6391165256500244,1
U00898,1,4,0.03176549822092056,0
U00899,1,4,0.11788786947727203,0
U00900,1,4,0.4170640707015991,0
U00901,1,4,0.010798810981214046,0
U00902,1,4,0.22845575213432312,0
U00903,1,4,0.3729446828365326,0
U00904,1,4,0.24149858951568604,0
U00905,1,4,0.5255914926528931,1
U00906,1,4,0.4853963851928711,0
U00907,1,4,0.11429139971733093,0
U00908,1,4,0.3761880397796631,0
U00909,1,4,0.21787582337856293,0
U00910,1,4,0.08447818458080292,0
U00911,1,4,0.38348388671875,0
U00912,1,5,0.5114831924438477,1
U00913,1,5,0.17037132382392883,0
U00914,1,5,0.5829329490661621,1
U00915,1,5,0.5172399878501892,1
U00916,1,5,0.5455914735794067,1
U00917,1,5,0.7071833610534668,1
U00918,1,5,0.19797030091285706,0
U00919,1,5,0.312766969203949,0
U00920,1,5,0.25970548391342163,0
U00921,1,5,0.3399874269962311,0
U00922,1,5,0.5423620939254761,1
U00923,1,5,0.4179808795452118,0
U00924,1,5,0.5709384083747864,1
U00925,1,5,0.34120020270347595,0
U00926,1,5,0.45318603515625,0
U00927,1,5,0.26940837502479553,0
U00928,1,5,0.6258460283279419,1
U00929,1,5,0.8102530837059021,1
U00930,1,5,0.6318997144699097,1
U00931,1,5,0.35934048891067505,0
U00932,1,2,0.7062704563140869,1
U00933,1,2,0.7612869739532471,1
U00934,1,2,0.5397666692733765,1
U00935,1,2,0.5903500318527222,1
U00936,1,2,0.40803974866867065,0
U00937,1,2,0.6194008588790894,1
U00938,1,2,0.7848254442214966,1
U00939,1,2,0.7399733066558838,1
U00940,1,2,0.8143326044082642,1
U00941,1,2,0.6918156147003174,1
U00942,1,2,0.9664101004600525,1
U00943,1,2,0.575844943523407,1
U00944,1,2,0.5744640827178955,1
U00945,1,2,0.5026301145553589,1
U00946,1,2,0.5973937511444092,1
U00947,1,2,0.8498136401176453,1
U00948,1,2,0.36055251955986023,0
U00949,1,2,0.5532828569412231,1
U00950,1,2,0.955679178237915,1
U00951,1,2,0.7581444978713989,1
U00952,1,3,0.011352214962244034,0
U00953,1,3,0.9264488220214844,1
U00954,1,3,0.7963169813156128,1
U00955,1,3,0.8078425526618958,1
U00956,1,3,0.8968032598495483,1
U00957,1,3,0.83409184217453,1
U00958,1,3,0.8457633256912231,1
U00959,1,3,0.8937503099441528,1
U00960,1,3,0.7292450070381165,1
U00961,1,3,0.9500229954719543,1
U00962,1,3,0.7498455047607422,1
U00963,1,3,0.8815921545028687,1
U00964,1,3,0.9196226000785828,1
U00965,1,3,0.863932728767395,1
U00966,1,3,0.8458856344223022,1
U00967,1,3,0.7805935144424438,1
U00968,1,3,0.882174015045166,1
U00969,1,3,0.26694542169570923,0
U00970,1,3,0.8054912686347961,1
U00971,1,3,0.834006130695343,1
U00972,1,4,0.6356977224349976,1
U00973,1,4,0.21281559765338898,0
U00974,1,4,0.6808375120162964,1
U00975,1,4,0.24828362464904785,0
U00976,1,4,0.012384558096528053,0
U00977,1,4,0.7429320216178894,1
U00978,1,4,0.6704117059707642,1
U00979,1,4,0.5971329808235168,1
U00980,1,4,0.3562034070491791,0
U00981,1,4,0.6875516176223755,1
U00982,1,4,0.5205471515655518,1
U00983,1,4,0.08486765623092651,0
U00984,1,4,0.560438871383667,1
U00985,1,4,0.1128956601023674,0
U00986,1,4,0.030141884461045265,0
U00987,1,4,0.0101875439286232,0
U00988,1,4,0.7405542135238647,1
U00989,1,4,0.7523003816604614,1
U00990,1,4,0.7072024941444397,1
U00991,1,4,0.5695733428001404,1
U00992,1,3,0.8878374695777893,1
U00993,1,3,0.8100932240486145,1
U00994,1,3,0.9230194091796875,1
U00995,1,3,0.8136806488037109,1
U00996,1,3,0.833244800567627,1
U00997,1,3,0.6970621347427368,1
U00998,1,3,0.9701130390167236,1
U00999,1,3,0.8138300180435181,1
U01000,1,3,0.8877288103103638,1
U01001,1,3,0.9554827809333801,1
U01002,1,3,0.8382171988487244,1
U01003,1,3,0.6618028283119202,1
U01004,1,3,0.864418625831604,1
U01005,1,3,0.9885244965553284,1
U01006,1,3,0.8289074897766113,1
U01007,1,3,0.9664450883865356,1
U01008,1,3,0.8775011897087097,1
U01009,1,3,0.5119649767875671,1
U01010,1,3,0.6064440608024597,1
U01011,1,3,0.9329536557197571,1
U01012,1,3,0.02195117063820362,0
U01013,1,3,0.19467607140541077,0
U01014,1,3,0.11787237972021103,0
U01015,1,3,0.16633456945419312,0
U01016,1,3,0.3029688596725464,0
U01017,1,3,0.23179149627685547,0
U01018,1,3,0.13010026514530182,0
U01019,1,3,0.15497231483459473,0
U01020,1,3,0.07694186270236969,0
U01021,1,3,0.14427196979522705,0
U01022,1,3,0.1351187527179718,0
U01023,1,3,0.21592560410499573,0
U01024,1,3,0.13620254397392273,0
U01025,1,3,0.23085054755210876,0
U01026,1,3,0.4561762511730194,0
U01027,1,3,0.5412789583206177,1
U01028,1,1,0.025306997820734978,0
U01029,1,1,0.5274535417556763,1
U01030,1,1,0.013780714012682438,0
U01031,1,1,0.5787543654441833,1
U01032,1,1,0.6699844002723694,1
U01033,1,1,0.5357804298400879,1
U01034,1,1,0.8102861642837524,1
U01035,1,1,0.8231989741325378,1
U01036,1,1,0.7079039216041565,1
U01037,1,1,0.746416449546814,1
U01038,1,1,0.8941628932952881,1
U01039,1,1,0.0300144013017416,0
U01040,1,1,0.5972697734832764,1
U01041,1,1,0.05216436833143234,0
U01042,1,1,0.10140638053417206,0
U01043,1,1,0.046004634350538254,0
U01044,1,1,0.9793880581855774,1
U01045,1,1,0.7217488288879395,1
U01046,1,1,0.8266822099685669,1
U01047,1,1,0.05580431967973709,0
U01048,1,3,0.5366353988647461,1
U01049,1,3,0.22438353300094604,0
U01050,1,3,0.891049861907959,1
U01051,1,3,0.1255841702222824,0
U01052,1,3,0.8228719830513,1
U01053,1,3,0.7368805408477783,1
U01054,1,3,0.7237168550491333,1
U01055,1,3,0.4611080288887024,0
U01056,1,3,0.6159955263137817,1
U01057,1,3,0.7636851072311401,1
U01058,1,3,0.8805097937583923,1
U01059,1,3,0.2581802308559418,0
U01060,1,3,0.912086009979248,1
U01061,1,3,0.7305736541748047,1
U01062,1,3,0.6489750146865845,1
U01063,1,3,0.3960222005844116,0
U01064,1,3,0.17539240419864655,0
U01065,1,3,0.29415398836135864,0
U01066,1,3,0.4864617884159088,0
U01067,1,3,0.8145339488983154,1
U01068,1,2,0.4351354241371155,0
U01069,1,2,0.989349901676178,1
U01070,1,2,0.9302136898040771,1
U01071,1,2,0.9974706172943115,1
U01072,1,2,0.26303187012672424,0
U01073,1,2,0.6051568388938904,1
U01074,1,2,0.9606391787528992,1
U01075,1,2,0.1562209278345108,0
U01076,1,2,0.5231682062149048,1
U01077,1,2,0.6850223541259766,1
U01078,1,2,0.43897292017936707,0
U01079,1,2,0.9915916323661804,1
U01080,1,2,0.940382182598114,1
U01081,1,2,0.8320770859718323,1
U01082,1,2,0.38855117559432983,0
U01083,1,2,0.5382694602012634,1
U01084,1,2,0.967269241809845,1
U01085,1,2,0.9794816970825195,1
U01086,1,2,0.9303478598594666,1
U01087,1,2,0.9770050644874573,1
U01088,1,5,0.24614837765693665,0
U01089,1,3,0.9243601560592651,1
U01090,1,3,0.864643931388855,1
U01091,1,3,0.6651743054389954,1
U01092,1,3,0.33416637778282166,0
U01093,1,3,0.9039076566696167,1
U01094,1,3,0.9440783858299255,1
U01095,1,3,0.9415414333343506,1
U01096,1,3,0.0818837359547615,0
U01097,1,3,0.48916178941726685,0
U01098,1,3,0.9325871467590332,1
U01099,1,3,0.9399614334106445,1
U01100,1,3,0.5077746510505676,1
U01101,1,3,0.04037579894065857,0
U01102,1,3,0.7816704511642456,1
U01103,1,3,0.3574167490005493,0
U01104,1,3,0.9723601937294006,1
U01105,1,3,0.9096869826316833,1
U01106,1,3,0.8718737363815308,1
U01107,1,3,0.3475549519062042,0
U01108,1,3,0.4202636182308197,0
U01109,1,4,0.06394333392381668,0
U01110,1,4,0.14661546051502228,0
U01111,1,4,0.1624748408794403,0
U01112,1,4,0.19139401614665985,0
U01113,1,4,0.8940224051475525,1
U01114,1,4,0.32586541771888733,0
U01115,1,4,0.09201225638389587,0
U01116,1,4,0.06877979636192322,0
U01117,1,4,0.4128658175468445,0
U01118,1,4,0.1913757622241974,0
U01119,1,4,0.9568503499031067,1
U01120,1,4,0.9224452972412109,1
U01121,1,4,0.44987085461616516,0
U01122,1,4,0.65960693359375,1
U01123,1,4,0.3719070553779602,0
U01124,1,4,0.8479412198066711,1
U01125,1,4,0.9209544062614441,1
U01126,1,4,0.9646344780921936,1
U01127,1,4,0.7976675033569336,1
U01128,1,4,0.752119779586792,1
U01129,1,4,0.5919740200042725,1
U01130,1,4,0.623551070690155,1
U01131,1,4,0.8742083311080933,1
U01132,1,4,0.45596176385879517,0
U01133,1,4,0.9008185267448425,1
U01134,1,4,0.4593461751937866,0
U01135,1,4,0.9104733467102051,1
U01136,1,4,0.9485293030738831,1
U01137,1,4,0.9318056106567383,1
U01138,1,4,0.9123610258102417,1
U01139,1,4,0.25214195251464844,0
U01140,1,4,0.9956482648849487,1
U01141,1,4,0.2581872344017029,0
U01142,1,4,0.8649117946624756,1
U01143,1,4,0.23619994521141052,0
U01144,1,4,0.48033034801483154,0
U01145,1,4,0.38478419184684753,0
U01146,1,4,0.9527795314788818,1
U01147,1,4,0.8211538195610046,1
U01148,1,4,0.6320143938064575,1
U01149,1,4,0.31904059648513794,0
U01150,1,4,0.05435976758599281,0
U01151,1,4,0.6417561769485474,1
U01152,1,4,0.7335761785507202,1
U01153,1,4,0.9436039328575134,1
U01154,1,4,0.19648461043834686,0
U01155,1,4,0.6380006074905396,1
U01156,1,4,0.03646073490381241,0
U01157,1,4,0.038011956959962845,0
U01158,1,4,0.5499260425567627,1
U01159,1,1,0.656896710395813,1
U01160,1,1,0.7707003355026245,1
U01161,1,1,0.6915658116340637,1
U01162,1,1,0.26924437284469604,0
U01163,1,1,0.7010668516159058,1
U01164,1,1,0.5393059253692627,1
U01165,1,1,0.7312100529670715,1
U01166,1,1,0.7190669775009155,1
U01167,1,1,0.19491243362426758,0
U01168,1,1,0.8400342464447021,1
U01169,1,1,0.6870559453964233,1
U01170,1,1,0.5698461532592773,1
U01171,1,1,0.8875054121017456,1
U01172,1,1,0.8175067901611328,1
U01173,1,1,0.8705223202705383,1
U01174,1,1,0.8137803077697754,1
U01175,1,1,0.6268033981323242,1
U01176,1,1,0.8740382790565491,1
U01177,1,1,0.9553973078727722,1
U01178,1,1,0.646456778049469,1
U01179,1,1,0.004761206917464733,0
U01180,1,1,0.01670777052640915,0
U01181,1,1,0.6702303886413574,1
U01182,1,1,0.7927281856536865,1
U01183,1,1,0.007424537092447281,0
U01184,1,1,0.7722796201705933,1
U01185,1,1,0.06882208585739136,0
U01186,1,1,0.7273348569869995,1
U01187,1,1,0.8046374320983887,1
U01188,1,1,0.7524319887161255,1
U01189,1,1,0.33490556478500366,0
U01190,1,1,0.7890208959579468,1
U01191,1,1,0.7786058187484741,1
U01192,1,1,0.009045448154211044,0
U01193,1,1,0.7469349503517151,1
U01194,1,1,0.8321601152420044,1
U01195,1,1,0.7080416679382324,1
U01196,1,1,0.8284363746643066,1
U01197,1,1,0.7685254812240601,1
U01198,1,1,0.8135510683059692,1
U01199,1,3,0.9324036836624146,1
U01200,1,3,0.5560086369514465,1
U01201,1,3,0.8023427724838257,1
U01202,1,3,0.9715756177902222,1
U01203,1,3,0.33995354175567627,0
U01204,1,3,0.9432777762413025,1
U01205,1,3,0.9848689436912537,1
U01206,1,3,0.4959971010684967,0
U01207,1,3,0.9546741247177124,1
U01208,1,3,0.9459490776062012,1
U01209,1,3,0.9718050956726074,1
U01210,1,3,0.7615744471549988,1
U01211,1,3,0.9947329759597778,1
U01212,1,3,0.015464437194168568,0
U01213,1,3,0.7667891979217529,1
U01214,1,3,0.32821446657180786,0
U01215,1,3,0.5469300150871277,1
U01216,1,3,0.2193937599658966,0
U01217,1,3,0.9700129628181458,1
U01218,1,3,0.9684143662452698,1
U01219,1,1,0.20526841282844543,0
U01220,1,1,0.054346293210983276,0
U01221,1,1,0.10822851955890656,0
U01222,1,1,0.8064307570457458,1
U01223,1,1,0.2847752273082733,0
U01224,1,1,0.21337872743606567,0
U01225,1,1,0.13936743140220642,0
U01226,1,4,0.9452939629554749,1
U01227,1,4,0.8089598417282104,1
U01228,1,4,0.9629260301589966,1
U01229,1,4,0.8119273781776428,1
U01230,1,4,0.8606048226356506,1
U01231,1,4,0.9734347462654114,1
U01232,1,4,0.9031217694282532,1
U01233,1,4,0.9255771636962891,1
U01234,1,4,0.8934375643730164,1
U01235,1,4,0.8071154356002808,1
U01236,1,4,0.706732451915741,1
U01237,1,4,0.9563901424407959,1
U01238,1,4,0.7236303091049194,1
U01239,1,4,0.7893186807632446,1
U01240,1,4,0.932402491569519,1
U01241,1,4,0.733155369758606,1
U01242,1,4,0.8078229427337646,1
U01243,1,4,0.8877862095832825,1
U01244,1,4,0.8581454157829285,1
U01245,1,4,0.7577084898948669,1
U01246,1,1,0.42543208599090576,0
U01247,1,1,0.8420813083648682,1
U01248,1,1,0.49350622296333313,0
U01249,1,1,0.8681111335754395,1
U01250,1,1,0.7998794317245483,1
U01251,1,1,0.36409568786621094,0
U01252,1,1,0.900013267993927,1
U01253,1,1,0.7852611541748047,1
U01254,1,1,0.8370686173439026,1
U01255,1,1,0.6015198826789856,1
U01256,1,4,0.37642133235931396,0
U01257,1,4,0.026457663625478745,0
U01258,1,4,0.08683057874441147,0
U01259,1,4,0.018512342125177383,0
U01260,1,4,0.12906354665756226,0
U01261,1,4,0.08707365393638611,0
U01262,1,4,0.20914290845394135,0
U01263,1,4,0.37884241342544556,0
U01264,1,4,0.1728954315185547,0
U01265,1,4,0.005143088288605213,0
U01266,1,4,0.0934244766831398,0
U01267,1,4,0.09918861836194992,0
U01268,1,4,0.15872794389724731,0
U01269,1,4,0.2320113182067871,0
U01270,1,4,0.006945697590708733,0
U01271,1,4,0.1111210435628891,0
U01272,1,4,0.07406904548406601,0
U01273,1,4,0.3362554609775543,0
U01274,1,4,0.03429190069437027,0
U01275,1,4,0.10200311243534088,0
U01276,1,3,0.8284991979598999,1
U01277,1,3,0.9884475469589233,1
U01278,1,3,0.9336093664169312,1
U01279,1,3,0.012845905497670174,0
U01280,1,3,0.9856765866279602,1
U01281,1,3,0.9840322732925415,1
U01282,1,3,0.9754261374473572,1
U01283,1,3,0.9875715374946594,1
U01284,1,3,0.9793865084648132,1
U01285,1,3,0.6761106848716736,1
U01286,1,3,0.2337738573551178,0
U01287,1,3,0.9849362373352051,1
U01288,1,3,0.993843138217926,1
U01289,1,3,0.012350592762231827,0
U01290,1,3,0.9823555946350098,1
U01291,1,3,0.9960213303565979,1
U01292,1,3,0.9847320914268494,1
U01293,1,3,0.031120428815484047,0
U01294,1,3,0.4050910770893097,0
U01295,1,3,0.7935956120491028,1
U01296,1,5,0.9740013480186462,1
U01297,1,5,0.8033922910690308,1
U01298,1,5,0.7392150163650513,1
U01299,1,5,0.6801422834396362,1
U01300,1,5,0.21938258409500122,0
U01301,1,5,0.7119621634483337,1
U01302,1,5,0.9482049942016602,1
U01303,1,5,0.5095047354698181,1
U01304,1,5,0.7979644536972046,1
U01305,1,5,0.579125702381134,1
U01306,1,5,0.9895191192626953,1
U01307,1,5,0.6347857117652893,1
U01308,1,5,0.7794504761695862,1
U01309,1,5,0.8250096440315247,1
U01310,1,5,0.5451770424842834,1
U01311,1,5,0.12369270622730255,0
U01312,1,5,0.5441833734512329,1
U01313,1,5,0.5459609031677246,1
U01314,1,5,0.9094853401184082,1
U01315,1,5,0.7879319190979004,1
U01316,1,5,0.36063069105148315,0
U01317,1,5,0.8296650052070618,1
U01318,1,5,0.3671328127384186,0
U01319,1,5,0.6736700534820557,1
U01320,1,5,0.22512300312519073,0
U01321,1,5,0.9499063491821289,1
U01322,1,5,0.772197961807251,1
U01323,1,5,0.988984227180481,1
U01324,1,5,0.39388275146484375,0
U01325,1,5,0.5077568292617798,1
U01326,1,5,0.8435279130935669,1
U01327,1,5,0.306580513715744,0
U01328,1,5,0.6013538837432861,1
U01329,1,5,0.9829790592193604,1
U01330,1,5,0.7443058490753174,1
U01331,1,5,0.8404345512390137,1
U01332,1,5,0.8873538374900818,1
U01333,1,5,0.9977154731750488,1
U01334,1,5,0.2847762703895569,0
U01335,1,5,0.8814284801483154,1
U01336,1,1,0.732679009437561,1
U01337,1,1,0.758040189743042,1
U01338,1,1,0.8951895236968994,1
U01339,1,1,0.6016390919685364,1
U01340,1,1,0.7828221917152405,1
U01341,1,1,0.7865592241287231,1
U01342,1,1,0.91007000207901,1
U01343,1,1,0.858123242855072,1
U01344,1,1,0.7318662405014038,1
U01345,1,1,0.8418760895729065,1
U01346,1,1,0.9099120497703552,1
U01347,1,1,0.8906794786453247,1
U01348,1,1,0.5970008373260498,1
U01349,1,1,0.8026925325393677,1
U01350,1,1,0.6924545764923096,1
U01351,1,1,0.9161611795425415,1
U01352,1,1,0.8113787174224854,1
U01353,1,1,0.7879151105880737,1
U01354,1,1,0.6493217945098877,1
U01355,1,1,0.9221116304397583,1
U01356,1,5,0.337158203125,0
U01357,1,5,0.20378530025482178,0
U01358,1,5,0.4925473928451538,0
U01359,1,5,0.09244644641876221,0
U01360,1,5,0.5777038931846619,1
U01361,1,5,0.11167441308498383,0
U01362,1,5,0.3156432509422302,0
U01363,1,5,0.6739485263824463,1
U01364,1,5,0.7991265058517456,1
U01365,1,5,0.6663662195205688,1
U01366,1,5,0.5697346329689026,1
U01367,1,5,0.747989296913147,1
U01368,1,5,0.3548136353492737,0
U01369,1,5,0.8147387504577637,1
U01370,1,5,0.43869131803512573,0
U01371,1,5,0.10129090398550034,0
U01372,1,5,0.3418274223804474,0
U01373,1,5,0.12693831324577332,0
U01374,1,5,0.4942115545272827,0
U01375,1,5,0.4017185866832733,0
U01376,1,3,0.5319655537605286,1
U01377,1,3,0.40885546803474426,0
U01378,1,3,0.5411331057548523,1
U01379,1,3,0.3543103337287903,0
U01380,1,3,0.4345448613166809,0
U01381,1,3,0.36699533462524414,0
U01382,1,3,0.6690930128097534,1
U01383,1,3,0.40859299898147583,0
U01384,1,3,0.6515136361122131,1
U01385,1,4,0.7806758880615234,1
U01386,1,4,0.09233029186725616,0
U01387,1,4,0.7699171304702759,1
U01388,1,4,0.6612483859062195,1
U01389,1,4,0.6726912260055542,1
U01390,1,4,0.862363338470459,1
U01391,1,4,0.4623757600784302,0
U01392,1,4,0.7234318256378174,1
U01393,1,4,0.5828052163124084,1
U01394,1,4,0.8839318752288818,1
U01395,1,4,0.9151061773300171,1
U01396,1,4,0.7117176055908203,1
U01397,1,4,0.5892598628997803,1
U01398,1,4,0.7036177515983582,1
U01399,1,4,0.7375624775886536,1
U01400,1,4,0.6292227506637573,1
U01401,1,4,0.30949637293815613,0
U01402,1,4,0.9528577327728271,1
U01403,1,4,0.4989544749259949,0
U01404,1,4,0.8557488918304443,1
U01405,1,5,0.4136958122253418,0
U01406,1,5,0.3309214413166046,0
U01407,1,5,0.6718974113464355,1
U01408,1,5,0.860141396522522,1
U01409,1,5,0.5775700211524963,1
U01410,1,5,0.6393179297447205,1
U01411,1,5,0.8445877432823181,1
U01412,1,5,0.7007048726081848,1
U01413,1,5,0.9060155749320984,1
U01414,1,5,0.4565888047218323,0
U01415,1,5,0.3273754119873047,0
U01416,1,5,0.8135825395584106,1
U01417,1,5,0.7966451644897461,1
U01418,1,5,0.8024213910102844,1
U01419,1,5,0.5791465640068054,1
U01420,1,5,0.2893596589565277,0
U01421,1,5,0.7910637259483337,1
U01422,1,5,0.8510925769805908,1
U01423,1,5,0.8880612254142761,1
U01424,1,5,0.8668511509895325,1
U01425,1,2,0.12528657913208008,0
U01426,1,2,0.08278001844882965,0
U01427,1,2,0.2963504493236542,0
U01428,1,2,0.34456193447113037,0
U01429,1,2,0.17867924273014069,0
U01430,1,2,0.07024183869361877,0
U01431,1,2,0.42199447751045227,0
U01432,1,2,0.06567513942718506,0
U01433,1,2,0.36303916573524475,0
U01434,1,2,0.16279059648513794,0
U01435,1,2,0.35215139389038086,0
U01436,1,2,0.16530969738960266,0
U01437,1,2,0.4102981388568878,0
U01438,1,2,0.15872612595558167,0
U01439,1,2,0.31290435791015625,0
U01440,1,2,0.9162158966064453,1
U01441,1,2,0.07877299189567566,0
U01442,1,2,0.6659356355667114,1
U01443,1,2,0.497559517621994,0
U01444,1,2,0.3432503044605255,0
U01445,1,2,0.2085631936788559,0
U01446,1,2,0.5587016344070435,1
U01447,1,2,0.1576882153749466,0
U01448,1,2,0.6876884698867798,1
U01449,1,2,0.061662279069423676,0
U01450,1,2,0.5460382699966431,1
U01451,1,2,0.34340277314186096,0
U01452,1,2,0.9200696349143982,1
U01453,1,2,0.42582833766937256,0
U01454,1,2,0.9670127630233765,1
U01455,1,2,0.2891124188899994,0
U01456,1,3,0.8421521186828613,1
U01457,1,3,0.9036669731140137,1
U01458,1,3,0.9120502471923828,1
U01459,1,3,0.9931201934814453,1
U01460,1,3,0.931565523147583,1
U01461,1,3,0.9475811719894409,1
U01462,1,3,0.9887242317199707,1
U01463,1,3,0.9435607194900513,1
U01464,1,3,0.8646589517593384,1
U01465,1,3,0.9655770063400269,1
U01466,1,3,0.8168857097625732,1
U01467,1,3,0.9549378156661987,1
U01468,1,3,0.9247648119926453,1
U01469,1,3,0.8632262349128723,1
U01470,1,3,0.800352156162262,1
U01471,1,3,0.01786951720714569,0
U01472,1,3,0.9559206366539001,1
U01473,1,3,0.9446548223495483,1
U01474,1,3,0.8590958118438721,1
U01475,1,3,0.936627209186554,1
U01476,1,1,0.6629258990287781,1
U01477,1,1,0.11236591637134552,0
U01478,1,1,0.01743531972169876,0
U01479,1,1,0.05624663457274437,0
U01480,1,1,0.9870069622993469,1
U01481,1,1,0.7575128078460693,1
U01482,1,1,0.02156667411327362,0
U01483,1,1,0.1728293001651764,0
U01484,1,1,0.192271888256073,0
U01485,1,1,0.901637852191925,1
U01486,1,1,0.7341103553771973,1
U01487,1,1,0.8306840658187866,1
U01488,1,1,0.9055770039558411,1
U01489,1,1,0.048565857112407684,0
U01490,1,1,0.04248294234275818,0
U01491,1,1,0.6096372604370117,1
U01492,1,1,0.079076386988163,0
U01493,1,1,0.12040215730667114,0
U01494,1,1,0.865570604801178,1
U01495,1,1,0.01931189000606537,0
U01496,1,3,0.5368028879165649,1
U01497,1,3,0.7232636213302612,1
U01498,1,3,0.9434215426445007,1
U01499,1,3,0.10504674911499023,0
U01500,1,3,0.48268353939056396,0
U01501,1,3,0.9821614027023315,1
U01502,1,3,0.09702009707689285,0
U01503,1,3,0.2611733376979828,0
U01504,1,3,0.35626643896102905,0
U01505,1,3,0.23920875787734985,0
U01506,1,3,0.3866402506828308,0
U01507,1,3,0.1624998301267624,0
U01508,1,3,0.5328139662742615,1
U01509,1,3,0.5435391068458557,1
U01510,1,3,0.8704297542572021,1
U01511,1,3,0.011253862641751766,0
U01512,1,3,0.9390358924865723,1
U01513,1,3,0.9341118335723877,1
U01514,1,3,0.22087588906288147,0
U01515,1,3,0.10851522535085678,0
U01516,1,3,0.101365827023983,0
U01517,1,3,0.01956092193722725,0
U01518,1,3,0.2823503017425537,0
U01519,1,3,0.1920492947101593,0
U01520,1,3,0.5013220310211182,1
U01521,1,3,0.3004816770553589,0
U01522,1,3,0.33843910694122314,0
U01523,1,3,0.003548610955476761,0
U01524,1,3,0.07310722768306732,0
U01525,1,3,0.018808264285326004,0
U01526,1,3,0.0980389267206192,0
U01527,1,3,0.9119386672973633,1
U01528,1,3,0.019458584487438202,0
U01529,1,3,0.12859715521335602,0
U01530,1,3,0.054748740047216415,0
U01531,1,3,0.06612454354763031,0
U01532,1,3,0.11998400092124939,0
U01533,1,3,0.055193644016981125,0
U01534,1,3,0.2229270488023758,0
U01535,1,3,0.02570577897131443,0
U01536,1,1,0.9230528473854065,1
U01537,1,1,0.31895312666893005,0
U01538,1,1,0.3287976086139679,0
U01539,1,1,0.706701397895813,1
U01540,1,1,0.4566184878349304,0
U01541,1,1,0.6873928904533386,1
U01542,1,1,0.9216099977493286,1
U01543,1,1,0.3310832381248474,0
U01544,1,5,0.07668611407279968,0
U01545,1,5,0.036303967237472534,0
U01546,1,5,0.1866212785243988,0
U01547,1,5,0.11507225781679153,0
U01548,1,5,0.0207130778580904,0
U01549,1,5,0.10034367442131042,0
U01550,1,5,0.17451024055480957,0
U01551,1,5,0.02686772681772709,0
U01552,1,5,0.6049249172210693,1
U01553,1,5,0.02394035831093788,0
U01554,1,5,0.30542901158332825,0
U01555,1,5,0.2953999936580658,0
U01556,1,5,0.032145220786333084,0
U01557,1,5,0.15573656558990479,0
U01558,1,5,0.1536853313446045,0
U01559,1,5,0.21023720502853394,0
U01560,1,5,0.11342277377843857,0
U01561,1,5,0.07692136615514755,0
U01562,1,5,0.12186476588249207,0
U01563,1,5,0.2079153060913086,0
U01564,1,2,0.04846344515681267,0
U01565,1,2,0.005244051571935415,0
U01566,1,2,0.003970660734921694,0
U01567,1,2,0.008111950941383839,0
U01568,1,2,0.02431746944785118,0
U01569,1,2,0.0562470406293869,0
U01570,1,2,0.03697657585144043,0
U01571,1,5,0.18143266439437866,0
U01572,1,5,0.3524884581565857,0
U01573,1,5,0.8789600729942322,1
U01574,1,5,0.2807980179786682,0
U01575,1,5,0.9319249391555786,1
U01576,1,5,0.67699134349823,1
U01577,1,5,0.8044673800468445,1
U01578,1,5,0.7474217414855957,1
U01579,1,5,0.7616415023803711,1
U01580,1,5,0.20062407851219177,0
U01581,1,5,0.8828571438789368,1
U01582,1,5,0.7804673910140991,1
U01583,1,5,0.9434727430343628,1
U01584,1,5,0.5855607390403748,1
U01585,1,5,0.2122640460729599,0
U01586,1,5,0.8641865849494934,1
U01587,1,5,0.7038940191268921,1
U01588,1,5,0.5537782311439514,1
U01589,1,5,0.4185429513454437,0
U01590,1,5,0.7810928225517273,1
U01591,1,2,0.7295640707015991,1
U01592,1,2,0.7246520519256592,1
U01593,1,2,0.6454034447669983,1
U01594,1,2,0.22534805536270142,0
U01595,1,2,0.06064081937074661,0
U01596,1,2,0.033338505774736404,0
U01597,1,2,0.38097259402275085,0
U01598,1,2,0.6685591340065002,1
U01599,1,2,0.9707903861999512,1
U01600,1,2,0.42035412788391113,0
U01601,1,2,0.36571162939071655,0
U01602,1,2,0.6198769211769104,1
U01603,1,2,0.9802605509757996,1
U01604,1,2,0.5012525916099548,1
U01605,1,2,0.4130493700504303,0
U01606,1,2,0.9289054870605469,1
U01607,1,2,0.7754039764404297,1
U01608,1,2,0.22440220415592194,0
U01609,1,2,0.35035407543182373,0
U01610,1,2,0.26418790221214294,0
U01611,1,3,0.2104930579662323,0
U01612,1,3,0.4146582782268524,0
U01613,1,3,0.06386154890060425,0
U01614,1,3,0.5874481797218323,1
U01615,1,3,0.6107498407363892,1
U01616,1,3,0.9787384867668152,1
U01617,1,3,0.515092134475708,1
U01618,1,3,0.6353980898857117,1
U01619,1,3,0.9438461661338806,1
U01620,1,3,0.9963005185127258,1
U01621,1,3,0.49782833456993103,0
U01622,1,3,0.4553307294845581,0
U01623,1,3,0.9926250576972961,1
U01624,1,3,0.8759041428565979,1
U01625,1,3,0.9963290691375732,1
U01626,1,3,0.18054290115833282,0
U01627,1,3,0.14158664643764496,0
U01628,1,3,0.14568790793418884,0
U01629,1,3,0.9544760584831238,1
U01630,1,3,0.5203022956848145,1
U01631,1,3,0.013387097977101803,0
U01632,1,1,0.5083849430084229,1
U01633,1,1,0.5654317140579224,1
U01634,1,1,0.30078697204589844,0
U01635,1,1,0.3344855010509491,0
U01636,1,1,0.7572810649871826,1
U01637,1,1,0.4439079463481903,0
U01638,1,1,0.7222427129745483,1
U01639,1,1,0.2537677586078644,0
U01640,1,1,0.3892505168914795,0
U01641,1,1,0.2908710539340973,0
U01642,1,1,0.5207363367080688,1
U01643,1,1,0.44981086254119873,0
U01644,1,1,0.3766651451587677,0
U01645,1,1,0.3440606892108917,0
U01646,1,1,0.402871310710907,0
U01647,1,1,0.3374161720275879,0
U01648,1,1,0.7103130221366882,1
U01649,1,1,0.21509310603141785,0
U01650,1,1,0.004689736757427454,0
U01651,1,1,0.7577806115150452,1
U01652,1,1,0.6554791331291199,1
U01653,1,1,0.060908276587724686,0
U01654,1,1,0.5863509178161621,1
U01655,1,1,0.6979677677154541,1
U01656,1,1,0.5499904155731201,1
U01657,1,1,0.31597140431404114,0
U01658,1,1,0.36111319065093994,0
U01659,1,1,0.24473261833190918,0
U01660,1,1,0.4833781123161316,0
U01661,1,5,0.09639278054237366,0
U01662,1,5,0.06414156407117844,0
U01663,1,5,0.6506408452987671,1
U01664,1,5,0.921643853187561,1
U01665,1,5,0.5355618000030518,1
U01666,1,5,0.429862916469574,0
U01667,1,5,0.07365445792675018,0
U01668,1,5,0.284431517124176,0
U01669,1,5,0.14266826212406158,0
U01670,1,5,0.18287888169288635,0
U01671,1,5,0.16290012001991272,0
U01672,1,5,0.420967161655426,0
U01673,1,5,0.18107594549655914,0
U01674,1,5,0.37207987904548645,0
U01675,1,5,0.34876278042793274,0
U01676,1,5,0.3205412030220032,0
U01677,1,5,0.05826422572135925,0
U01678,1,5,0.3342093825340271,0
U01679,1,5,0.4747064709663391,0
U01680,1,5,0.45309174060821533,0
U01681,1,3,0.9659160375595093,1
U01682,1,3,0.5007126331329346,1
U01683,1,3,0.4553546905517578,0
U01684,1,3,0.37771111726760864,0
U01685,1,3,0.728959321975708,1
U01686,1,3,0.5393171310424805,1
U01687,1,3,0.8491542339324951,1
U01688,1,3,0.3699226677417755,0
U01689,1,3,0.066251739859581,0
U01690,1,3,0.6425328254699707,1
U01691,1,3,0.14156287908554077,0
U01692,1,3,0.8371810913085938,1
U01693,1,3,0.7879931330680847,1
U01694,1,3,0.25753819942474365,0
U01695,1,3,0.6225070953369141,1
U01696,1,3,0.46219930052757263,0
U01697,1,3,0.6454891562461853,1
U01698,1,3,0.5090828537940979,1
U01699,1,3,0.921673595905304,1
U01700,1,3,0.7012226581573486,1
U01701,1,4,0.9411959648132324,1
U01702,1,4,0.8424593210220337,1
U01703,1,4,0.9233380556106567,1
U01704,1,4,0.958103358745575,1
U01705,1,4,0.806191086769104,1
U01706,1,4,0.6963236331939697,1
U01707,1,4,0.2531737685203552,0
U01708,1,4,0.8082386255264282,1
U01709,1,4,0.7548185586929321,1
U01710,1,4,0.8587179780006409,1
U01711,1,4,0.6521650552749634,1
U01712,1,4,0.7465394735336304,1
U01713,1,4,0.622299075126648,1
U01714,1,4,0.6729068756103516,1
U01715,1,4,0.6972718238830566,1
U01716,1,4,0.8143377900123596,1
U01717,1,4,0.5617285966873169,1
U01718,1,4,0.7159138321876526,1
U01719,1,4,0.8884782195091248,1
U01720,1,4,0.9355919361114502,1
U01721,1,2,0.8970028162002563,1
U01722,1,2,0.8322139382362366,1
U01723,1,2,0.6521158218383789,1
U01724,1,2,0.9007774591445923,1
U01725,1,2,0.8997880220413208,1
U01726,1,2,0.7172772288322449,1
U01727,1,2,0.9773656129837036,1
U01728,1,2,0.9040253162384033,1
U01729,1,2,0.6794517040252686,1
U01730,1,2,0.9177723526954651,1
U01731,1,2,0.7981559038162231,1
U01732,1,2,0.7222341299057007,1
U01733,1,2,0.576330304145813,1
U01734,1,2,0.7584830522537231,1
U01735,1,2,0.7155948281288147,1
U01736,1,2,0.517897367477417,1
U01737,1,2,0.8940640687942505,1
U01738,1,2,0.8279305696487427,1
U01739,1,2,0.6680067181587219,1
U01740,1,2,0.9181323647499084,1
U01741,1,1,0.1084245964884758,0
U01742,1,1,0.9878052473068237,1
U01743,1,1,0.9764488339424133,1
U01744,1,1,0.1503683626651764,0
U01745,1,1,0.22847343981266022,0
U01746,1,1,0.543781042098999,1
U01747,1,1,0.4234235882759094,0
U01748,1,1,0.9130314588546753,1
U01749,1,1,0.2987937033176422,0
U01750,1,1,0.8089924454689026,1
U01751,1,1,0.9611842632293701,1
U01752,1,1,0.9932237267494202,1
U01753,1,1,0.25395530462265015,0
U01754,1,1,0.13365963101387024,0
U01755,1,1,0.6088933944702148,1
U01756,1,1,0.15866465866565704,0
U01757,1,1,0.49875903129577637,0
U01758,1,1,0.7771728038787842,1
U01759,1,1,0.7405612468719482,1
U01760,1,1,0.6262516379356384,1
U01761,1,4,0.19411805272102356,0
U01762,1,4,0.7713258266448975,1
U01763,1,4,0.838188886642456,1
U01764,1,4,0.2615799903869629,0
U01765,1,4,0.9741604328155518,1
U01766,1,4,0.2578772306442261,0
U01767,1,4,0.1545349806547165,0
U01768,1,4,0.35070639848709106,0
U01769,1,4,0.6837189197540283,1
U01770,1,4,0.46080416440963745,0
U01771,1,4,0.053216516971588135,0
U01772,1,4,0.6978657841682434,1
U01773,1,4,0.285816490650177,0
U01774,1,4,0.7019864320755005,1
U01775,1,4,0.45899853110313416,0
U01776,1,4,0.44404053688049316,0
U01777,1,4,0.03821851313114166,0
U01778,1,4,0.6332153081893921,1
U01779,1,4,0.26109087467193604,0
U01780,1,4,0.5415802001953125,1
U01781,1,2,0.9374249577522278,1
U01782,1,2,0.8512096405029297,1
U01783,1,2,0.5754569172859192,1
U01784,1,2,0.9069757461547852,1
U01785,1,2,0.6923986077308655,1
U01786,1,2,0.8860870003700256,1
U01787,1,2,0.7170789241790771,1
U01788,1,2,0.871611475944519,1
U01789,1,2,0.8886716961860657,1
U01790,1,2,0.9677307605743408,1
U01791,1,2,0.9317924976348877,1
U01792,1,2,0.923386812210083,1
U01793,1,2,0.8198887705802917,1
U01794,1,2,0.9227750897407532,1
U01795,1,2,0.959871232509613,1
U01796,1,2,0.7204409837722778,1
U01797,1,2,0.9214842915534973,1
U01798,1,2,0.8697027564048767,1
U01799,1,2,0.9855786561965942,1
U01800,1,2,0.9212830066680908,1
U01801,1,1,0.48662686347961426,0
U01802,1,1,0.817188024520874,1
U01803,1,1,0.8618948459625244,1
U01804,1,1,0.012146065011620522,0
U01805,1,1,0.22068676352500916,0
U01806,1,1,0.6114513874053955,1
U01807,1,1,0.5292608141899109,1
U01808,1,1,0.6595267653465271,1
U01809,1,1,0.85106360912323,1
U01810,1,1,0.7813111543655396,1
U01811,1,1,0.8279412984848022,1
U01812,1,1,0.8236223459243774,1
U01813,1,1,0.7912717461585999,1
U01814,1,1,0.5434688925743103,1
U01815,1,1,0.7928950190544128,1
U01816,1,1,0.792411208152771,1
U01817,1,1,0.6673930287361145,1
U01818,1,1,0.8507455587387085,1
U01819,1,1,0.9083962440490723,1
U01820,1,1,0.6459879875183105,1
U01821,1,1,0.009379051625728607,0
U01822,1,1,0.009451247751712799,0
U01823,1,1,0.3874557316303253,0
U01824,1,1,0.03058706596493721,0
U01825,1,1,0.04703674465417862,0
U01826,1,1,0.008681277744472027,0
U01827,1,1,0.011496233753859997,0
U01828,1,1,0.2736520767211914,0
U01829,1,1,0.2807930111885071,0
U01830,1,1,0.36610788106918335,0
U01831,1,1,0.016312358900904655,0
U01832,1,1,0.03195515275001526,0
U01833,1,1,0.012474766932427883,0
U01834,1,1,0.021819964051246643,0
U01835,1,1,0.4028230905532837,0
U01836,1,1,0.01222518365830183,0
U01837,1,1,0.07125337421894073,0
U01838,1,1,0.198767751455307,0
U01839,1,1,0.6370601058006287,1
U01840,1,1,0.5611571073532104,1
U01841,1,3,0.8733983039855957,1
U01842,1,5,0.40074676275253296,0
U01843,1,3,0.2311311662197113,0
U01844,1,3,0.9034068584442139,1
U01845,1,2,0.35339677333831787,0
U01846,1,1,0.9899591207504272,1
U01847,1,3,0.9887397885322571,1
U01848,1,4,0.6308528780937195,1
U01849,1,3,0.9886711239814758,1
U01850,1,3,0.1417040377855301,0
U01851,1,3,0.8745586276054382,1
U01852,1,2,0.6636732220649719,1
U01853,1,1,0.9770432710647583,1
U01854,1,5,0.9828712344169617,1
U01855,1,4,0.9548500180244446,1
U01856,1,5,0.8030796051025391,1
U01857,1,4,0.9522441029548645,1
U01858,1,1,0.9760886430740356,1
U01859,1,3,0.9908324480056763,1
U01860,1,3,0.05488772690296173,0
U01861,1,2,0.7961233854293823,1
U01862,1,5,0.6766316890716553,1
U01863,1,5,0.9411761164665222,1
U01864,1,1,0.9119900465011597,1
U01865,1,5,0.8790491819381714,1
U01866,1,5,0.47419577836990356,0
U01867,1,2,0.9089410901069641,1
U01868,1,3,0.9726482033729553,1
U01869,1,5,0.9689843654632568,1
U01870,1,1,0.8980010747909546,1
U01871,1,3,0.9332408905029297,1
U01872,1,3,0.9212208986282349,1
U01873,1,5,0.9676058292388916,1
U01874,1,3,0.855870246887207,1
U01875,1,2,0.9942276477813721,1
U01876,1,1,0.45263969898223877,0
U01877,1,2,0.9199680685997009,1
U01878,1,3,0.697175145149231,1
U01879,1,4,0.7986350059509277,1
U01880,1,5,0.753484308719635,1
U01881,1,4,0.8878315687179565,1
U01882,1,2,0.6876456141471863,1
U01883,1,2,0.9710751175880432,1
U01884,1,1,0.8854910135269165,1
U01885,1,2,0.9376920461654663,1
U01886,1,5,0.9081966280937195,1
U01887,1,3,0.7131662964820862,1
U01888,1,3,0.9708572030067444,1
U01889,1,5,0.9230585694313049,1
U01890,1,2,0.9681382179260254,1
U01891,1,3,0.9958075284957886,1
U01892,1,1,0.7070578336715698,1
U01893,1,2,0.5206902027130127,1
U01894,1,3,0.529033362865448,1
U01895,1,4,0.8960574865341187,1
U01896,1,4,0.9969286322593689,1
U01897,1,5,0.9279892444610596,1
U01898,1,1,0.873863935470581,1
U01899,1,5,0.2603503465652466,0
U01900,1,1,0.627336859703064,1
U01901,1,3,0.2156745195388794,0
U01902,1,1,0.5862545967102051,1
U01903,1,5,0.5134592652320862,1
U01904,1,1,0.9522954821586609,1
U01905,1,5,0.7523765563964844,1
U01906,1,1,0.9635035991668701,1
U01907,1,5,0.8508099317550659,1
U01908,1,3,0.9933503866195679,1
U01909,1,5,0.972784161567688,1
U01910,1,3,0.8709548711776733,1
U01911,1,5,0.37313082814216614,0
U01912,1,4,0.9327890872955322,1
U01913,1,1,0.7800092101097107,1
U01914,1,5,0.5281788110733032,1
U01915,1,5,0.16008563339710236,0
U01916,1,5,0.340498685836792,0
U01917,1,2,0.9534745216369629,1
U01918,1,1,0.9632847309112549,1
U01919,1,5,0.4386221766471863,0
U01920,1,1,0.9714338779449463,1
U01921,1,4,0.8915002942085266,1
U01922,1,4,0.8758979439735413,1
U01923,1,3,0.8329428434371948,1
U01924,1,1,0.9772706627845764,1
U01925,1,4,0.8699178695678711,1
U01926,1,3,0.9741201400756836,1
U01927,1,2,0.8429062962532043,1
U01928,1,2,0.7283706068992615,1
U01929,1,1,0.19356904923915863,0
U01930,1,3,0.7400112748146057,1
U01931,1,4,0.9131335020065308,1
U01932,1,2,0.9286529421806335,1
U01933,1,4,0.16082638502120972,0
U01934,1,2,0.753924548625946,1
U01935,1,3,0.9889159798622131,1
U01936,1,2,0.6527634859085083,1
U01937,1,2,0.8739322423934937,1
U01938,1,4,0.8020093441009521,1
U01939,1,2,0.7443215847015381,1
U01940,1,1,0.4938906133174896,0
U01941,1,5,0.331158310174942,0
U01942,1,4,0.7918326258659363,1
U01943,1,3,0.22812101244926453,0
U01944,1,2,0.6785330176353455,1
U01945,1,5,0.12446679174900055,0
U01946,1,4,0.9777694344520569,1
U01947,1,4,0.24220043420791626,0
U01948,1,1,0.39816558361053467,0
U01949,1,3,0.977307915687561,1
U01950,1,4,0.8388103246688843,1
U01951,1,1,0.7462231516838074,1
U01952,1,2,0.8829399347305298,1
U01953,1,4,0.45131823420524597,0
U01954,1,2,0.9930154085159302,1
U01955,1,5,0.24907322227954865,0
U01956,1,4,0.4695587754249573,0
U01957,1,5,0.9515394568443298,1
U01958,1,2,0.6855296492576599,1
U01959,1,4,0.4547702968120575,0
U01960,1,4,0.9753615260124207,1
U01961,1,5,0.8984370827674866,1
U01962,1,4,0.9583160281181335,1
U01963,1,2,0.6015625,1
U01964,1,1,0.987856924533844,1
U01965,1,2,0.8958801627159119,1
U01966,1,4,0.9508991241455078,1
U01967,1,3,0.5011218786239624,1
U01968,1,1,0.6896527409553528,1
U01969,1,1,0.8726340532302856,1
U01970,1,2,0.9547652006149292,1
U01971,1,5,0.922595202922821,1
U01972,1,4,0.9062734246253967,1
U01973,1,4,0.83342444896698,1
U01974,1,2,0.9833234548568726,1
U01975,1,3,0.9882015585899353,1
U01976,1,3,0.9817862510681152,1
U01977,1,1,0.5684228539466858,1
U01978,1,3,0.9017001390457153,1
U01979,1,2,0.9281564354896545,1
U01980,1,5,0.3427582383155823,0
U01981,1,4,0.4991587996482849,0
U01982,1,1,0.9169201254844666,1
U01983,1,3,0.9616192579269409,1
U01984,1,4,0.9876682758331299,1
U01985,1,3,0.9665830731391907,1
U01986,1,1,0.25595173239707947,0
U01987,1,2,0.32558953762054443,0
U01988,1,4,0.7553989291191101,1
U01989,1,1,0.9600228667259216,1
U01990,1,3,0.6844491958618164,1
U01991,1,5,0.5267043709754944,1
U01992,1,3,0.982850968837738,1
U01993,1,2,0.8335843086242676,1
U01994,1,1,0.47413069009780884,0
U01995,1,4,0.9769887924194336,1
U01996,1,5,0.8747068047523499,1
U01997,1,1,0.6984526515007019,1
U01998,1,5,0.8691432476043701,1
U01999,1,1,0.832817792892456,1
U02000,1,2,0.14597190916538239,0
U02001,1,1,0.9395855069160461,1
U02002,1,5,0.016164986416697502,0
U02003,1,3,0.9694367051124573,1
U02004,1,3,0.9620488286018372,1
U02005,1,4,0.9836437106132507,1
U02006,1,1,0.9711769223213196,1
U02007,1,2,0.7902350425720215,1
U02008,1,3,0.840232253074646,1
U02009,1,3,0.9393068552017212,1
U02010,1,3,0.9230263829231262,1
U02011,1,4,0.33077970147132874,0
U02012,1,3,0.9483647346496582,1
U02013,1,5,0.3526984453201294,0
U02014,1,5,0.8795835971832275,1
U02015,1,1,0.9909127950668335,1
U02016,1,2,0.7550547122955322,1
U02017,1,3,0.4339715242385864,0
U02018,1,1,0.9479414224624634,1
U02019,1,3,0.9958277940750122,1
U02020,1,5,0.7327232360839844,1
U02021,1,3,0.5830063819885254,1
U02022,1,5,0.38247114419937134,0
U02023,1,4,0.2282554805278778,0
U02024,1,2,0.8410691022872925,1
U02025,1,2,0.6401191353797913,1
U02026,1,2,0.8261153101921082,1
U02027,1,3,0.08521796017885208,0
U02028,1,4,0.37820833921432495,0
U02029,1,3,0.9943859577178955,1
U02030,1,1,0.6110243201255798,1
U02031,1,4,0.8979093432426453,1
U02032,1,5,0.9831408858299255,1
U02033,1,3,0.5652320384979248,1
U02034,1,5,0.5555851459503174,1
U02035,1,1,0.9692326784133911,1
U02036,1,3,0.9885523319244385,1
U02037,1,1,0.6907861232757568,1
U02038,1,4,0.9528161287307739,1
U02039,1,1,0.8094902038574219,1
U02040,1,2,0.9886781573295593,1
U02041,1,1,0.9821833372116089,1
U02042,1,5,0.8356495499610901,1
U02043,1,1,0.27721652388572693,0
U02044,1,3,0.59393310546875,1
U02045,1,3,0.9358027577400208,1
U02046,1,3,0.959086537361145,1
U02047,1,5,0.8582539558410645,1
U02048,1,3,0.6583194732666016,1
U02049,1,3,0.8647639155387878,1
U02050,1,1,0.4680287539958954,0
U02051,1,1,0.8799025416374207,1
U02052,1,1,0.9853730201721191,1
U02053,1,3,0.890832245349884,1
U02054,1,2,0.9693735241889954,1
U02055,1,2,0.05484800785779953,0
U02056,1,1,0.1922849714756012,0
U02057,1,4,0.988433301448822,1
U02058,1,2,0.9843977689743042,1
U02059,1,5,0.9408936500549316,1
U02060,1,3,0.48686763644218445,0
U02061,1,2,0.7729707956314087,1
U02062,1,1,0.8957240581512451,1
U02063,1,4,0.9859856963157654,1
U02064,1,3,0.9604840278625488,1
U02065,1,5,0.945680558681488,1
U02066,1,3,0.9893906116485596,1
U02067,1,3,0.5466111898422241,1
U02068,1,2,0.9628049731254578,1
U02069,1,2,0.13867998123168945,0
U02070,1,4,0.8687791228294373,1
U02071,1,1,0.4381297826766968,0
U02072,1,3,0.9879157543182373,1
U02073,1,3,0.8736544847488403,1
U02074,1,2,0.8188132047653198,1
U02075,1,1,0.9907042384147644,1
U02076,1,3,0.9898356199264526,1
U02077,1,5,0.8759493827819824,1
U02078,1,5,0.5265049934387207,1
U02079,1,5,0.5856187343597412,1
U02080,1,3,0.9844626188278198,1
U02081,1,1,0.46556293964385986,0
U02082,1,3,0.420318603515625,0
U02083,1,2,0.31663551926612854,0
U02084,1,3,0.9925092458724976,1
U02085,1,4,0.9519333839416504,1
U02086,1,3,0.9768940210342407,1
U02087,1,2,0.8433901071548462,1
U02088,1,2,0.9907204508781433,1
U02089,1,5,0.7511633634567261,1
U02090,1,1,0.19484536349773407,0
U02091,1,3,0.9152858257293701,1
U02092,1,3,0.8290429711341858,1
U02093,1,3,0.8833075761795044,1
U02094,1,4,0.7811979651451111,1
U02095,1,4,0.885229766368866,1
U02096,1,5,0.14770713448524475,0
U02097,1,3,0.9135897159576416,1
U02098,1,2,0.9025883674621582,1
U02099,1,3,0.9822892546653748,1
U02100,1,5,0.8857853412628174,1
U02101,1,1,0.9740160703659058,1
U02102,1,5,0.8810154795646667,1
U02103,1,5,0.6062037944793701,1
U02104,1,2,0.890164852142334,1
U02105,1,3,0.9952973127365112,1
U02106,1,3,0.9755302667617798,1
U02107,1,2,0.8083148002624512,1
U02108,1,3,0.9204084277153015,1
U02109,1,3,0.9568631649017334,1
U02110,1,5,0.5347909927368164,1
U02111,1,2,0.9595509171485901,1
U02112,1,5,0.7900010347366333,1
U02113,1,3,0.9960813522338867,1
U02114,1,1,0.8155730962753296,1
U02115,1,3,0.8327813148498535,1
U02116,1,4,0.8329294919967651,1
U02117,1,4,0.993030309677124,1
U02118,1,2,0.7003374099731445,1
U02119,1,1,0.5909796953201294,1
U02120,1,5,0.6075696349143982,1
U02121,1,2,0.551262378692627,1
U02122,1,5,0.1286507397890091,0
U02123,1,1,0.5038418173789978,1
U02124,1,5,0.9119200706481934,1
U02125,1,1,0.2804727256298065,0
U02126,1,4,0.012019496411085129,0
U02127,1,4,0.9370880722999573,1
U02128,1,3,0.888542890548706,1
U02129,1,3,0.866837739944458,1
U02130,1,2,0.946690559387207,1
U02131,1,3,0.80217045545578,1
U02132,1,2,0.7960066199302673,1
U02133,1,3,0.836950421333313,1
U02134,1,4,0.15940001606941223,0
U02135,1,4,0.4837467074394226,0
U02136,1,4,0.5993270874023438,1
U02137,1,2,0.8663524985313416,1
U02138,1,2,0.44355013966560364,0
U02139,1,1,0.708011269569397,1
U02140,1,1,0.9681746959686279,1
U02141,1,4,0.3873554468154907,0
U02142,1,5,0.8315185904502869,1
U02143,1,2,0.9897181391716003,1
U02144,1,3,0.9950907826423645,1
U02145,1,1,0.4089612662792206,0
U02146,1,3,0.9327350854873657,1
U02147,1,3,0.7021501064300537,1
U02148,1,5,0.9256502389907837,1
U02149,1,3,0.930416464805603,1
U02150,1,5,0.7627097368240356,1
U02151,1,5,0.8644499182701111,1
U02152,1,3,0.9571658372879028,1
U02153,1,3,0.9874433279037476,1
U02154,1,5,0.2849043607711792,0
U02155,1,2,0.4775506854057312,0
U02156,1,1,0.8680233955383301,1
U02157,1,3,0.9694879651069641,1
U02158,1,2,0.9253145456314087,1
U02159,1,4,0.9731484055519104,1
U02160,1,2,0.8665831089019775,1
U02161,1,5,0.9774481654167175,1
U02162,1,2,0.8894575834274292,1
U02163,1,5,0.944002091884613,1
U02164,1,5,0.9012290239334106,1
U02165,1,5,0.19842380285263062,0
U02166,1,4,0.12022129446268082,0
U02167,1,5,0.9331923127174377,1
U02168,1,4,0.28152602910995483,0
U02169,1,3,0.8015879988670349,1
U02170,1,5,0.5849358439445496,1
U02171,1,2,0.9699505567550659,1
U02172,1,1,0.9860043525695801,1
U02173,1,3,0.9959802627563477,1
U02174,1,4,0.8966585397720337,1
U02175,1,5,0.9820197224617004,1
U02176,1,2,0.8511798977851868,1
U02177,1,5,0.9485124945640564,1
U02178,1,2,0.6881329417228699,1
U02179,1,4,0.727303683757782,1
U02180,1,2,0.8585139513015747,1
U02181,1,3,0.6745846271514893,1
U02182,1,3,0.9570956826210022,1
U02183,1,3,0.54229736328125,1
U02184,1,3,0.8858628273010254,1
U02185,1,2,0.9662888646125793,1
U02186,1,4,0.9050709009170532,1
U02187,1,5,0.5775750279426575,1
U02188,1,2,0.7906246781349182,1
U02189,1,1,0.8397296667098999,1
U02190,1,5,0.53962242603302,1
U02191,1,1,0.9632193446159363,1
U02192,1,5,0.7527296543121338,1
U02193,1,3,0.9306927919387817,1
U02194,1,2,0.8123440742492676,1
U02195,1,5,0.9689102172851562,1
U02196,1,3,0.7902604341506958,1
U02197,1,5,0.15239444375038147,0
U02198,1,3,0.9241659045219421,1
U02199,1,5,0.015710411593317986,0
U02200,1,3,0.9539355039596558,1
U02201,1,4,0.29007813334465027,0
U02202,1,2,0.9839140772819519,1
U02203,1,1,0.9759613275527954,1
U02204,1,3,0.9958551526069641,1
U02205,1,5,0.47426021099090576,0
U02206,1,4,0.9288330674171448,1
U02207,1,3,0.9734543561935425,1
U02208,1,2,0.632766604423523,1
U02209,1,3,0.8669919967651367,1
U02210,1,2,0.6117729544639587,1
U02211,1,1,0.0526396669447422,0
U02212,1,1,0.9128777980804443,1
U02213,1,5,0.6795848608016968,1
U02214,1,3,0.9167206287384033,1
U02215,1,2,0.9440996646881104,1
U02216,1,1,0.7212448120117188,1
U02217,1,1,0.9860430359840393,1
U02218,1,3,0.9812476634979248,1
U02219,1,2,0.919711172580719,1
U02220,1,2,0.5692745447158813,1
U02221,1,4,0.9913690090179443,1
U02222,1,3,0.4438669681549072,0
U02223,1,1,0.7980795502662659,1
U02224,1,4,0.9456847310066223,1
U02225,1,1,0.9249772429466248,1
U02226,1,2,0.8259187340736389,1
U02227,1,1,0.9504265785217285,1
U02228,1,4,0.9391853213310242,1
U02229,1,3,0.5233405232429504,1
U02230,1,1,0.9191744327545166,1
U02231,1,5,0.5636478662490845,1
U02232,1,3,0.9193713068962097,1
U02233,1,2,0.9904627203941345,1
U02234,1,2,0.9848501682281494,1
U02235,1,3,0.06746044754981995,0
U02236,1,1,0.8611968159675598,1
U02237,1,1,0.969083309173584,1
U02238,1,5,0.917091965675354,1
U02239,1,5,0.8943060636520386,1
U02240,1,3,0.5608424544334412,1
U02241,1,5,0.94533771276474,1
U02242,1,1,0.9636772274971008,1
U02243,1,4,0.6810293197631836,1
U02244,1,4,0.9962831139564514,1
U02245,1,1,0.9750121831893921,1
U02246,1,2,0.6787322759628296,1
U02247,1,3,0.975338876247406,1
U02248,1,2,0.8569158911705017,1
U02249,1,3,0.7985709309577942,1
U02250,1,4,0.9913647770881653,1
U02251,1,4,0.9783003330230713,1
U02252,1,3,0.48102280497550964,0
U02253,1,3,0.8499378561973572,1
U02254,1,4,0.022817127406597137,0
U02255,1,2,0.22030453383922577,0
U02256,1,5,0.6988400220870972,1
U02257,1,5,0.22884532809257507,0
U02258,1,5,0.3206372857093811,0
U02259,1,1,0.9600411653518677,1
U02260,1,3,0.9882041215896606,1
U02261,1,5,0.059311643242836,0
U02262,1,5,0.9200791716575623,1
U02263,1,5,0.6366193294525146,1
U02264,1,1,0.9647080898284912,1
U02265,1,4,0.9815040826797485,1
U02266,1,2,0.5390991568565369,1
U02267,1,2,0.35636261105537415,0
U02268,1,3,0.9506692886352539,1
U02269,1,2,0.8905211687088013,1
U02270,1,5,0.8522371053695679,1
U02271,1,3,0.7942735552787781,1
U02272,1,3,0.9937500357627869,1
U02273,1,3,0.46551311016082764,0
U02274,1,3,0.32627832889556885,0
U02275,1,1,0.804747462272644,1
U02276,1,1,0.9943341016769409,1
U02277,1,5,0.31503185629844666,0
U02278,1,4,0.14839427173137665,0
U02279,1,3,0.11155451834201813,0
U02280,1,4,0.34374743700027466,0
U02281,1,4,0.9193578362464905,1
U02282,1,2,0.32277414202690125,0
U02283,1,1,0.3934864103794098,0
U02284,1,3,0.5947210192680359,1
U02285,1,3,0.11238598823547363,0
U02286,1,5,0.9856931567192078,1
U02287,1,2,0.9975605607032776,1
U02288,1,3,0.5426185131072998,1
U02289,1,1,0.9749106764793396,1
U02290,1,3,0.7576899528503418,1
U02291,1,2,0.7117196321487427,1
U02292,1,1,0.9784337878227234,1
U02293,1,1,0.9302689433097839,1
U02294,1,3,0.9928017258644104,1
U02295,1,3,0.488280713558197,0
U02296,1,4,0.9508740901947021,1
U02297,1,2,0.9901089668273926,1
U02298,1,4,0.6386809349060059,1
U02299,1,4,0.9331831336021423,1
U02300,1,1,0.8356676697731018,1
U02301,1,5,0.21388205885887146,0
U02302,1,5,0.451320081949234,0
U02303,1,2,0.49239474534988403,0
U02304,1,3,0.2683064341545105,0
U02305,1,1,0.9153302907943726,1
U02306,1,2,0.3465188145637512,0
U02307,1,2,0.3059070110321045,0
U02308,1,5,0.9376440048217773,1
U02309,1,2,0.9289134740829468,1
U02310,1,1,0.8007941246032715,1
U02311,1,5,0.9387567043304443,1
U02312,1,3,0.6691902279853821,1
U02313,1,1,0.4710688591003418,0
U02314,1,3,0.7916024923324585,1
U02315,1,5,0.5859349966049194,1
U02316,1,3,0.9220007061958313,1
U02317,1,5,0.5375693440437317,1
U02318,1,4,0.8380844593048096,1
U02319,1,3,0.7464631795883179,1
U02320,1,3,0.2706126272678375,0
U02321,1,2,0.9445900917053223,1
U02322,1,5,0.9022361636161804,1
U02323,1,4,0.15416008234024048,0
U02324,1,3,0.9330018758773804,1
U02325,1,4,0.2521710991859436,0
U02326,1,4,0.9751580953598022,1
U02327,1,1,0.8690345287322998,1
U02328,1,2,0.3876301348209381,0
U02329,1,4,0.9143728613853455,1
U02330,1,1,0.596534013748169,1
U02331,1,1,0.9509994387626648,1
U02332,1,4,0.6613470911979675,1
U02333,1,3,0.27320596575737,0
U02334,1,2,0.9864815473556519,1
U02335,1,1,0.8697785139083862,1
U02336,1,5,0.9421907067298889,1
U02337,1,2,0.9839657545089722,1
U02338,1,3,0.4933552145957947,0
U02339,1,2,0.9555162191390991,1
U02340,1,3,0.8251988291740417,1
U02341,1,4,0.8641547560691833,1
U02342,1,2,0.9048725366592407,1
U02343,1,2,0.9703778028488159,1
U02344,1,3,0.6365954279899597,1
U02345,1,4,0.9189707040786743,1
U02346,1,3,0.9869223237037659,1
U02347,1,4,0.8331193327903748,1
U02348,1,3,0.844944179058075,1
U02349,1,5,0.9667028188705444,1
U02350,1,3,0.7641880512237549,1
U02351,1,2,0.7792011499404907,1
U02352,1,5,0.8780434727668762,1
U02353,1,2,0.950793981552124,1
U02354,1,2,0.42429348826408386,0
U02355,1,2,0.8780359625816345,1
U02356,1,3,0.162069633603096,0
U02357,1,3,0.929045557975769,1
U02358,1,3,0.9441490769386292,1
U02359,1,2,0.9507477283477783,1
U02360,1,4,0.8990061283111572,1
U02361,1,1,0.8896462321281433,1
U02362,1,2,0.29967957735061646,0
U02363,1,3,0.9096239805221558,1
U02364,1,5,0.5863866209983826,1
U02365,1,1,0.8215276002883911,1
U02366,1,2,0.9967950582504272,1
U02367,1,3,0.9810278415679932,1
U02368,1,1,0.6888279914855957,1
U02369,1,2,0.9668861627578735,1
U02370,1,4,0.43144068121910095,0
U02371,1,5,0.46122318506240845,0
U02372,1,1,0.41328006982803345,0
U02373,1,1,0.8951938152313232,1
U02374,1,5,0.3613247573375702,0
U02375,1,4,0.7855539917945862,1
U02376,1,5,0.5102850794792175,1
U02377,1,3,0.9560325741767883,1
U02378,1,1,0.9755560755729675,1
U02379,1,5,0.7762039303779602,1
U02380,1,3,0.9823052287101746,1
U02381,1,3,0.9681220054626465,1
U02382,1,3,0.9718698263168335,1
U02383,1,2,0.9854690432548523,1
U02384,1,1,0.9141438007354736,1
U02385,1,4,0.9782711267471313,1
U02386,1,5,0.5469379425048828,1
U02387,1,1,0.9362313151359558,1
U02388,1,5,0.13639484345912933,0
U02389,1,5,0.4503438472747803,0
U02390,1,2,0.9409180283546448,1
U02391,1,4,0.4534415602684021,0
U02392,1,3,0.9966476559638977,1
U02393,1,2,0.7028548717498779,1
U02394,1,5,0.987610399723053,1
U02395,1,4,0.5060413479804993,1
U02396,1,3,0.9416813254356384,1
U02397,1,3,0.9532554149627686,1
U02398,1,1,0.306113064289093,0
U02399,1,5,0.8607726097106934,1
U02400,1,3,0.6096826195716858,1
U02401,1,1,0.9895622730255127,1
U02402,1,1,0.9725257158279419,1
U02403,1,5,0.4841485917568207,0
U02404,1,4,0.7615576982498169,1
U02405,1,1,0.4575956463813782,0
U02406,1,2,0.3401714265346527,0
U02407,1,2,0.963811993598938,1
U02408,1,5,0.6365469098091125,1
U02409,1,4,0.9432961344718933,1
U02410,1,3,0.9578030705451965,1
U02411,1,5,0.8673117160797119,1
U02412,1,3,0.871021032333374,1
U02413,1,5,0.9870046377182007,1
U02414,1,1,0.35252758860588074,0
U02415,1,2,0.5514167547225952,1
U02416,1,3,0.7573010921478271,1
U02417,1,1,0.8968435525894165,1
U02418,1,3,0.14836129546165466,0
U02419,1,2,0.8832556009292603,1
U02420,1,4,0.9599065184593201,1
U02421,1,2,0.7795742750167847,1
U02422,1,3,0.5287761092185974,1
U02423,1,1,0.4540022909641266,0
U02424,1,2,0.6034146547317505,1
U02425,1,2,0.9613696336746216,1
U02426,1,2,0.993808925151825,1
U02427,1,1,0.6525917649269104,1
U02428,1,2,0.6771317720413208,1
U02429,1,3,0.9238665103912354,1
U02430,1,1,0.5663546919822693,1
U02431,1,4,0.6633177399635315,1
U02432,1,2,0.9271155595779419,1
U02433,1,4,0.6248713731765747,1
U02434,1,3,0.9389039278030396,1
U02435,1,1,0.724898099899292,1
U02436,1,5,0.987934947013855,1
U02437,1,5,0.5329485535621643,1
U02438,1,1,0.6268957257270813,1
U02439,1,5,0.88275146484375,1
U02440,1,3,0.7696784734725952,1
U02441,1,5,0.9128257632255554,1
U02442,1,5,0.732515811920166,1
U02443,1,1,0.12410451471805573,0
U02444,1,4,0.029093775898218155,0
U02445,1,2,0.9793670177459717,1
U02446,1,1,0.929364800453186,1
U02447,1,5,0.8859187364578247,1
U02448,1,3,0.7822927832603455,1
U02449,1,1,0.9417310357093811,1
U02450,1,2,0.6526787281036377,1
U02451,1,3,0.9581210017204285,1
U02452,1,5,0.2786991000175476,0
U02453,1,1,0.49085748195648193,0
U02454,1,4,0.828078031539917,1
U02455,1,1,0.6550998687744141,1
U02456,1,1,0.9758644104003906,1
U02457,1,1,0.9628931879997253,1
U02458,1,2,0.7599599361419678,1
U02459,1,5,0.9030609130859375,1
U02460,1,4,0.32172828912734985,0
U02461,1,5,0.0345647856593132,0
U02462,1,3,0.9088703393936157,1
U02463,1,5,0.7850291132926941,1
U02464,1,3,0.7533093094825745,1
U02465,1,1,0.8424386978149414,1
U02466,1,4,0.15019038319587708,0
U02467,1,2,0.9627800583839417,1
U02468,1,2,0.6899083852767944,1
U02469,1,4,0.0816410481929779,0
U02470,1,2,0.7098831534385681,1
U02471,1,2,0.4673234224319458,0
U02472,1,2,0.4102153480052948,0
U02473,1,3,0.7543017268180847,1
U02474,1,5,0.9242125153541565,1
U02475,1,2,0.9501749277114868,1
U02476,1,1,0.8294321298599243,1
U02477,1,4,0.9494832754135132,1
U02478,1,4,0.8836253881454468,1
U02479,1,1,0.7696616053581238,1
U02480,1,5,0.3510357141494751,0
U02481,1,1,0.9273279905319214,1
U02482,1,1,0.8953665494918823,1
U02483,1,4,0.6155032515525818,1
U02484,1,4,0.03745913505554199,0
U02485,1,4,0.42525359988212585,0
U02486,1,3,0.9947993755340576,1
U02487,1,4,0.7435778379440308,1
U02488,1,5,0.9733526706695557,1
U02489,1,5,0.9710627794265747,1
U02490,1,5,0.2686174511909485,0
U02491,1,1,0.8216270208358765,1
U02492,1,2,0.9897978901863098,1
U02493,1,4,0.9501921534538269,1
U02494,1,3,0.6960464119911194,1
U02495,1,5,0.5867312550544739,1
U02496,1,5,0.755108118057251,1
U02497,1,3,0.9431010484695435,1
U02498,1,1,0.9475724697113037,1
U02499,1,4,0.9801966547966003,1
U02500,1,3,0.9719218015670776,1
U02501,1,3,0.5096004009246826,1
U02502,1,1,0.06624654680490494,0
U02503,1,5,0.9472668170928955,1
U02504,1,1,0.9428797364234924,1
U02505,1,1,0.9321383833885193,1
U02506,1,4,0.9219975471496582,1
U02507,1,4,0.9733703136444092,1
U02508,1,4,0.9963310360908508,1
U02509,1,5,0.6332086324691772,1
U02510,1,4,0.47298669815063477,0
U02511,1,3,0.9480464458465576,1
U02512,1,1,0.9932621717453003,1
U02513,1,2,0.9639762043952942,1
U02514,1,2,0.6502851247787476,1
U02515,1,5,0.7698202133178711,1
U02516,1,1,0.4232367277145386,0
U02517,1,2,0.9833375215530396,1
U02518,1,3,0.9578662514686584,1
U02519,1,4,0.8733857870101929,1
U02520,1,1,0.9327186346054077,1
U02521,1,4,0.24842874705791473,0
U02522,1,4,0.9515794515609741,1
U02523,1,4,0.8939163684844971,1
U02524,1,5,0.22017428278923035,0
U02525,1,4,0.5444167256355286,1
U02526,1,5,0.5444509387016296,1
U02527,1,4,0.9800341129302979,1
U02528,1,1,0.5025655031204224,1
U02529,1,2,0.65614914894104,1
U02530,1,5,0.094286248087883,0
U02531,1,3,0.9444707036018372,1
U02532,1,4,0.8012245893478394,1
U02533,1,1,0.7953990697860718,1
U02534,1,5,0.8375838994979858,1
U02535,1,2,0.9802773594856262,1
U02536,1,1,0.8904361128807068,1
U02537,1,4,0.9397509098052979,1
U02538,1,2,0.9552222490310669,1
U02539,1,4,0.9867468476295471,1
U02540,1,3,0.8652103543281555,1
U02541,1,4,0.43114691972732544,0
U02542,1,1,0.9951651692390442,1
U02543,1,5,0.8478323221206665,1
U02544,1,3,0.4216134548187256,0
U02545,1,5,0.5569379329681396,1
U02546,1,2,0.8110752105712891,1
U02547,1,3,0.9805507659912109,1
U02548,1,5,0.7388295531272888,1
U02549,1,3,0.8485783338546753,1
U02550,1,1,0.9648788571357727,1
U02551,1,4,0.317631334066391,0
U02552,1,1,0.9638676047325134,1
U02553,1,2,0.9764178991317749,1
U02554,1,1,0.9630271196365356,1
U02555,1,3,0.9687660336494446,1
U02556,1,1,0.9527169466018677,1
U02557,1,2,0.6748999357223511,1
U02558,1,1,0.9817609786987305,1
U02559,1,5,0.24486437439918518,0
U02560,1,1,0.9300696849822998,1
U02561,1,3,0.04579367861151695,0
U02562,1,4,0.6452455520629883,1
U02563,1,1,0.6822903752326965,1
U02564,1,4,0.32276204228401184,0
U02565,1,5,0.19308975338935852,0
U02566,1,3,0.8580917119979858,1
U02567,1,3,0.8787891864776611,1
U02568,1,2,0.9915714859962463,1
U02569,1,3,0.6186172962188721,1
U02570,1,5,0.541447639465332,1
U02571,1,4,0.5717577934265137,1
U02572,1,4,0.9836392998695374,1
U02573,1,3,0.17489202320575714,0
U02574,1,3,0.9646173119544983,1
U02575,1,2,0.8919245004653931,1
U02576,1,2,0.8311557769775391,1
U02577,1,3,0.7101636528968811,1
U02578,1,1,0.9881525039672852,1
U02579,1,3,0.9611556529998779,1
U02580,1,5,0.7619904279708862,1
U02581,1,3,0.9500144124031067,1
U02582,1,1,0.8448573350906372,1
U02583,1,5,0.9524567127227783,1
U02584,1,1,0.9376717209815979,1
U02585,1,1,0.9084416627883911,1
U02586,1,4,0.9521932601928711,1
U02587,1,5,0.9403392672538757,1
U02588,1,4,0.9606117606163025,1
U02589,1,1,0.9620387554168701,1
U02590,1,5,0.9502244591712952,1
U02591,1,5,0.9681074619293213,1
U02592,1,4,0.9806517362594604,1
U02593,1,4,0.9971956610679626,1
U02594,1,5,0.41798555850982666,0
U02595,1,5,0.904344379901886,1
U02596,1,1,0.9724934697151184,1
U02597,1,4,0.9638071656227112,1
U02598,1,2,0.9880562424659729,1
U02599,1,3,0.2073560357093811,0
U02600,1,3,0.9891822338104248,1
U02601,1,5,0.7495564818382263,1
U02602,1,5,0.8492546677589417,1
U02603,1,4,0.8782782554626465,1
U02604,1,5,0.6482634544372559,1
U02605,1,3,0.9132866263389587,1
U02606,1,2,0.9022523760795593,1
U02607,1,1,0.5439757108688354,1
U02608,1,2,0.8152859210968018,1
U02609,1,3,0.749362051486969,1
U02610,1,5,0.9879523515701294,1
U02611,1,4,0.3709578216075897,0
U02612,1,2,0.8026801347732544,1
U02613,1,2,0.9591481685638428,1
U02614,1,3,0.07757344096899033,0
U02615,1,3,0.7644517421722412,1
U02616,1,2,0.10523936152458191,0
U02617,1,1,0.8742210268974304,1
U02618,1,3,0.994450569152832,1
U02619,1,5,0.1793697625398636,0
U02620,1,3,0.9110862612724304,1
U02621,1,5,0.5187529921531677,1
U02622,1,1,0.7840656638145447,1
U02623,1,1,0.9796221256256104,1
U02624,1,4,0.3646355867385864,0
U02625,1,3,0.7851313352584839,1
U02626,1,1,0.7063509225845337,1
U02627,1,3,0.9726748466491699,1
U02628,1,1,0.8467762470245361,1
U02629,1,3,0.9690471291542053,1
U02630,1,1,0.8015718460083008,1
U02631,1,2,0.8302747011184692,1
U02632,1,1,0.9516061544418335,1
U02633,1,1,0.9526036381721497,1
U02634,1,4,0.9122029542922974,1
U02635,1,2,0.9736775159835815,1
U02636,1,4,0.9934350252151489,1
U02637,1,2,0.9967992305755615,1
U02638,1,3,0.7155241370201111,1
U02639,1,5,0.38804012537002563,0
U02640,1,4,0.8192343711853027,1
U02641,1,2,0.9787883758544922,1
U02642,1,4,0.9049034118652344,1
U02643,1,3,0.7229400277137756,1
U02644,1,3,0.4655209183692932,0
U02645,1,1,0.9478582143783569,1
U02646,1,1,0.7200583219528198,1
U02647,1,5,0.35497957468032837,0
U02648,1,3,0.9856711626052856,1
U02649,1,2,0.9843724966049194,1
U02650,1,4,0.8796430230140686,1
U02651,1,3,0.9482712745666504,1
U02652,1,3,0.981273889541626,1
U02653,1,4,0.9642702341079712,1
U02654,1,1,0.8570472598075867,1
U02655,1,5,0.6175345778465271,1
U02656,1,1,0.9571983814239502,1
U02657,1,1,0.9520381689071655,1
U02658,1,1,0.02115514874458313,0
U02659,1,5,0.2871694564819336,0
U02660,1,3,0.8698198795318604,1
U02661,1,2,0.7409356832504272,1
U02662,1,1,0.3717263638973236,0
U02663,1,2,0.9594916105270386,1
U02664,1,1,0.9803546071052551,1
U02665,1,1,0.9705047607421875,1
U02666,1,1,0.9901461601257324,1
U02667,1,1,0.5581667423248291,1
U02668,1,5,0.5494974851608276,1
U02669,1,5,0.9158364534378052,1
U02670,1,3,0.8216210603713989,1
U02671,1,3,0.9444544911384583,1
U02672,1,3,0.8348647356033325,1
U02673,1,3,0.8126960396766663,1
U02674,1,2,0.7116376161575317,1
U02675,1,3,0.8495837450027466,1
U02676,1,2,0.9051947593688965,1
U02677,1,5,0.7605645060539246,1
U02678,1,1,0.5047411918640137,1
U02679,1,4,0.5641077756881714,1
U02680,1,3,0.09945593774318695,0
U02681,1,4,0.9378311038017273,1
U02682,1,1,0.8155438899993896,1
U02683,1,2,0.5778663754463196,1
U02684,1,2,0.9396849870681763,1
U02685,1,4,0.37109261751174927,0
U02686,1,4,0.8753414750099182,1
U02687,1,5,0.9727448225021362,1
U02688,1,3,0.7828872799873352,1
U02689,1,4,0.9857581853866577,1
U02690,1,1,0.968000054359436,1
U02691,1,1,0.9455868005752563,1
U02692,1,3,0.9865445494651794,1
U02693,1,3,0.8046646118164062,1
U02694,1,2,0.08632291108369827,0
U02695,1,5,0.9720714092254639,1
U02696,1,2,0.9813433885574341,1
U02697,1,5,0.26853474974632263,0
U02698,1,4,0.1309928447008133,0
U02699,1,5,0.8312453627586365,1
U02700,1,3,0.8949145078659058,1
U02701,1,4,0.9394972324371338,1
U02702,1,1,0.9483534693717957,1
U02703,1,1,0.32113200426101685,0
U02704,1,2,0.7982324361801147,1
U02705,1,4,0.7654820680618286,1
U02706,1,5,0.8818683624267578,1
U02707,1,4,0.9803624749183655,1
U02708,1,1,0.8207714557647705,1
U02709,1,1,0.6528403162956238,1
U02710,1,1,0.9931845664978027,1
U02711,1,3,0.9808261394500732,1
U02712,1,1,0.9375737309455872,1
U02713,1,4,0.9782364964485168,1
U02714,1,5,0.9795724749565125,1
U02715,1,3,0.7906132936477661,1
U02716,1,5,0.9516374468803406,1
U02717,1,4,0.596777617931366,1
U02718,1,4,0.8759639263153076,1
U02719,1,4,0.22259804606437683,0
U02720,1,2,0.5913417339324951,1
U02721,1,4,0.5903768539428711,1
U02722,1,3,0.8342583775520325,1
U02723,1,2,0.7831299901008606,1
U02724,1,1,0.9786235094070435,1
U02725,1,3,0.9945236444473267,1
U02726,1,5,0.9930442571640015,1
U02727,1,4,0.5019400119781494,1
U02728,1,1,0.8353816866874695,1
U02729,1,3,0.5920320749282837,1
U02730,1,5,0.036514103412628174,0
U02731,1,3,0.9952446222305298,1
U02732,1,2,0.644655704498291,1
U02733,1,2,0.9044823050498962,1
U02734,1,4,0.9963647723197937,1
U02735,1,2,0.8726674318313599,1
U02736,1,5,0.556571900844574,1
U02737,1,3,0.9073556661605835,1
U02738,1,5,0.4225984215736389,0
U02739,1,3,0.9616691470146179,1
U02740,1,2,0.38906270265579224,0
U02741,1,4,0.14748907089233398,0
U02742,1,4,0.977387547492981,1
U02743,1,4,0.8910287022590637,1
U02744,1,4,0.5838277339935303,1
U02745,1,5,0.4624297618865967,0
U02746,1,3,0.9955378770828247,1
U02747,1,5,0.9730743765830994,1
U02748,1,1,0.6601147055625916,1
U02749,1,3,0.8119451403617859,1
U02750,1,1,0.7354905009269714,1
U02751,1,2,0.39397892355918884,0
U02752,1,5,0.3235037624835968,0
U02753,1,5,0.9782353043556213,1
U02754,1,2,0.4097679555416107,0
U02755,1,1,0.9542911052703857,1
U02756,1,4,0.8912476301193237,1
U02757,1,5,0.06601999700069427,0
U02758,1,5,0.862775444984436,1
U02759,1,4,0.9651280641555786,1
U02760,1,1,0.5282884240150452,1
U02761,1,5,0.3499685525894165,0
U02762,1,1,0.6404399275779724,1
U02763,1,4,0.18394681811332703,0
U02764,1,3,0.9977322816848755,1
U02765,1,2,0.8887631297111511,1
U02766,1,2,0.8648527264595032,1
U02767,1,3,0.9392676949501038,1
U02768,1,2,0.15065479278564453,0
U02769,1,2,0.9637545347213745,1
U02770,1,2,0.7985014319419861,1
U02771,1,4,0.7201477289199829,1
U02772,1,3,0.9598735570907593,1
U02773,1,1,0.8431597948074341,1
U02774,1,1,0.23638074100017548,0
U02775,1,1,0.9014955163002014,1
U02776,1,5,0.4273596704006195,0
U02777,1,3,0.4954482316970825,0
U02778,1,2,0.7682624459266663,1
U02779,1,2,0.8062478303909302,1
U02780,1,4,0.7802348136901855,1
U02781,1,4,0.4135249853134155,0
U02782,1,5,0.9135935306549072,1
U02783,1,4,0.36535918712615967,0
U02784,1,5,0.5256690382957458,1
U02785,1,1,0.9544599652290344,1
U02786,1,2,0.9595301747322083,1
U02787,1,1,0.9208675622940063,1
U02788,1,2,0.900223433971405,1
U02789,1,2,0.8126066327095032,1
U02790,1,1,0.8933257460594177,1
U02791,1,2,0.5676022171974182,1
U02792,1,1,0.9596866369247437,1
U02793,1,3,0.7478681206703186,1
U02794,1,2,0.7121397852897644,1
U02795,1,5,0.9795198440551758,1
U02796,1,5,0.13089697062969208,0
U02797,1,4,0.9845181107521057,1
U02798,1,1,0.876383900642395,1
U02799,1,4,0.10080402344465256,0
U02800,1,5,0.23093459010124207,0
U02801,1,2,0.8422104120254517,1
U02802,1,2,0.9068623781204224,1
U02803,1,1,0.2597544193267822,0
U02804,1,2,0.07152757793664932,0
U02805,1,5,0.8493407368659973,1
U02806,1,3,0.9047214984893799,1
U02807,1,4,0.9364817142486572,1
U02808,1,5,0.850573718547821,1
U02809,1,4,0.38102808594703674,0
U02810,1,2,0.9279620051383972,1
U02811,1,5,0.977971613407135,1
U02812,1,4,0.32433027029037476,0
U02813,1,4,0.8945562839508057,1
U02814,1,3,0.8381856679916382,1
U02815,1,5,0.7098812460899353,1
U02816,1,5,0.503223717212677,1
U02817,1,3,0.8732342720031738,1
U02818,1,5,0.9976897239685059,1
U02819,1,2,0.2020353376865387,0
U02820,1,2,0.9711103439331055,1
U02821,1,3,0.45337942242622375,0
U02822,1,3,0.7463939785957336,1
U02823,1,5,0.9944798350334167,1
U02824,1,3,0.5242276191711426,1
U02825,1,2,0.8393682241439819,1
U02826,1,1,0.9181321859359741,1
U02827,1,4,0.6402602195739746,1
U02828,1,5,0.8052712678909302,1
U02829,1,5,0.1914547085762024,0
U02830,1,5,0.2519083619117737,0
U02831,1,2,0.7472368478775024,1
U02832,1,2,0.07267735153436661,0
U02833,1,5,0.6098399758338928,1
U02834,1,4,0.8461905717849731,1
U02835,1,4,0.9404608011245728,1
U02836,1,3,0.9148358106613159,1
U02837,1,1,0.7159183621406555,1
U02838,1,5,0.8930872082710266,1
U02839,1,2,0.9887641668319702,1
U02840,1,2,0.9506719708442688,1
U02841,1,1,0.5372133255004883,1
U02842,1,3,0.7017620801925659,1
U02843,1,1,0.914824903011322,1
U02844,1,3,0.858965277671814,1
U02845,1,3,0.9716242551803589,1
U02846,1,3,0.2995375394821167,0
U02847,1,3,0.8260161876678467,1
U02848,1,2,0.6639308929443359,1
U02849,1,3,0.9399453997612,1
U02850,1,5,0.8791072368621826,1
U02851,1,4,0.9348612427711487,1
U02852,1,2,0.8239684104919434,1
U02853,1,4,0.9933549165725708,1
U02854,1,2,0.9437252283096313,1
U02855,1,1,0.739905595779419,1
U02856,1,3,0.7872704863548279,1
U02857,1,3,0.8803065419197083,1
U02858,1,1,0.9287476539611816,1
U02859,1,4,0.7256186008453369,1
U02860,1,1,0.9265268445014954,1
U02861,1,1,0.8001004457473755,1
U02862,1,4,0.26124879717826843,0
U02863,1,4,0.3495076596736908,0
U02864,1,5,0.9686908721923828,1
U02865,1,2,0.9536815881729126,1
U02866,1,2,0.9531914591789246,1
U02867,1,5,0.9636907577514648,1
U02868,1,3,0.9779437184333801,1
U02869,1,4,0.9910073280334473,1
U02870,1,5,0.9624340534210205,1
U02871,1,2,0.4191322326660156,0
U02872,1,5,0.4105519652366638,0
U02873,1,4,0.9917556643486023,1
U02874,1,3,0.9784030318260193,1
U02875,1,2,0.766810417175293,1
U02876,1,4,0.6103939414024353,1
U02877,1,1,0.8930931091308594,1
U02878,1,3,0.9900441765785217,1
U02879,1,2,0.9263555407524109,1
U02880,1,3,0.7968083620071411,1
U02881,1,4,0.8285096287727356,1
U02882,1,4,0.9122265577316284,1
U02883,1,3,0.9673812389373779,1
U02884,1,5,0.9288306832313538,1
U02885,1,1,0.6697028875350952,1
U02886,1,1,0.9205524921417236,1
U02887,1,5,0.9855738878250122,1
U02888,1,4,0.7833191156387329,1
U02889,1,3,0.9306659698486328,1
U02890,1,3,0.7166982889175415,1
U02891,1,4,0.6380840539932251,1
U02892,1,2,0.9791834354400635,1
U02893,1,5,0.3777215778827667,0
U02894,1,1,0.5624596476554871,1
U02895,1,1,0.9367568492889404,1
U02896,1,3,0.9467635750770569,1
U02897,1,5,0.8190948963165283,1
U02898,1,5,0.8198285102844238,1
U02899,1,4,0.8154174089431763,1
U02900,1,5,0.905288815498352,1
U02901,1,5,0.8624136447906494,1
U02902,1,5,0.7480091452598572,1
U02903,1,4,0.9653769135475159,1
U02904,1,1,0.8737665414810181,1
U02905,1,5,0.8927525877952576,1
U02906,1,4,0.9800748229026794,1
U02907,1,4,0.9542816877365112,1
U02908,1,3,0.9732555747032166,1
U02909,1,5,0.7941255569458008,1
U02910,1,2,0.980513870716095,1
U02911,1,3,0.9590641260147095,1
U02912,1,2,0.3302350640296936,0
U02913,1,5,0.790005624294281,1
U02914,1,2,0.9172123670578003,1
U02915,1,3,0.7340364456176758,1
U02916,1,1,0.47251445055007935,0
U02917,1,4,0.9932962656021118,1
U02918,1,4,0.8835645914077759,1
U02919,1,3,0.9910425543785095,1
U02920,1,4,0.7525081634521484,1
U02921,1,1,0.9183896780014038,1
U02922,1,2,0.9016968607902527,1
U02923,1,2,0.8525091409683228,1
U02924,1,2,0.9705291986465454,1
U02925,1,4,0.14794179797172546,0
U02926,1,3,0.4360702633857727,0
U02927,1,2,0.5526762008666992,1
U02928,1,4,0.8930786848068237,1
U02929,1,2,0.9533355236053467,1
U02930,1,2,0.11435394734144211,0
U02931,1,3,0.672123908996582,1
U02932,1,4,0.7881210446357727,1
U02933,1,2,0.9727407693862915,1
U02934,1,2,0.9665985107421875,1
U02935,1,3,0.8169946670532227,1
U02936,1,2,0.6042869091033936,1
U02937,1,4,0.7409530282020569,1
U02938,1,1,0.8668088912963867,1
U02939,1,3,0.9173868894577026,1
U02940,1,3,0.8595216274261475,1
U02941,1,1,0.9913015365600586,1
U02942,1,1,0.9868593215942383,1
U02943,1,4,0.8886602520942688,1
U02944,1,4,0.9569371938705444,1
U02945,1,3,0.5459240674972534,1
U02946,1,2,0.4951610267162323,0
U02947,1,4,0.9064015746116638,1
U02948,1,3,0.6378621459007263,1
U02949,1,1,0.9294782876968384,1
U02950,1,1,0.2596677541732788,0
U02951,1,5,0.7736316323280334,1
U02952,1,3,0.8638540506362915,1
U02953,1,2,0.848352313041687,1
U02954,1,4,0.6916819214820862,1
U02955,1,4,0.6802809238433838,1
U02956,1,5,0.7810726165771484,1
U02957,1,3,0.9578220844268799,1
U02958,1,1,0.8145025968551636,1
U02959,1,5,0.5300402641296387,1
U02960,1,5,0.20616915822029114,0
U02961,1,3,0.47745510935783386,0
U02962,1,1,0.9763731956481934,1
U02963,1,4,0.976811945438385,1
U02964,1,5,0.9574525356292725,1
U02965,1,5,0.9881564974784851,1
U02966,1,3,0.6705291867256165,1
U02967,1,5,0.7323865294456482,1
U02968,1,4,0.9677984118461609,1
U02969,1,3,0.8408403992652893,1
U02970,1,4,0.9229070544242859,1
U02971,1,1,0.9808520078659058,1
U02972,1,2,0.7500448822975159,1
U02973,1,4,0.9280263781547546,1
U02974,1,3,0.9855018258094788,1
U02975,1,1,0.7316703796386719,1
U02976,1,3,0.859138011932373,1
U02977,1,3,0.20548634231090546,0
U02978,1,5,0.9770103693008423,1
U02979,1,1,0.9095728397369385,1
U02980,1,3,0.8957590460777283,1
U02981,1,1,0.08256365358829498,0
U02982,1,3,0.6963269114494324,1
U02983,1,4,0.9573174118995667,1
U02984,1,2,0.9733079671859741,1
U02985,1,5,0.5051103234291077,1
U02986,1,4,0.9663196802139282,1
U02987,1,3,0.9774502515792847,1
U02988,1,4,0.520233154296875,1
U02989,1,5,0.8212414979934692,1
U02990,1,3,0.9937982559204102,1
U02991,1,3,0.985136866569519,1
U02992,1,2,0.6054278016090393,1
U02993,1,5,0.8361395597457886,1
U02994,1,3,0.9626944661140442,1
U02995,1,4,0.7429589033126831,1
U02996,1,3,0.9308719038963318,1
U02997,1,5,0.802380383014679,1
U02998,1,4,0.9529951214790344,1
U02999,1,1,0.9555802345275879,1
U03000,1,5,0.6765578985214233,1
U03001,1,5,0.5658148527145386,1
U03002,1,5,0.9806250333786011,1
U03003,1,2,0.77483069896698,1
U03004,1,3,0.9891283512115479,1
U03005,1,3,0.43666207790374756,0
U03006,1,2,0.9294918775558472,1
U03007,1,5,0.2480195015668869,0
U03008,1,1,0.9368487596511841,1
U03009,1,4,0.9929763674736023,1
U03010,1,2,0.909292459487915,1
U03011,1,4,0.9836870431900024,1
U03012,1,3,0.7803704142570496,1
U03013,1,5,0.8284679651260376,1
U03014,1,4,0.8299969434738159,1
U03015,1,1,0.9636398553848267,1
U03016,1,3,0.9935062527656555,1
U03017,1,1,0.40859270095825195,0
U03018,1,3,0.41628286242485046,0
U03019,1,3,0.9624118208885193,1
U03020,1,2,0.9941303730010986,1
U03021,1,1,0.8004590272903442,1
U03022,1,3,0.9648613929748535,1
U03023,1,4,0.6381244659423828,1
U03024,1,2,0.7648416757583618,1
U03025,1,4,0.43113166093826294,0
U03026,1,2,0.9179890155792236,1
U03027,1,1,0.8175665140151978,1
U03028,1,5,0.049924664199352264,0
U03029,1,2,0.7185507416725159,1
U03030,1,2,0.10843104869127274,0
U03031,1,1,0.06607559323310852,0
U03032,1,3,0.9012065529823303,1
U03033,1,4,0.9922199845314026,1
U03034,1,4,0.9172294735908508,1
U03035,1,3,0.7064470052719116,1
U03036,1,3,0.856566846370697,1
U03037,1,3,0.6384738683700562,1
U03038,1,4,0.06215852499008179,0
U03039,1,1,0.7665814161300659,1
U03040,1,1,0.9529053568840027,1
U03041,1,2,0.8777635097503662,1
U03042,1,1,0.749244213104248,1
U03043,1,5,0.9570859670639038,1
U03044,1,3,0.984755277633667,1
U03045,1,4,0.9843763113021851,1
U03046,1,1,0.955880343914032,1
U03047,1,3,0.9883463382720947,1
U03048,1,2,0.8293972611427307,1
U03049,1,4,0.9555052518844604,1
U03050,1,5,0.7172999978065491,1
U03051,1,3,0.9200717210769653,1
U03052,1,1,0.7134491801261902,1
U03053,1,5,0.3529568612575531,0
U03054,1,5,0.17291203141212463,0
U03055,1,1,0.7493102550506592,1
U03056,1,2,0.9254962205886841,1
U03057,1,5,0.9930701851844788,1
U03058,1,3,0.07124613225460052,0
U03059,1,4,0.8416277170181274,1
U03060,1,5,0.8548732995986938,1
U03061,1,3,0.9939863681793213,1
U03062,1,4,0.2649843990802765,0
U03063,1,4,0.14225289225578308,0
U03064,1,5,0.5650655031204224,1
U03065,1,4,0.9500288963317871,1
U03066,1,1,0.9199520349502563,1
U03067,1,3,0.9251276254653931,1
U03068,1,5,0.6632091999053955,1
U03069,1,2,0.9790568351745605,1
U03070,1,3,0.9886445999145508,1
U03071,1,3,0.8849226832389832,1
U03072,1,2,0.9699258804321289,1
U03073,1,4,0.8733507394790649,1
U03074,1,4,0.9910476803779602,1
U03075,1,1,0.986415684223175,1
U03076,1,4,0.8623594641685486,1
U03077,1,4,0.9589597582817078,1
U03078,1,1,0.8951018452644348,1
U03079,1,3,0.9626168012619019,1
U03080,1,4,0.8131586313247681,1
U03081,1,3,0.9431908130645752,1
U03082,1,3,0.8951244354248047,1
U03083,1,3,0.981208086013794,1
U03084,1,3,0.94329833984375,1
U03085,1,5,0.7450021505355835,1
U03086,1,2,0.16526931524276733,0
U03087,1,3,0.867843508720398,1
U03088,1,2,0.9898576736450195,1
U03089,1,1,0.8345264196395874,1
U03090,1,1,0.501080334186554,1
U03091,1,2,0.9840200543403625,1
U03092,1,1,0.9876598119735718,1
U03093,1,5,0.7954318523406982,1
U03094,1,2,0.6902811527252197,1
U03095,1,3,0.9561501741409302,1
U03096,1,1,0.7792525887489319,1
U03097,1,5,0.5537994503974915,1
U03098,1,2,0.6335272789001465,1
U03099,1,1,0.8957446217536926,1
U03100,1,2,0.6211760640144348,1
U03101,1,3,0.9831270575523376,1
U03102,1,2,0.9787620306015015,1
U03103,1,5,0.6530154943466187,1
U03104,1,5,0.5767393112182617,1
U03105,1,2,0.12912319600582123,0
U03106,1,1,0.913791835308075,1
U03107,1,1,0.9700244069099426,1
U03108,1,2,0.9616414904594421,1
U03109,1,4,0.9614410400390625,1
U03110,1,1,0.7319005131721497,1
U03111,1,5,0.12334106117486954,0
U03112,1,3,0.9832651615142822,1
U03113,1,5,0.5623445510864258,1
U03114,1,5,0.6222991943359375,1
U03115,1,4,0.9471362829208374,1
U03116,1,2,0.9936147928237915,1
U03117,1,3,0.3284837603569031,0
U03118,1,3,0.6860403418540955,1
U03119,1,3,0.8011747002601624,1
U03120,1,4,0.05076687037944794,0
U03121,1,4,0.9590627551078796,1
U03122,1,3,0.8164191246032715,1
U03123,1,3,0.5657801628112793,1
U03124,1,4,0.6598495841026306,1
U03125,1,3,0.9804192185401917,1
U03126,1,1,0.8334011435508728,1
U03127,1,5,0.754220724105835,1
U03128,1,3,0.5055401921272278,1
U03129,1,3,0.9822973012924194,1
U03130,1,3,0.700329065322876,1
U03131,1,5,0.9177960753440857,1
U03132,1,1,0.9705073833465576,1
U03133,1,5,0.7961525917053223,1
U03134,1,3,0.9730713963508606,1
U03135,1,5,0.018978867679834366,0
U03136,1,1,0.4460618197917938,0
U03137,1,2,0.7430043816566467,1
U03138,1,1,0.9280577898025513,1
U03139,1,3,0.2354041188955307,0
U03140,1,3,0.5359475016593933,1
U03141,1,4,0.9013134241104126,1
U03142,1,2,0.9425643682479858,1
U03143,1,5,0.7984943985939026,1
U03144,1,4,0.5802013278007507,1
U03145,1,5,0.527846097946167,1
U03146,1,3,0.3425735831260681,0
U03147,1,1,0.11746366322040558,0
U03148,1,5,0.8706182837486267,1
U03149,1,2,0.4522147476673126,0
U03150,1,4,0.967169463634491,1
U03151,1,1,0.9659714698791504,1
U03152,1,1,0.9908441305160522,1
U03153,1,4,0.1848638653755188,0
U03154,1,4,0.9632887840270996,1
U03155,1,5,0.9910728335380554,1
U03156,1,1,0.32702651619911194,0
U03157,1,4,0.5273879766464233,1
U03158,1,1,0.9598245024681091,1
U03159,1,1,0.6840783953666687,1
U03160,1,5,0.8207456469535828,1
U03161,1,5,0.8585129380226135,1
U03162,1,3,0.944768488407135,1
U03163,1,1,0.9685885906219482,1
U03164,1,3,0.9736424088478088,1
U03165,1,5,0.6830537915229797,1
U03166,1,5,0.3376230001449585,0
U03167,1,2,0.8829626441001892,1
U03168,1,3,0.8413375616073608,1
U03169,1,5,0.3549669682979584,0
U03170,1,3,0.8931862711906433,1
U03171,1,1,0.8291854858398438,1
U03172,1,2,0.7607496976852417,1
U03173,1,4,0.7771990299224854,1
U03174,1,1,0.5675698518753052,1
U03175,1,3,0.6347294449806213,1
U03176,1,2,0.9851329922676086,1
U03177,1,3,0.8718007206916809,1
U03178,1,5,0.43742719292640686,0
U03179,1,1,0.9485635161399841,1
U03180,1,5,0.9571085572242737,1
U03181,1,3,0.955807089805603,1
U03182,1,5,0.933687686920166,1
U03183,1,2,0.21201461553573608,0
U03184,1,4,0.9812561869621277,1
U03185,1,4,0.4411078691482544,0
U03186,1,1,0.5533283352851868,1
U03187,1,4,0.9787419438362122,1
U03188,1,2,0.6848354339599609,1
U03189,1,1,0.973770022392273,1
U03190,1,3,0.9695079922676086,1
U03191,1,2,0.5592821836471558,1
U03192,1,3,0.6942392587661743,1
U03193,1,3,0.3405899107456207,0
U03194,1,2,0.9810177087783813,1
U03195,1,1,0.9837393760681152,1
U03196,1,4,0.9527562260627747,1
U03197,1,5,0.8106376528739929,1
U03198,1,3,0.9926583766937256,1
U03199,1,3,0.658158540725708,1
U03200,1,2,0.9943721294403076,1
U03201,1,3,0.8588200807571411,1
U03202,1,5,0.966039776802063,1
U03203,1,2,0.6591996550559998,1
U03204,1,5,0.894206166267395,1
U03205,1,3,0.9949849843978882,1
U03206,1,3,0.4475518465042114,0
U03207,1,1,0.9887174367904663,1
U03208,1,1,0.9230020642280579,1
U03209,1,3,0.7122842669487,1
U03210,1,5,0.6221410632133484,1
U03211,1,2,0.9571088552474976,1
U03212,1,2,0.9133143424987793,1
U03213,1,2,0.9589073657989502,1
U03214,1,3,0.5452439785003662,1
U03215,1,5,0.934156060218811,1
U03216,1,4,0.9212288856506348,1
U03217,1,5,0.9352990984916687,1
U03218,1,1,0.6684155464172363,1
U03219,1,3,0.9424340724945068,1
U03220,1,5,0.9902711510658264,1
U03221,1,2,0.6845468282699585,1
U03222,1,2,0.9880650043487549,1
U03223,1,5,0.7395246028900146,1
U03224,1,4,0.9941955804824829,1
U03225,1,5,0.4594195485115051,0
U03226,1,2,0.846503734588623,1
U03227,1,3,0.4108866751194,0
U03228,1,3,0.06165934354066849,0
U03229,1,1,0.9494150876998901,1
U03230,1,2,0.9918910264968872,1
U03231,1,5,0.985529899597168,1
U03232,1,2,0.9528158903121948,1
U03233,1,2,0.06715656816959381,0
U03234,1,4,0.9569785594940186,1
U03235,1,3,0.9161607623100281,1
U03236,1,1,0.894844114780426,1
U03237,1,1,0.6989753842353821,1
U03238,1,1,0.975382924079895,1
U03239,1,3,0.39959776401519775,0
U03240,1,1,0.9630330801010132,1
U03241,1,1,0.08735223114490509,0
U03242,1,3,0.570276141166687,1
U03243,1,1,0.8565824627876282,1
U03244,1,3,0.5030530691146851,1
U03245,1,2,0.9953921437263489,1
U03246,1,1,0.7934210300445557,1
U03247,1,5,0.9269101619720459,1
U03248,1,3,0.940508246421814,1
U03249,1,2,0.41990625858306885,0
U03250,1,3,0.7885689735412598,1
U03251,1,4,0.67106693983078,1
U03252,1,2,0.0711803212761879,0
U03253,1,2,0.9858814477920532,1
U03254,1,2,0.8609926104545593,1
U03255,1,3,0.9584068059921265,1
U03256,1,2,0.6129199266433716,1
U03257,1,5,0.9835547208786011,1
U03258,1,4,0.4006539583206177,0
U03259,1,3,0.966780424118042,1
U03260,1,1,0.9507291316986084,1
U03261,1,3,0.8929232954978943,1
U03262,1,2,0.8650189638137817,1
U03263,1,1,0.8735226988792419,1
U03264,1,4,0.0982896089553833,0
U03265,1,2,0.9477038383483887,1
U03266,1,4,0.6519269943237305,1
U03267,1,1,0.847777247428894,1
U03268,1,2,0.1123223751783371,0
U03269,1,1,0.9886520504951477,1
U03270,1,4,0.9043391346931458,1
U03271,1,1,0.9623712301254272,1
U03272,1,4,0.9529978036880493,1
U03273,1,1,0.9850015044212341,1
U03274,1,2,0.7959728240966797,1
U03275,1,3,0.23114866018295288,0
U03276,1,1,0.911607027053833,1
U03277,1,3,0.9856765270233154,1
U03278,1,1,0.9429847598075867,1
U03279,1,5,0.8186043500900269,1
U03280,1,5,0.9620369672775269,1
U03281,1,1,0.9228140115737915,1
U03282,1,3,0.8922752141952515,1
U03283,1,3,0.748979926109314,1
U03284,1,2,0.12034036219120026,0
U03285,1,4,0.8580299615859985,1
U03286,1,1,0.9893829226493835,1
U03287,1,4,0.9346965551376343,1
U03288,1,3,0.869544506072998,1
U03289,1,4,0.9937238693237305,1
U03290,1,2,0.7982867956161499,1
U03291,1,1,0.15377238392829895,0
U03292,1,4,0.7989773750305176,1
U03293,1,4,0.915188729763031,1
U03294,1,4,0.9710958003997803,1
U03295,1,3,0.8683398962020874,1
U03296,1,3,0.9798902273178101,1
U03297,1,4,0.9195653796195984,1
U03298,1,5,0.13058991730213165,0
U03299,1,4,0.9860444068908691,1
U03300,1,1,0.5896228551864624,1
U03301,1,1,0.7948213815689087,1
U03302,1,3,0.9435926675796509,1
U03303,1,5,0.903749406337738,1
U03304,1,3,0.8992767333984375,1
U03305,1,1,0.9577979445457458,1
U03306,1,4,0.5996148586273193,1
U03307,1,5,0.30413150787353516,0
U03308,1,5,0.8712745904922485,1
U03309,1,1,0.94095778465271,1
U03310,1,1,0.8486260175704956,1
U03311,1,1,0.9846805334091187,1
U03312,1,3,0.4842088520526886,0
U03313,1,2,0.39598217606544495,0
U03314,1,2,0.9285953640937805,1
U03315,1,4,0.21740224957466125,0
U03316,1,5,0.58709716796875,1
U03317,1,4,0.748785674571991,1
U03318,1,2,0.6000583171844482,1
U03319,1,4,0.6622336506843567,1
U03320,1,2,0.918950080871582,1
U03321,1,2,0.31049224734306335,0
U03322,1,2,0.10460394620895386,0
U03323,1,4,0.9301137924194336,1
U03324,1,2,0.9814367890357971,1
U03325,1,1,0.7130103707313538,1
U03326,1,4,0.9748134016990662,1
U03327,1,2,0.4075968265533447,0
U03328,1,2,0.395649790763855,0
U03329,1,3,0.9310855865478516,1
U03330,1,1,0.890713632106781,1
U03331,1,1,0.9663602113723755,1
U03332,1,5,0.8418359756469727,1
U03333,1,2,0.7011768221855164,1
U03334,1,4,0.697962760925293,1
U03335,1,3,0.9899563789367676,1
U03336,1,2,0.928283154964447,1
U03337,1,5,0.05655067414045334,0
U03338,1,4,0.9900742769241333,1
U03339,1,4,0.6345424652099609,1
U03340,1,4,0.9411890506744385,1
U03341,1,1,0.9542726874351501,1
U03342,1,2,0.3463013470172882,0
U03343,1,1,0.9010069370269775,1
U03344,1,5,0.14202865958213806,0
U03345,1,5,0.6065995693206787,1
U03346,1,5,0.2853328287601471,0
U03347,1,3,0.37800753116607666,0
U03348,1,3,0.96961510181427,1
U03349,1,2,0.6750488877296448,1
U03350,1,1,0.9539408683776855,1
U03351,1,4,0.7841615080833435,1
U03352,1,1,0.9472725987434387,1
U03353,1,2,0.5431649684906006,1
U03354,1,3,0.9750133752822876,1
U03355,1,3,0.3649757504463196,0
U03356,1,5,0.6897249221801758,1
U03357,1,1,0.9124850034713745,1
U03358,1,1,0.9211134314537048,1
U03359,1,1,0.8774176239967346,1
U03360,1,2,0.9125804901123047,1
U03361,1,2,0.30993640422821045,0
U03362,1,2,0.7122750282287598,1
U03363,1,1,0.9814332723617554,1
U03364,1,3,0.9213316440582275,1
U03365,1,2,0.050408635288476944,0
U03366,1,4,0.9950634241104126,1
U03367,1,3,0.9320392608642578,1
U03368,1,5,0.6356205344200134,1
U03369,1,3,0.9085566401481628,1
U03370,1,2,0.16855494678020477,0
U03371,1,3,0.4691324532032013,0
U03372,1,4,0.5840242505073547,1
U03373,1,5,0.9197655916213989,1
U03374,1,3,0.25491344928741455,0
U03375,1,5,0.8001967668533325,1
U03376,1,1,0.9655077457427979,1
U03377,1,4,0.8026768565177917,1
U03378,1,5,0.6380846500396729,1
U03379,1,3,0.9085351228713989,1
U03380,1,3,0.9576996564865112,1
U03381,1,4,0.8583882451057434,1
U03382,1,3,0.8064343333244324,1
U03383,1,1,0.9823139309883118,1
U03384,1,4,0.39276954531669617,0
U03385,1,3,0.43282344937324524,0
U03386,1,1,0.9864717721939087,1
U03387,1,3,0.9223570227622986,1
U03388,1,4,0.8841628432273865,1
U03389,1,5,0.9619549512863159,1
U03390,1,5,0.8618688583374023,1
U03391,1,1,0.961043119430542,1
U03392,1,3,0.9938057065010071,1
U03393,1,3,0.9453917741775513,1
U03394,1,3,0.9895927309989929,1
U03395,1,5,0.9589285850524902,1
U03396,1,1,0.7914512157440186,1
U03397,1,4,0.990419864654541,1
U03398,1,1,0.9948086142539978,1
U03399,1,3,0.8939217329025269,1
U03400,1,2,0.9979068040847778,1
U03401,1,3,0.8734867572784424,1
U03402,1,2,0.9834263324737549,1
U03403,1,2,0.21366092562675476,0
U03404,1,5,0.9315621852874756,1
U03405,1,4,0.9375094175338745,1
U03406,1,4,0.7004356384277344,1
U03407,1,1,0.8386967182159424,1
U03408,1,2,0.4435421824455261,0
U03409,1,2,0.7828075885772705,1
U03410,1,1,0.6413411498069763,1
U03411,1,2,0.8466397523880005,1
U03412,1,2,0.35053738951683044,0
U03413,1,3,0.9894458651542664,1
U03414,1,5,0.6630231142044067,1
U03415,1,4,0.7090096473693848,1
U03416,1,3,0.7563108801841736,1
U03417,1,3,0.4957623779773712,0
U03418,1,3,0.9629849195480347,1
U03419,1,1,0.16076700389385223,0
U03420,1,3,0.9043763875961304,1
U03421,1,5,0.7135002613067627,1
U03422,1,5,0.4132730960845947,0
U03423,1,3,0.7834920883178711,1
U03424,1,3,0.9748891592025757,1
U03425,1,1,0.9529545307159424,1
U03426,1,2,0.350726842880249,0
U03427,1,5,0.3371882438659668,0
U03428,1,5,0.9422850608825684,1
U03429,1,4,0.7896936535835266,1
U03430,1,5,0.9430720210075378,1
U03431,1,2,0.9504231214523315,1
U03432,1,2,0.24332083761692047,0
U03433,1,4,0.9070525169372559,1
U03434,1,2,0.5122288465499878,1
U03435,1,1,0.5066382884979248,1
U03436,1,4,0.9888867735862732,1
U03437,1,4,0.9200353622436523,1
U03438,1,1,0.9740882515907288,1
U03439,1,4,0.8895093202590942,1
U03440,1,1,0.9823558330535889,1
U03441,1,3,0.9894410371780396,1
U03442,1,3,0.2906019389629364,0
U03443,1,4,0.969826877117157,1
U03444,1,5,0.3543507754802704,0
U03445,1,4,0.9552568197250366,1
U03446,1,2,0.6960387825965881,1
U03447,1,2,0.9240464568138123,1
U03448,1,5,0.7947148084640503,1
U03449,1,3,0.9805945754051208,1
U03450,1,1,0.7752206325531006,1
U03451,1,5,0.4390411376953125,0
U03452,1,3,0.9845072031021118,1
U03453,1,3,0.611488401889801,1
U03454,1,3,0.9943904280662537,1
U03455,1,5,0.970248281955719,1
U03456,1,5,0.6900603771209717,1
U03457,1,2,0.8733047842979431,1
U03458,1,5,0.7103942036628723,1
U03459,1,1,0.9949652552604675,1
U03460,1,2,0.9688255190849304,1
U03461,1,2,0.9736119508743286,1
U03462,1,2,0.8621699213981628,1
U03463,1,4,0.3736330568790436,0
U03464,1,2,0.9447911977767944,1
U03465,1,1,0.9872897267341614,1
U03466,1,3,0.9728395938873291,1
U03467,1,2,0.6395665407180786,1
U03468,1,3,0.31519854068756104,0
U03469,1,4,0.8330776691436768,1
U03470,1,4,0.6951307058334351,1
U03471,1,2,0.938808798789978,1
U03472,1,1,0.9817324876785278,1
U03473,1,3,0.9846718311309814,1
U03474,1,2,0.8068023920059204,1
U03475,1,3,0.9683614373207092,1
U03476,1,1,0.9175833463668823,1
U03477,1,3,0.9930679202079773,1
U03478,1,4,0.8069534301757812,1
U03479,1,5,0.8494579792022705,1
U03480,1,5,0.969480037689209,1
U03481,1,1,0.976601243019104,1
U03482,1,4,0.9049580097198486,1
U03483,1,5,0.3727263808250427,0
U03484,1,1,0.9585570096969604,1
U03485,1,2,0.7686147689819336,1
U03486,1,4,0.9696804881095886,1
U03487,1,3,0.9682548642158508,1
U03488,1,2,0.9581016898155212,1
U03489,1,4,0.8327515721321106,1
U03490,1,2,0.9637565016746521,1
U03491,1,2,0.866291880607605,1
U03492,1,2,0.3205989599227905,0
U03493,1,4,0.9917470216751099,1
U03494,1,1,0.09638792276382446,0
U03495,1,2,0.8775837421417236,1
U03496,1,2,0.876298189163208,1
U03497,1,4,0.3565574586391449,0
U03498,1,3,0.9122077822685242,1
U03499,1,3,0.2068437933921814,0
U03500,1,1,0.9418138861656189,1
U03501,1,5,0.4822969138622284,0
U03502,1,3,0.9976258277893066,1
U03503,1,1,0.9681342840194702,1
U03504,1,2,0.9557304978370667,1
U03505,1,2,0.6348505020141602,1
U03506,1,5,0.9030517935752869,1
U03507,1,3,0.559264063835144,1
U03508,1,3,0.9256834983825684,1
U03509,1,2,0.694283127784729,1
U03510,1,4,0.083476722240448,0
U03511,1,5,0.9701602458953857,1
U03512,1,4,0.9936263561248779,1
U03513,1,4,0.9800360202789307,1
U03514,1,3,0.8941723108291626,1
U03515,1,2,0.7655118703842163,1
U03516,1,2,0.5903531312942505,1
U03517,1,3,0.9681873321533203,1
U03518,1,2,0.987019419670105,1
U03519,1,1,0.07760953903198242,0
U03520,1,2,0.9699363112449646,1
U03521,1,4,0.9872778058052063,1
U03522,1,4,0.9877505898475647,1
U03523,1,1,0.8884668946266174,1
U03524,1,4,0.9842090606689453,1
U03525,1,4,0.15926603972911835,0
U03526,1,3,0.48875880241394043,0
U03527,1,3,0.3815356194972992,0
U03528,1,5,0.48261773586273193,0
U03529,1,5,0.9119035601615906,1
U03530,1,3,0.6736461520195007,1
U03531,1,1,0.6104366183280945,1
U03532,1,4,0.9964898824691772,1
U03533,1,4,0.9883894324302673,1
U03534,1,5,0.6063545942306519,1
U03535,1,1,0.638107180595398,1
U03536,1,1,0.7913643717765808,1
U03537,1,4,0.17458604276180267,0
U03538,1,1,0.9268038272857666,1
U03539,1,5,0.5457506775856018,1
U03540,1,3,0.9915785193443298,1
U03541,1,4,0.5422424077987671,1
U03542,1,3,0.8868643641471863,1
U03543,1,2,0.9643058180809021,1
U03544,1,3,0.9519644379615784,1
U03545,1,5,0.5283159613609314,1
U03546,1,5,0.6589516401290894,1
U03547,1,2,0.9347665309906006,1
U03548,1,3,0.41976138949394226,0
U03549,1,3,0.9178951978683472,1
U03550,1,4,0.8282744288444519,1
U03551,1,1,0.9418691396713257,1
U03552,1,1,0.7087697386741638,1
U03553,1,2,0.9367608428001404,1
U03554,1,3,0.7142159938812256,1
U03555,1,5,0.23184305429458618,0
U03556,1,5,0.8116700649261475,1
U03557,1,4,0.9176165461540222,1
U03558,1,2,0.8956183791160583,1
U03559,1,4,0.9266929626464844,1
U03560,1,3,0.9938059449195862,1
U03561,1,5,0.5588430166244507,1
U03562,1,5,0.7697556018829346,1
U03563,1,2,0.8108438849449158,1
U03564,1,5,0.9676727652549744,1
U03565,1,1,0.7311792969703674,1
U03566,1,2,0.6616273522377014,1
U03567,1,2,0.9169957041740417,1
U03568,1,5,0.8771699666976929,1
U03569,1,4,0.834456205368042,1
U03570,1,3,0.8418971300125122,1
U03571,1,3,0.9285744428634644,1
U03572,1,4,0.9583549499511719,1
U03573,1,1,0.8406612873077393,1
U03574,1,3,0.9614893794059753,1
U03575,1,4,0.7178292870521545,1
U03576,1,2,0.14747478067874908,0
U03577,1,5,0.7057874798774719,1
U03578,1,3,0.9549466967582703,1
U03579,1,1,0.8422022461891174,1
U03580,1,2,0.3722977936267853,0
U03581,1,5,0.9762616157531738,1
U03582,1,5,0.8616641759872437,1
U03583,1,4,0.9496493339538574,1
U03584,1,3,0.9599648118019104,1
U03585,1,3,0.5038852691650391,1
U03586,1,1,0.631000816822052,1
U03587,1,2,0.7719855308532715,1
U03588,1,1,0.9129718542098999,1
U03589,1,5,0.9027103185653687,1
U03590,1,3,0.9680951833724976,1
U03591,1,1,0.9267733693122864,1
U03592,1,5,0.17903810739517212,0
U03593,1,4,0.9920243620872498,1
U03594,1,2,0.10394464433193207,0
U03595,1,4,0.7054556608200073,1
U03596,1,1,0.9771855473518372,1
U03597,1,1,0.8021854162216187,1
U03598,1,2,0.7575057744979858,1
U03599,1,3,0.9913734793663025,1
U03600,1,1,0.8880680799484253,1
U03601,1,5,0.5411524772644043,1
U03602,1,1,0.7919051647186279,1
U03603,1,2,0.9503679871559143,1
U03604,1,3,0.9695620536804199,1
U03605,1,4,0.2341764271259308,0
U03606,1,5,0.26794788241386414,0
U03607,1,2,0.9920690059661865,1
U03608,1,4,0.9908578395843506,1
U03609,1,1,0.645484209060669,1
U03610,1,3,0.85366290807724,1
U03611,1,1,0.6382747292518616,1
U03612,1,5,0.6042038202285767,1
U03613,1,3,0.9611839056015015,1
U03614,1,5,0.8111875057220459,1
U03615,1,3,0.8150485754013062,1
U03616,1,3,0.9725474715232849,1
U03617,1,5,0.9194869995117188,1
U03618,1,1,0.9689516425132751,1
U03619,1,1,0.9696423411369324,1
U03620,1,4,0.9418922662734985,1
U03621,1,5,0.8799029588699341,1
U03622,1,4,0.023245494812726974,0
U03623,1,4,0.8364982604980469,1
U03624,1,3,0.9880048632621765,1
U03625,1,4,0.9602617025375366,1
U03626,1,4,0.9574548602104187,1
U03627,1,2,0.931734561920166,1
U03628,1,5,0.917316198348999,1
U03629,1,3,0.9838061332702637,1
U03630,1,3,0.6122402548789978,1
U03631,1,5,0.43352293968200684,0
U03632,1,2,0.8249117136001587,1
U03633,1,2,0.9764819145202637,1
U03634,1,3,0.9431148767471313,1
U03635,1,1,0.9658046960830688,1
U03636,1,3,0.9841516017913818,1
U03637,1,4,0.8912532329559326,1
U03638,1,1,0.964371919631958,1
U03639,1,1,0.6432520747184753,1
U03640,1,2,0.0847964733839035,0
U03641,1,2,0.5299909114837646,1
U03642,1,4,0.9670543074607849,1
U03643,1,1,0.8276435136795044,1
U03644,1,3,0.5080829858779907,1
U03645,1,1,0.9607176184654236,1
U03646,1,1,0.9390401840209961,1
U03647,1,2,0.8508878946304321,1
U03648,1,4,0.49251022934913635,0
U03649,1,2,0.05151369050145149,0
U03650,1,1,0.8767658472061157,1
U03651,1,5,0.6627528071403503,1
U03652,1,1,0.2552507817745209,0
U03653,1,3,0.5715049505233765,1
U03654,1,5,0.27531570196151733,0
U03655,1,1,0.9603821635246277,1
U03656,1,5,0.1286652684211731,0
U03657,1,1,0.9269774556159973,1
U03658,1,2,0.8605867028236389,1
U03659,1,4,0.5682334899902344,1
U03660,1,1,0.9817253351211548,1
U03661,1,1,0.8797609806060791,1
U03662,1,1,0.49853113293647766,0
U03663,1,3,0.3946140706539154,0
U03664,1,1,0.9867643713951111,1
U03665,1,2,0.913223922252655,1
U03666,1,4,0.972920835018158,1
U03667,1,1,0.9606856107711792,1
U03668,1,2,0.9700055122375488,1
U03669,1,5,0.9370437860488892,1
U03670,1,1,0.9456925392150879,1
U03671,1,1,0.9904724955558777,1
U03672,1,1,0.9477704167366028,1
U03673,1,4,0.08408443629741669,0
U03674,1,5,0.820681631565094,1
U03675,1,2,0.8952580690383911,1
U03676,1,4,0.12951883673667908,0
U03677,1,4,0.48624956607818604,0
U03678,1,4,0.7209537029266357,1
U03679,1,4,0.9033210277557373,1
U03680,1,4,0.8818522095680237,1
U03681,1,4,0.9666541814804077,1
U03682,1,1,0.944362461566925,1
U03683,1,4,0.9597599506378174,1
U03684,1,5,0.909917414188385,1
U03685,1,4,0.02018881030380726,0
U03686,1,2,0.7920868396759033,1
U03687,1,1,0.6401998400688171,1
U03688,1,1,0.5917337536811829,1
U03689,1,1,0.7281626462936401,1
U03690,1,4,0.9454752802848816,1
U03691,1,3,0.6712568998336792,1
U03692,1,3,0.944965660572052,1
U03693,1,2,0.7372618913650513,1
U03694,1,3,0.5473338961601257,1
U03695,1,5,0.8727548122406006,1
U03696,1,4,0.9561331868171692,1
U03697,1,1,0.8066917657852173,1
U03698,1,3,0.422709196805954,0
U03699,1,5,0.9687613248825073,1
U03700,1,3,0.9318907260894775,1
U03701,1,5,0.8340260982513428,1
U03702,1,3,0.35623738169670105,0
U03703,1,1,0.853285551071167,1
U03704,1,1,0.9779632091522217,1
U03705,1,1,0.607686460018158,1
U03706,1,4,0.9267935752868652,1
U03707,1,1,0.8329998850822449,1
U03708,1,3,0.05190085619688034,0
U03709,1,1,0.9820136427879333,1
U03710,1,3,0.891736626625061,1
U03711,1,4,0.9971061944961548,1
U03712,1,3,0.8902453184127808,1
U03713,1,3,0.9759944081306458,1
U03714,1,3,0.8999791741371155,1
U03715,1,3,0.9294182658195496,1
U03716,1,3,0.6536831259727478,1
U03717,1,4,0.8357712030410767,1
U03718,1,5,0.9991715550422668,1
U03719,1,3,0.9953316450119019,1
U03720,1,1,0.980494499206543,1
U03721,1,3,0.9389045834541321,1
U03722,1,1,0.563839316368103,1
U03723,1,3,0.9234066605567932,1
U03724,1,2,0.9867405295372009,1
U03725,1,3,0.9712356925010681,1
U03726,1,1,0.9760058522224426,1
U03727,1,1,0.9680377244949341,1
U03728,1,1,0.8593634963035583,1
U03729,1,2,0.8633735775947571,1
U03730,1,4,0.02313711866736412,0
U03731,1,5,0.3147702217102051,0
U03732,1,1,0.7758421301841736,1
U03733,1,5,0.07195578515529633,0
U03734,1,3,0.7072356939315796,1
U03735,1,2,0.8041509985923767,1
U03736,1,4,0.649681806564331,1
U03737,1,3,0.8245984315872192,1
U03738,1,1,0.9158848524093628,1
U03739,1,4,0.9931092858314514,1
U03740,1,2,0.8833353519439697,1
U03741,1,5,0.8273218274116516,1
U03742,1,2,0.917780876159668,1
U03743,1,5,0.6997283697128296,1
U03744,1,1,0.7489091157913208,1
U03745,1,1,0.8390952944755554,1
U03746,1,2,0.7051146030426025,1
U03747,1,3,0.6598588824272156,1
U03748,1,3,0.8643548488616943,1
U03749,1,3,0.9704380035400391,1
U03750,1,2,0.9450881481170654,1
U03751,1,2,0.6893727779388428,1
U03752,1,2,0.6505261659622192,1
U03753,1,1,0.94087815284729,1
U03754,1,3,0.05767161771655083,0
U03755,1,2,0.985109806060791,1
U03756,1,5,0.9148263335227966,1
U03757,1,5,0.5332388877868652,1
U03758,1,5,0.6762869954109192,1
U03759,1,5,0.3066179156303406,0
U03760,1,2,0.8873284459114075,1
U03761,1,3,0.9403830766677856,1
U03762,1,1,0.7265419363975525,1
U03763,1,1,0.7971788644790649,1
U03764,1,3,0.9896821975708008,1
U03765,1,4,0.7943412065505981,1
U03766,1,1,0.7373928427696228,1
U03767,1,2,0.8693422675132751,1
U03768,1,4,0.9619553685188293,1
U03769,1,4,0.49772730469703674,0
U03770,1,3,0.028321757912635803,0
U03771,1,3,0.9969075918197632,1
U03772,1,3,0.8500712513923645,1
U03773,1,4,0.9217418432235718,1
U03774,1,1,0.834236741065979,1
U03775,1,5,0.43701815605163574,0
U03776,1,3,0.8490009307861328,1
U03777,1,4,0.09952637553215027,0
U03778,1,4,0.561899721622467,1
U03779,1,5,0.1149788349866867,0
U03780,1,4,0.17555081844329834,0
U03781,1,2,0.4599188566207886,0
U03782,1,4,0.36757487058639526,0
U03783,1,4,0.9418010711669922,1
U03784,1,1,0.7474331855773926,1
U03785,1,3,0.9148393869400024,1
U03786,1,3,0.9537120461463928,1
U03787,1,5,0.9413958191871643,1
U03788,1,3,0.37642261385917664,0
U03789,1,4,0.16694709658622742,0
U03790,1,2,0.7138003706932068,1
U03791,1,4,0.6514344215393066,1
U03792,1,3,0.9659374952316284,1
U03793,1,4,0.8606688976287842,1
U03794,1,5,0.9641042947769165,1
U03795,1,1,0.9056662917137146,1
U03796,1,5,0.927020788192749,1
U03797,1,3,0.9836887121200562,1
U03798,1,4,0.8831555247306824,1
U03799,1,4,0.9021364450454712,1
U03800,1,5,0.20608802139759064,0
U03801,1,3,0.9766624569892883,1
U03802,1,1,0.9656638503074646,1
U03803,1,5,0.09189499914646149,0
U03804,1,5,0.9698266983032227,1
U03805,1,3,0.8831194639205933,1
U03806,1,4,0.04819750785827637,0
U03807,1,5,0.839850902557373,1
U03808,1,4,0.7970030307769775,1
U03809,1,5,0.9087057709693909,1
U03810,1,5,0.6469907760620117,1
U03811,1,3,0.9775863885879517,1
U03812,1,2,0.9972649216651917,1
U03813,1,3,0.7464319467544556,1
U03814,1,4,0.9445620775222778,1
U03815,1,5,0.8962754011154175,1
U03816,1,5,0.7976593971252441,1
U03817,1,2,0.8423090577125549,1
U03818,1,3,0.9908941984176636,1
U03819,1,2,0.8673050403594971,1
U03820,1,3,0.4101041555404663,0
U03821,1,5,0.9360698461532593,1
U03822,1,2,0.7691129446029663,1
U03823,1,3,0.9724067449569702,1
U03824,1,1,0.9166330695152283,1
U03825,1,5,0.9515641927719116,1
U03826,1,5,0.3517579436302185,0
U03827,1,3,0.06261798739433289,0
U03828,1,4,0.92375648021698,1
U03829,1,3,0.8821530342102051,1
U03830,1,2,0.35079023241996765,0
U03831,1,4,0.8252958059310913,1
U03832,1,2,0.9930666089057922,1
U03833,1,2,0.7758075594902039,1
U03834,1,4,0.9430789351463318,1
U03835,1,1,0.8673092722892761,1
U03836,1,4,0.9931569695472717,1
U03837,1,1,0.9053996205329895,1
U03838,1,4,0.3071805536746979,0
U03839,1,4,0.9707311391830444,1
U03840,1,1,0.888800323009491,1
U03841,1,5,0.5762313604354858,1
U03842,1,1,0.9754228591918945,1
U03843,1,3,0.9902814030647278,1
U03844,1,2,0.7115015983581543,1
U03845,1,4,0.8380057215690613,1
U03846,1,2,0.9451616406440735,1
U03847,1,5,0.4708871841430664,0
U03848,1,4,0.8744344711303711,1
U03849,1,1,0.8834571838378906,1
U03850,1,4,0.7475705146789551,1
U03851,1,3,0.8400665521621704,1
U03852,1,1,0.9215699434280396,1
U03853,1,4,0.7874486446380615,1
U03854,1,3,0.8990259170532227,1
U03855,1,3,0.8611939549446106,1
U03856,1,4,0.686665415763855,1
U03857,1,3,0.9473726749420166,1
U03858,1,1,0.9404829740524292,1
U03859,1,1,0.8299754858016968,1
U03860,1,3,0.9068200588226318,1
U03861,1,1,0.9912328720092773,1
U03862,1,1,0.8644274473190308,1
U03863,1,5,0.3810615837574005,0
U03864,1,4,0.9457802176475525,1
U03865,1,1,0.8888026475906372,1
U03866,1,5,0.8138294219970703,1
U03867,1,4,0.9748345017433167,1
U03868,1,5,0.734984278678894,1
U03869,1,2,0.8477453589439392,1
U03870,1,1,0.7997909784317017,1
U03871,1,3,0.9610686302185059,1
U03872,1,4,0.9853372573852539,1
U03873,1,1,0.9851425290107727,1
U03874,1,2,0.08472815155982971,0
U03875,1,3,0.9819666147232056,1
U03876,1,3,0.9845632910728455,1
U03877,1,2,0.8586596846580505,1
U03878,1,5,0.08512214571237564,0
U03879,1,2,0.25018593668937683,0
U03880,1,1,0.7349021434783936,1
U03881,1,1,0.8570095300674438,1
U03882,1,3,0.1222391277551651,0
U03883,1,5,0.9931886196136475,1
U03884,1,3,0.5194483995437622,1
U03885,1,4,0.9679465889930725,1
U03886,1,3,0.9642093777656555,1
U03887,1,4,0.24269001185894012,0
U03888,1,2,0.8886516094207764,1
U03889,1,5,0.8423134088516235,1
U03890,1,3,0.9593050479888916,1
U03891,1,1,0.8556169867515564,1
U03892,1,1,0.8570071458816528,1
U03893,1,3,0.9211912155151367,1
U03894,1,2,0.7945301532745361,1
U03895,1,3,0.9441567063331604,1
U03896,1,1,0.1209358423948288,0
U03897,1,2,0.9846960306167603,1
U03898,1,4,0.6522951126098633,1
U03899,1,1,0.9772469997406006,1
U03900,1,5,0.3960484564304352,0
U03901,1,3,0.9897241592407227,1
U03902,1,1,0.8933926820755005,1
U03903,1,4,0.9816089272499084,1
U03904,1,4,0.8808900117874146,1
U03905,1,4,0.9724779725074768,1
U03906,1,1,0.7416478395462036,1
U03907,1,4,0.8964381217956543,1
U03908,1,4,0.0554012805223465,0
U03909,1,2,0.8914192914962769,1
U03910,1,5,0.9395883083343506,1
U03911,1,3,0.78398597240448,1
U03912,1,1,0.8177108764648438,1
U03913,1,4,0.956478476524353,1
U03914,1,2,0.756795346736908,1
U03915,1,1,0.7207977175712585,1
U03916,1,5,0.7794652581214905,1
U03917,1,5,0.9879993200302124,1
U03918,1,1,0.986259937286377,1
U03919,1,3,0.992815375328064,1
U03920,1,2,0.10668691992759705,0
U03921,1,1,0.9800668358802795,1
U03922,1,2,0.9242650866508484,1
U03923,1,1,0.9283425807952881,1
U03924,1,1,0.3353827893733978,0
U03925,1,2,0.9944395422935486,1
U03926,1,5,0.6743982434272766,1
U03927,1,4,0.179091215133667,0
U03928,1,1,0.9670618176460266,1
U03929,1,4,0.6791965961456299,1
U03930,1,2,0.9320193529129028,1
U03931,1,1,0.9915856122970581,1
U03932,1,3,0.9699763059616089,1
U03933,1,2,0.5172160267829895,1
U03934,1,2,0.8436876535415649,1
U03935,1,4,0.8739687204360962,1
U03936,1,5,0.8662070035934448,1
U03937,1,3,0.9955266714096069,1
U03938,1,1,0.19264408946037292,0
U03939,1,4,0.9428572654724121,1
U03940,1,5,0.5629004240036011,1
U03941,1,2,0.016177605837583542,0
U03942,1,3,0.5536264777183533,1
U03943,1,5,0.8857413530349731,1
U03944,1,1,0.8728289008140564,1
U03945,1,5,0.9805077314376831,1
U03946,1,1,0.8121298551559448,1
U03947,1,1,0.9911346435546875,1
U03948,1,1,0.8873502612113953,1
U03949,1,3,0.8914812803268433,1
U03950,1,5,0.9227365255355835,1
U03951,1,3,0.3550046384334564,0
U03952,1,5,0.010255531407892704,0
U03953,1,3,0.17927151918411255,0
U03954,1,1,0.17022264003753662,0
U03955,1,2,0.5443480014801025,1
U03956,1,2,0.7134428024291992,1
U03957,1,2,0.4718073904514313,0
U03958,1,4,0.8793841004371643,1
U03959,1,5,0.24974876642227173,0
U03960,1,1,0.807214617729187,1
U03961,1,5,0.9152424931526184,1
U03962,1,2,0.6095129251480103,1
U03963,1,1,0.9665731191635132,1
U03964,1,3,0.8318477272987366,1
U03965,1,3,0.9705294966697693,1
U03966,1,3,0.9787656664848328,1
U03967,1,3,0.3675130605697632,0
U03968,1,1,0.8499356508255005,1
U03969,1,2,0.7685399055480957,1
U03970,1,4,0.3808042109012604,0
U03971,1,3,0.9777049422264099,1
U03972,1,4,0.7878910303115845,1
U03973,1,1,0.9921971559524536,1
U03974,1,3,0.668297529220581,1
U03975,1,2,0.8948527574539185,1
U03976,1,2,0.7586879134178162,1
U03977,1,2,0.8342829942703247,1
U03978,1,3,0.9954737424850464,1
U03979,1,1,0.9761368036270142,1
U03980,1,3,0.20540818572044373,0
U03981,1,3,0.17948442697525024,0
U03982,1,4,0.9737401008605957,1
U03983,1,4,0.786670446395874,1
U03984,1,1,0.7698207497596741,1
U03985,1,1,0.8901851177215576,1
U03986,1,1,0.49976861476898193,0
U03987,1,1,0.7342681288719177,1
U03988,1,2,0.9818731546401978,1
U03989,1,4,0.6680877208709717,1
U03990,1,3,0.952234148979187,1
U03991,1,2,0.21898792684078217,0
U03992,1,1,0.3880012631416321,0
U03993,1,5,0.2845878005027771,0
U03994,1,1,0.7063078880310059,1
U03995,1,2,0.4634042978286743,0
U03996,1,4,0.5775303244590759,1
U03997,1,4,0.8116004467010498,1
U03998,1,5,0.5149542093276978,1
U03999,1,2,0.8986671566963196,1
U04000,1,5,0.9604226350784302,1
U04001,1,2,0.8538804054260254,1
U04002,1,3,0.9488554000854492,1
U04003,1,5,0.833795428276062,1
U04004,1,1,0.9843748807907104,1
U04005,1,2,0.3134734034538269,0
U04006,1,4,0.8693973422050476,1
U04007,1,1,0.8577829599380493,1
U04008,1,4,0.991792619228363,1
U04009,1,3,0.8802235126495361,1
U04010,1,4,0.8202154040336609,1
U04011,1,5,0.7791429758071899,1
U04012,1,2,0.842275857925415,1
U04013,1,2,0.9630435109138489,1
U04014,1,4,0.9018893837928772,1
U04015,1,5,0.8517675399780273,1
U04016,1,1,0.9881811141967773,1
U04017,1,5,0.132122203707695,0
U04018,1,5,0.7409396767616272,1
U04019,1,3,0.8967900276184082,1
U04020,1,4,0.8394489288330078,1
U04021,1,3,0.5767914056777954,1
U04022,1,1,0.9880294799804688,1
U04023,1,1,0.15225185453891754,0
U04024,1,4,0.2690304219722748,0
U04025,1,5,0.779688835144043,1
U04026,1,3,0.9279722571372986,1
U04027,1,1,0.9155890941619873,1
U04028,1,4,0.34017065167427063,0
U04029,1,1,0.8330143690109253,1
U04030,1,1,0.9720797538757324,1
U04031,1,5,0.8714990019798279,1
U04032,1,3,0.9704493880271912,1
U04033,1,5,0.857215404510498,1
U04034,1,1,0.8947452902793884,1
U04035,1,5,0.7322784662246704,1
U04036,1,2,0.4098549783229828,0
U04037,1,5,0.9847018718719482,1
U04038,1,3,0.8155936002731323,1
U04039,1,3,0.855334460735321,1
U04040,1,1,0.7029100656509399,1
U04041,1,3,0.7969263195991516,1
U04042,1,2,0.917847216129303,1
U04043,1,3,0.8035314083099365,1
U04044,1,1,0.9487782120704651,1
U04045,1,3,0.9297496676445007,1
U04046,1,2,0.9038896560668945,1
U04047,1,4,0.792388916015625,1
U04048,1,5,0.5566994547843933,1
U04049,1,3,0.8795687556266785,1
U04050,1,2,0.9704050421714783,1
U04051,1,4,0.896687388420105,1
U04052,1,5,0.8853915929794312,1
U04053,1,5,0.9117623567581177,1
U04054,1,1,0.9758914113044739,1
U04055,1,3,0.7492175102233887,1
U04056,1,5,0.4225562512874603,0
U04057,1,3,0.9786492586135864,1
U04058,1,4,0.941173255443573,1
U04059,1,4,0.9421804547309875,1
U04060,1,4,0.8565404415130615,1
U04061,1,1,0.9652572274208069,1
U04062,1,3,0.9619303345680237,1
U04063,1,3,0.7072737216949463,1
U04064,1,5,0.17768578231334686,0
U04065,1,3,0.42780593037605286,0
U04066,1,4,0.9461663961410522,1
U04067,1,3,0.4023572504520416,0
U04068,1,2,0.6521775126457214,1
U04069,1,2,0.5097059607505798,1
U04070,1,3,0.9381059408187866,1
U04071,1,1,0.9038824439048767,1
U04072,1,5,0.539821982383728,1
U04073,1,2,0.777928352355957,1
U04074,1,1,0.8386826515197754,1
U04075,1,1,0.10253903269767761,0
U04076,1,5,0.5835745334625244,1
U04077,1,2,0.3263140916824341,0
U04078,1,1,0.9720862507820129,1
U04079,1,1,0.9948042035102844,1
U04080,1,2,0.14492937922477722,0
U04081,1,1,0.7844319343566895,1
U04082,1,3,0.6796606183052063,1
U04083,1,1,0.757792592048645,1
U04084,1,2,0.9823037385940552,1
U04085,1,3,0.9504489898681641,1
U04086,1,2,0.9524158835411072,1
U04087,1,1,0.9406012296676636,1
U04088,1,4,0.9918804168701172,1
U04089,1,1,0.9332917928695679,1
U04090,1,2,0.8189535140991211,1
U04091,1,3,0.9424348473548889,1
U04092,1,3,0.963829517364502,1
U04093,1,3,0.8501114845275879,1
U04094,1,3,0.44889548420906067,0
U04095,1,1,0.8974452018737793,1
U04096,1,2,0.7977052927017212,1
U04097,1,2,0.493131160736084,0
U04098,1,1,0.9657719135284424,1
U04099,1,5,0.5048399567604065,1
U04100,1,1,0.918933093547821,1
U04101,1,5,0.9022842049598694,1
U04102,1,2,0.625732421875,1
U04103,1,4,0.8255831599235535,1
U04104,1,3,0.541033148765564,1
U04105,1,2,0.4881032109260559,0
U04106,1,3,0.8281873464584351,1
U04107,1,4,0.8525629639625549,1
U04108,1,2,0.7189748287200928,1
U04109,1,3,0.7375366687774658,1
U04110,1,3,0.8292369842529297,1
U04111,1,1,0.9925073385238647,1
U04112,1,5,0.7850859761238098,1
U04113,1,5,0.8715482354164124,1
U04114,1,1,0.5049914121627808,1
U04115,1,3,0.8679568767547607,1
U04116,1,5,0.5908576250076294,1
U04117,1,5,0.6741105318069458,1
U04118,1,1,0.6558276414871216,1
U04119,1,1,0.3848418593406677,0
U04120,1,2,0.6441532373428345,1
U04121,1,3,0.9782189726829529,1
U04122,1,3,0.9798412919044495,1
U04123,1,1,0.982079029083252,1
U04124,1,3,0.9852694869041443,1
U04125,1,2,0.5019980072975159,1
U04126,1,1,0.9598771929740906,1
U04127,1,5,0.9151251912117004,1
U04128,1,1,0.8400890827178955,1
U04129,1,3,0.49217912554740906,0
U04130,1,1,0.5342902541160583,1
U04131,1,1,0.8732940554618835,1
U04132,1,5,0.9590759873390198,1
U04133,1,5,0.9812284708023071,1
U04134,1,3,0.21801988780498505,0
U04135,1,4,0.9193494915962219,1
U04136,1,2,0.9136440753936768,1
U04137,1,3,0.9276425838470459,1
U04138,1,1,0.5278430581092834,1
U04139,1,1,0.36224427819252014,0
U04140,1,4,0.18937215209007263,0
U04141,1,2,0.8493000268936157,1
U04142,1,5,0.9500167369842529,1
U04143,1,5,0.6580159068107605,1
U04144,1,2,0.8569419980049133,1
U04145,1,5,0.8611372113227844,1
U04146,1,5,0.8125377297401428,1
U04147,1,3,0.9860724210739136,1
U04148,1,1,0.8446308374404907,1
U04149,1,3,0.4597603976726532,0
U04150,1,4,0.9902991652488708,1
U04151,1,3,0.9858185648918152,1
U04152,1,2,0.1535215973854065,0
U04153,1,2,0.21369704604148865,0
U04154,1,3,0.9811180233955383,1
U04155,1,2,0.9939095973968506,1
U04156,1,4,0.18474937975406647,0
U04157,1,2,0.4530966877937317,0
U04158,1,2,0.34842002391815186,0
U04159,1,2,0.9846815466880798,1
U04160,1,1,0.957535982131958,1
U04161,1,5,0.9181848168373108,1
U04162,1,3,0.9173021912574768,1
U04163,1,4,0.30579620599746704,0
U04164,1,3,0.7585467100143433,1
U04165,1,5,0.9112184643745422,1
U04166,1,5,0.5724939107894897,1
U04167,1,4,0.6929662227630615,1
U04168,1,1,0.5832531452178955,1
U04169,1,4,0.4651654362678528,0
U04170,1,4,0.9924523830413818,1
U04171,1,3,0.8127409219741821,1
U04172,1,5,0.018972458317875862,0
U04173,1,5,0.9323917627334595,1
U04174,1,4,0.9604936838150024,1
U04175,1,5,0.532715380191803,1
U04176,1,2,0.9379315376281738,1
U04177,1,2,0.9876795411109924,1
U04178,1,1,0.9630688428878784,1
U04179,1,2,0.9853187799453735,1
U04180,1,5,0.9251940250396729,1
U04181,1,4,0.9839698076248169,1
U04182,1,1,0.7354037761688232,1
U04183,1,5,0.8327498435974121,1
U04184,1,1,0.9768050909042358,1
U04185,1,2,0.7870972156524658,1
U04186,1,1,0.8441749811172485,1
U04187,1,4,0.7781870365142822,1
U04188,1,3,0.9904382228851318,1
U04189,1,1,0.9302595853805542,1
U04190,1,2,0.9685301184654236,1
U04191,1,2,0.9208625555038452,1
U04192,1,3,0.8765986561775208,1
U04193,1,1,0.9837232232093811,1
U04194,1,1,0.9896378517150879,1
U04195,1,5,0.651614785194397,1
U04196,1,3,0.47862008213996887,0
U04197,1,1,0.6719210147857666,1
U04198,1,4,0.9700526595115662,1
U04199,1,2,0.40830671787261963,0
U04200,1,5,0.9380233883857727,1
U04201,1,4,0.4156893491744995,0
U04202,1,4,0.8550851345062256,1
U04203,1,5,0.7563859224319458,1
U04204,1,3,0.7500109672546387,1
U04205,1,1,0.9630062580108643,1
U04206,1,5,0.5274227261543274,1
U04207,1,2,0.7964334487915039,1
U04208,1,2,0.7992057204246521,1
U04209,1,2,0.7709436416625977,1
U04210,1,5,0.04329860955476761,0
U04211,1,2,0.8278776407241821,1
U04212,1,4,0.9774695634841919,1
U04213,1,4,0.1770070195198059,0
U04214,1,3,0.6014079451560974,1
U04215,1,4,0.4391832947731018,0
U04216,1,2,0.9892408847808838,1
U04217,1,3,0.8291032910346985,1
U04218,1,4,0.902764081954956,1
U04219,1,1,0.9856995344161987,1
U04220,1,5,0.9207833409309387,1
U04221,1,3,0.9952013492584229,1
U04222,1,4,0.974982500076294,1
U04223,1,2,0.8772744536399841,1
U04224,1,3,0.8610997796058655,1
U04225,1,1,0.965264081954956,1
U04226,1,2,0.8134698867797852,1
U04227,1,1,0.7170007228851318,1
U04228,1,3,0.8456560373306274,1
U04229,1,3,0.9813134670257568,1
U04230,1,2,0.9313675165176392,1
U04231,1,3,0.5607160329818726,1
U04232,1,3,0.8123799562454224,1
U04233,1,2,0.6937411427497864,1
U04234,1,4,0.8974546194076538,1
U04235,1,4,0.8389307260513306,1
U04236,1,2,0.7894295454025269,1
U04237,1,2,0.9826066493988037,1
U04238,1,3,0.8829955458641052,1
U04239,1,1,0.9895384907722473,1
U04240,1,1,0.8483083248138428,1
U04241,1,2,0.9637965559959412,1
U04242,1,4,0.9161725640296936,1
U04243,1,5,0.45649057626724243,0
U04244,1,1,0.9905845522880554,1
U04245,1,3,0.9404558539390564,1
U04246,1,4,0.954830527305603,1
U04247,1,5,0.9846876859664917,1
U04248,1,4,0.2336505651473999,0
U04249,1,3,0.8648436665534973,1
U04250,1,2,0.3878782391548157,0
U04251,1,2,0.7531468272209167,1
U04252,1,2,0.8763899803161621,1
U04253,1,5,0.5489007830619812,1
U04254,1,5,0.6880467534065247,1
U04255,1,1,0.9567049741744995,1
U04256,1,4,0.8932762742042542,1
U04257,1,1,0.8657847046852112,1
U04258,1,4,0.9818257093429565,1
U04259,1,3,0.8441312313079834,1
U04260,1,1,0.5762920379638672,1
U04261,1,3,0.11826910823583603,0
U04262,1,5,0.9378684163093567,1
U04263,1,1,0.9639596343040466,1
U04264,1,1,0.9678507447242737,1
U04265,1,2,0.6206463575363159,1
U04266,1,3,0.9094634056091309,1
U04267,1,5,0.9200518727302551,1
U04268,1,5,0.7653936147689819,1
U04269,1,4,0.82639080286026,1
U04270,1,2,0.8113768100738525,1
U04271,1,3,0.9558975100517273,1
U04272,1,4,0.7063785791397095,1
U04273,1,1,0.7535778880119324,1
U04274,1,1,0.758314847946167,1
U04275,1,5,0.2669127285480499,0
U04276,1,5,0.2482532411813736,0
U04277,1,4,0.9375325441360474,1
U04278,1,3,0.9535930156707764,1
U04279,1,5,0.1534634679555893,0
U04280,1,2,0.8253545165061951,1
U04281,1,2,0.8017190098762512,1
U04282,1,3,0.6948909163475037,1
U04283,1,5,0.15779715776443481,0
U04284,1,2,0.6430685520172119,1
U04285,1,5,0.5756492614746094,1
U04286,1,1,0.9192147850990295,1
U04287,1,4,0.6297008395195007,1
U04288,1,4,0.9213066101074219,1
U04289,1,4,0.6333767175674438,1
U04290,1,4,0.5234976410865784,1
U04291,1,1,0.8799493312835693,1
U04292,1,2,0.992356538772583,1
U04293,1,3,0.9778086543083191,1
U04294,1,4,0.9529098272323608,1
U04295,1,2,0.9562009572982788,1
U04296,1,4,0.961274266242981,1
U04297,1,3,0.8863664865493774,1
U04298,1,4,0.5783078670501709,1
U04299,1,3,0.8358086347579956,1
U04300,1,1,0.7413594126701355,1
U04301,1,4,0.9830602407455444,1
U04302,1,3,0.7922357320785522,1
U04303,1,1,0.7163630723953247,1
U04304,1,4,0.5292732119560242,1
U04305,1,1,0.9833189845085144,1
U04306,1,2,0.8953173756599426,1
U04307,1,3,0.5364093780517578,1
U04308,1,4,0.9254915714263916,1
U04309,1,3,0.694449782371521,1
U04310,1,1,0.9747707843780518,1
U04311,1,2,0.5477271676063538,1
U04312,1,3,0.14671818912029266,0
U04313,1,5,0.30363497138023376,0
U04314,1,3,0.9389001131057739,1
U04315,1,1,0.9193538427352905,1
U04316,1,2,0.6257016062736511,1
U04317,1,2,0.8419223427772522,1
U04318,1,4,0.919725775718689,1
U04319,1,4,0.22869263589382172,0
U04320,1,5,0.9950677156448364,1
U04321,1,2,0.9928976893424988,1
U04322,1,4,0.9517320990562439,1
U04323,1,3,0.9877261519432068,1
U04324,1,2,0.8170927166938782,1
U04325,1,5,0.46179071068763733,0
U04326,1,1,0.9569712281227112,1
U04327,1,2,0.9292245507240295,1
U04328,1,5,0.9847829341888428,1
U04329,1,3,0.43574464321136475,0
U04330,1,3,0.969832181930542,1
U04331,1,4,0.989503800868988,1
U04332,1,4,0.9950336217880249,1
U04333,1,5,0.9972900748252869,1
U04334,1,5,0.9397740364074707,1
U04335,1,3,0.9448614120483398,1
U04336,1,2,0.9886298179626465,1
U04337,1,1,0.9844068288803101,1
U04338,1,2,0.774427056312561,1
U04339,1,4,0.9178962111473083,1
U04340,1,4,0.6792930364608765,1
U04341,1,3,0.9738448858261108,1
U04342,1,4,0.9880480170249939,1
U04343,1,5,0.9659303426742554,1
U04344,1,5,0.5348852872848511,1
U04345,1,3,0.9591786861419678,1
U04346,1,3,0.3791670501232147,0
U04347,1,4,0.44239842891693115,0
U04348,1,2,0.8659838438034058,1
U04349,1,3,0.7807071208953857,1
U04350,1,2,0.8280901908874512,1
U04351,1,4,0.696292519569397,1
U04352,1,3,0.8683210611343384,1
U04353,1,5,0.9042224884033203,1
U04354,1,1,0.9439767003059387,1
U04355,1,4,0.9254200458526611,1
U04356,1,4,0.9938127994537354,1
U04357,1,5,0.5909632444381714,1
U04358,1,1,0.618073582649231,1
U04359,1,3,0.9947416186332703,1
U04360,1,1,0.8862147927284241,1
U04361,1,1,0.9842769503593445,1
U04362,1,4,0.9777016639709473,1
U04363,1,5,0.9691199064254761,1
U04364,1,4,0.5405120253562927,1
U04365,1,5,0.49606022238731384,0
U04366,1,1,0.9696733951568604,1
U04367,1,5,0.3241475522518158,0
U04368,1,1,0.7171056270599365,1
U04369,1,5,0.6364027857780457,1
U04370,1,4,0.6610758900642395,1
U04371,1,3,0.8380818963050842,1
U04372,1,3,0.9930370450019836,1
U04373,1,2,0.9868287444114685,1
U04374,1,1,0.8893024325370789,1
U04375,1,1,0.1822085976600647,0
U04376,1,1,0.9295352697372437,1
U04377,1,1,0.7790207266807556,1
U04378,1,2,0.7923450469970703,1
U04379,1,2,0.5811516046524048,1
U04380,1,4,0.3999873399734497,0
U04381,1,1,0.9665756225585938,1
U04382,1,5,0.12641845643520355,0
U04383,1,3,0.5063323974609375,1
U04384,1,3,0.6433386206626892,1
U04385,1,1,0.9370113015174866,1
U04386,1,1,0.849075436592102,1
U04387,1,4,0.5641915798187256,1
U04388,1,2,0.9673715233802795,1
U04389,1,3,0.8882141709327698,1
U04390,1,4,0.7526406645774841,1
U04391,1,2,0.9964454174041748,1
U04392,1,1,0.9527231454849243,1
U04393,1,1,0.9421936273574829,1
U04394,1,5,0.7859922051429749,1
U04395,1,2,0.6261485815048218,1
U04396,1,4,0.38266459107398987,0
U04397,1,3,0.75746750831604,1
U04398,1,3,0.815327525138855,1
U04399,1,2,0.9833894968032837,1
U04400,1,3,0.5994280576705933,1
U04401,1,1,0.5492768883705139,1
U04402,1,4,0.9299690127372742,1
U04403,1,3,0.891753077507019,1
U04404,1,1,0.934022843837738,1
U04405,1,4,0.9747663736343384,1
U04406,1,5,0.9066453576087952,1
U04407,1,3,0.9739829897880554,1
U04408,1,3,0.6884536147117615,1
U04409,1,1,0.7065693736076355,1
U04410,1,4,0.4151248335838318,0
U04411,1,1,0.9860594272613525,1
U04412,1,1,0.14597301185131073,0
U04413,1,1,0.8633127808570862,1
U04414,1,1,0.9804652333259583,1
U04415,1,4,0.9820256233215332,1
U04416,1,3,0.9314318299293518,1
U04417,1,2,0.807039737701416,1
U04418,1,1,0.33697575330734253,0
U04419,1,5,0.9689091444015503,1
U04420,1,3,0.9030857682228088,1
U04421,1,1,0.6897205114364624,1
U04422,1,4,0.9799532890319824,1
U04423,1,2,0.9884169101715088,1
U04424,1,2,0.98496413230896,1
U04425,1,5,0.22814911603927612,0
U04426,1,1,0.761550784111023,1
U04427,1,2,0.8230029940605164,1
U04428,1,4,0.9848216772079468,1
U04429,1,1,0.9596835970878601,1
U04430,1,1,0.9895808696746826,1
U04431,1,2,0.9813400506973267,1
U04432,1,2,0.8152714967727661,1
U04433,1,2,0.9136105179786682,1
U04434,1,1,0.8948646187782288,1
U04435,1,2,0.8945982456207275,1
U04436,1,2,0.9912989735603333,1
U04437,1,4,0.36704692244529724,0
U04438,1,5,0.9258613586425781,1
U04439,1,5,0.9582927227020264,1
U04440,1,3,0.8792746067047119,1
U04441,1,4,0.696600079536438,1
U04442,1,1,0.4965987205505371,0
U04443,1,4,0.995607852935791,1
U04444,1,4,0.9365378618240356,1
U04445,1,2,0.818727433681488,1
U04446,1,1,0.8185198307037354,1
U04447,1,3,0.9757894277572632,1
U04448,1,4,0.8701286315917969,1
U04449,1,5,0.2715289890766144,0
U04450,1,5,0.06421962380409241,0
U04451,1,2,0.5918452739715576,1
U04452,1,4,0.8944060802459717,1
U04453,1,2,0.9238419532775879,1
U04454,1,3,0.9027191996574402,1
U04455,1,1,0.9759147763252258,1
U04456,1,4,0.05710399150848389,0
U04457,1,2,0.27617940306663513,0
U04458,1,3,0.2988494038581848,0
U04459,1,1,0.9815934896469116,1
U04460,1,2,0.08048131316900253,0
U04461,1,1,0.7575346231460571,1
U04462,1,4,0.7584772706031799,1
U04463,1,1,0.9450228214263916,1
U04464,1,3,0.728442907333374,1
U04465,1,2,0.9496752619743347,1
U04466,1,3,0.41414329409599304,0
U04467,1,2,0.9810904264450073,1
U04468,1,5,0.8385001420974731,1
U04469,1,2,0.3570583164691925,0
U04470,1,4,0.9757890105247498,1
U04471,1,3,0.5769669413566589,1
U04472,1,2,0.5629194378852844,1
U04473,1,3,0.9754005670547485,1
U04474,1,3,0.5783096551895142,1
U04475,1,1,0.7644036412239075,1
U04476,1,2,0.9486954212188721,1
U04477,1,1,0.9371515512466431,1
U04478,1,4,0.869335949420929,1
U04479,1,2,0.9828935861587524,1
U04480,1,4,0.9943389296531677,1
U04481,1,5,0.6682254076004028,1
U04482,1,3,0.9794538021087646,1
U04483,1,1,0.8022975921630859,1
U04484,1,3,0.9536007046699524,1
U04485,1,1,0.9735665321350098,1
U04486,1,5,0.8888276815414429,1
U04487,1,4,0.9639471173286438,1
U04488,1,3,0.026684951037168503,0
U04489,1,4,0.9731249809265137,1
U04490,1,2,0.9178500175476074,1
U04491,1,2,0.16212581098079681,0
U04492,1,5,0.9174291491508484,1
U04493,1,1,0.9495642185211182,1
U04494,1,2,0.42483168840408325,0
U04495,1,3,0.9027706384658813,1
U04496,1,5,0.9023658037185669,1
U04497,1,4,0.06153924763202667,0
U04498,1,1,0.9115508198738098,1
U04499,1,3,0.9623353481292725,1
U04500,1,4,0.9927530884742737,1
U04501,1,4,0.766172468662262,1
U04502,1,5,0.7946147322654724,1
U04503,1,5,0.875307023525238,1
U04504,1,1,0.8917075395584106,1
U04505,1,1,0.970451831817627,1
U04506,1,5,0.5422720313072205,1
U04507,1,2,0.9701037406921387,1
U04508,1,3,0.9850645065307617,1
U04509,1,2,0.9200433492660522,1
U04510,1,5,0.7691637277603149,1
U04511,1,5,0.9452953338623047,1
U04512,1,5,0.9306228160858154,1
U04513,1,5,0.8034155368804932,1
U04514,1,5,0.7822116613388062,1
U04515,1,5,0.9875731468200684,1
U04516,1,1,0.9312489032745361,1
U04517,1,2,0.49961650371551514,0
U04518,1,1,0.9100970029830933,1
U04519,1,4,0.9558349251747131,1
U04520,1,3,0.733464241027832,1
U04521,1,4,0.9024189710617065,1
U04522,1,3,0.8479726314544678,1
U04523,1,5,0.6354893445968628,1
U04524,1,4,0.3015673756599426,0
U04525,1,4,0.8480084538459778,1
U04526,1,4,0.9797672033309937,1
U04527,1,3,0.977072536945343,1
U04528,1,3,0.9843096733093262,1
U04529,1,3,0.8340622782707214,1
U04530,1,2,0.54400634765625,1
U04531,1,2,0.9939285516738892,1
U04532,1,1,0.9150983691215515,1
U04533,1,3,0.9644808769226074,1
U04534,1,3,0.8417879343032837,1
U04535,1,5,0.18455341458320618,0
U04536,1,3,0.8461779356002808,1
U04537,1,5,0.9399628639221191,1
U04538,1,5,0.6795569658279419,1
U04539,1,1,0.9672075510025024,1
U04540,1,2,0.3321314752101898,0
U04541,1,3,0.5448282361030579,1
U04542,1,4,0.9328250885009766,1
U04543,1,1,0.9175945520401001,1
U04544,1,4,0.7377694845199585,1
U04545,1,3,0.9333791136741638,1
U04546,1,3,0.7801317572593689,1
U04547,1,2,0.2799931466579437,0
U04548,1,2,0.9206104278564453,1
U04549,1,2,0.03750011324882507,0
U04550,1,2,0.8179579973220825,1
U04551,1,5,0.9570335149765015,1
U04552,1,4,0.9875110387802124,1
U04553,1,5,0.7556613683700562,1
U04554,1,1,0.9852099418640137,1
U04555,1,4,0.7547431588172913,1
U04556,1,3,0.9836078882217407,1
U04557,1,1,0.9222017526626587,1
U04558,1,1,0.8905801773071289,1
U04559,1,1,0.7665639519691467,1
U04560,1,1,0.9873147010803223,1
U04561,1,2,0.5960268974304199,1
U04562,1,4,0.9659260511398315,1
U04563,1,4,0.6664700508117676,1
U04564,1,2,0.7020645141601562,1
U04565,1,3,0.9953910112380981,1
U04566,1,1,0.7295748591423035,1
U04567,1,1,0.9028439521789551,1
U04568,1,5,0.9259824752807617,1
U04569,1,5,0.2014574408531189,0
U04570,1,5,0.8902660608291626,1
U04571,1,5,0.47666922211647034,0
U04572,1,5,0.8204591870307922,1
U04573,1,5,0.6708551049232483,1
U04574,1,5,0.7734580039978027,1
U04575,1,2,0.7485724687576294,1
U04576,1,1,0.9274594783782959,1
U04577,1,3,0.8974617123603821,1
U04578,1,3,0.3763498365879059,0
U04579,1,5,0.5663866996765137,1
U04580,1,4,0.9756953716278076,1
U04581,1,1,0.9033956527709961,1
U04582,1,4,0.895309567451477,1
U04583,1,1,0.5677857398986816,1
U04584,1,5,0.3479308485984802,0
U04585,1,3,0.9441707134246826,1
U04586,1,4,0.9468854665756226,1
U04587,1,5,0.7727787494659424,1
U04588,1,4,0.9531801342964172,1
U04589,1,2,0.05967535823583603,0
U04590,1,5,0.9872022867202759,1
U04591,1,2,0.7164435386657715,1
U04592,1,5,0.4744689464569092,0
U04593,1,2,0.6819474101066589,1
U04594,1,3,0.7615545392036438,1
U04595,1,5,0.4878985285758972,0
U04596,1,4,0.9300132989883423,1
U04597,1,3,0.32853037118911743,0
U04598,1,2,0.9650920629501343,1
U04599,1,5,0.5929603576660156,1
U04600,1,2,0.4878520965576172,0
U04601,1,4,0.6296725273132324,1
U04602,1,2,0.9826772809028625,1
U04603,1,5,0.9563404321670532,1
U04604,1,1,0.8511099815368652,1
U04605,1,4,0.9873301982879639,1
U04606,1,5,0.4873884320259094,0
U04607,1,2,0.9295485019683838,1
U04608,1,1,0.8771117925643921,1
U04609,1,5,0.15008968114852905,0
U04610,1,2,0.5425415635108948,1
U04611,1,3,0.15622395277023315,0
U04612,1,1,0.7361788749694824,1
U04613,1,5,0.7127897143363953,1
U04614,1,2,0.7649877071380615,1
U04615,1,2,0.8486505746841431,1
U04616,1,1,0.9548861980438232,1
U04617,1,1,0.5485562682151794,1
U04618,1,4,0.3521139323711395,0
U04619,1,4,0.8447436690330505,1
U04620,1,4,0.7582055926322937,1
U04621,1,2,0.054169632494449615,0
U04622,1,3,0.9636303186416626,1
U04623,1,5,0.9413303136825562,1
U04624,1,3,0.9540507793426514,1
U04625,1,2,0.8457745313644409,1
U04626,1,5,0.9516668915748596,1
U04627,1,1,0.924923300743103,1
U04628,1,3,0.9498705267906189,1
U04629,1,4,0.9838433265686035,1
U04630,1,3,0.9915106296539307,1
U04631,1,1,0.7135894298553467,1
U04632,1,1,0.4976489841938019,0
U04633,1,3,0.9311398267745972,1
U04634,1,3,0.8528911471366882,1
U04635,1,2,0.9232382774353027,1
U04636,1,3,0.9760642051696777,1
U04637,1,2,0.7995851635932922,1
U04638,1,3,0.9952885508537292,1
U04639,1,3,0.9130702614784241,1
U04640,1,3,0.9910053014755249,1
U04641,1,2,0.7382055521011353,1
U04642,1,3,0.9028527736663818,1
U04643,1,2,0.9393343925476074,1
U04644,1,3,0.9594406485557556,1
U04645,1,1,0.471861332654953,0
U04646,1,5,0.8531944751739502,1
U04647,1,4,0.9125018119812012,1
U04648,1,2,0.9177045226097107,1
U04649,1,2,0.9676041007041931,1
U04650,1,3,0.7603188753128052,1
U04651,1,1,0.99260014295578,1
U04652,1,3,0.7323867082595825,1
U04653,1,3,0.9365618228912354,1
U04654,1,4,0.8021728992462158,1
U04655,1,3,0.9686468839645386,1
U04656,1,3,0.7725421190261841,1
U04657,1,3,0.9983335137367249,1
U04658,1,2,0.9931788444519043,1
U04659,1,2,0.6123286485671997,1
U04660,1,2,0.38992249965667725,0
U04661,1,1,0.9572737216949463,1
U04662,1,3,0.1732524335384369,0
U04663,1,1,0.8791965246200562,1
U04664,1,3,0.9772570729255676,1
U04665,1,4,0.9388467073440552,1
U04666,1,2,0.838321328163147,1
U04667,1,3,0.5518534779548645,1
U04668,1,5,0.6324367523193359,1
U04669,1,5,0.9326949715614319,1
U04670,1,1,0.8849793672561646,1
U04671,1,1,0.885654091835022,1
U04672,1,2,0.6295921206474304,1
U04673,1,1,0.7637995481491089,1
U04674,1,3,0.9559426307678223,1
U04675,1,1,0.30435147881507874,0
U04676,1,2,0.9560121297836304,1
U04677,1,5,0.3048677146434784,0
U04678,1,2,0.8765934705734253,1
U04679,1,5,0.8667115569114685,1
U04680,1,4,0.7923064827919006,1
U04681,1,3,0.9719330072402954,1
U04682,1,1,0.7700480222702026,1
U04683,1,2,0.8362292647361755,1
U04684,1,5,0.8752803206443787,1
U04685,1,4,0.9788775444030762,1
U04686,1,1,0.9358805418014526,1
U04687,1,4,0.770179271697998,1
U04688,1,4,0.6881114840507507,1
U04689,1,4,0.8835849761962891,1
U04690,1,5,0.9646987318992615,1
U04691,1,4,0.4794010519981384,0
U04692,1,4,0.914948046207428,1
U04693,1,1,0.8313580751419067,1
U04694,1,5,0.4038096070289612,0
U04695,1,2,0.44510960578918457,0
U04696,1,4,0.9267268180847168,1
U04697,1,5,0.9182540774345398,1
U04698,1,4,0.8946320414543152,1
U04699,1,5,0.5905624032020569,1
U04700,1,2,0.9897975921630859,1
U04701,1,3,0.9574440717697144,1
U04702,1,4,0.9856294393539429,1
U04703,1,5,0.33708688616752625,0
U04704,1,3,0.972027599811554,1
U04705,1,1,0.8300546407699585,1
U04706,1,3,0.5080732107162476,1
U04707,1,2,0.9024258852005005,1
U04708,1,3,0.7742428779602051,1
U04709,1,3,0.9621130228042603,1
U04710,1,2,0.9697747230529785,1
U04711,1,2,0.9564400911331177,1
U04712,1,5,0.7427522540092468,1
U04713,1,2,0.9835091233253479,1
U04714,1,1,0.8457852602005005,1
U04715,1,5,0.41041505336761475,0
U04716,1,4,0.9454207420349121,1
U04717,1,5,0.6920874118804932,1
U04718,1,3,0.8396172523498535,1
U04719,1,5,0.8593707084655762,1
U04720,1,4,0.9727094173431396,1
U04721,1,4,0.8180394768714905,1
U04722,1,3,0.9500806331634521,1
U04723,1,5,0.8585414290428162,1
U04724,1,3,0.966915488243103,1
U04725,1,1,0.923594057559967,1
U04726,1,4,0.6455950736999512,1
U04727,1,5,0.8642679452896118,1
U04728,1,3,0.8120383024215698,1
U04729,1,3,0.9445734620094299,1
U04730,1,3,0.928615927696228,1
U04731,1,4,0.6108423471450806,1
U04732,1,1,0.8820528984069824,1
U04733,1,5,0.9859439730644226,1
U04734,1,4,0.8721736073493958,1
U04735,1,2,0.9776378870010376,1
U04736,1,2,0.6207275390625,1
U04737,1,4,0.9315742254257202,1
U04738,1,2,0.8685071468353271,1
U04739,1,1,0.9716198444366455,1
U04740,1,3,0.7236893773078918,1
U04741,1,3,0.8386186361312866,1
U04742,1,4,0.5947533845901489,1
U04743,1,3,0.5107280611991882,1
U04744,1,3,0.9004170894622803,1
U04745,1,2,0.9636795520782471,1
U04746,1,5,0.5648983716964722,1
U04747,1,1,0.6612144708633423,1
U04748,1,5,0.5346234440803528,1
U04749,1,4,0.4998285174369812,0
U04750,1,2,0.9942348003387451,1
U04751,1,4,0.8617332577705383,1
U04752,1,4,0.45860767364501953,0
U04753,1,1,0.5700558423995972,1
U04754,1,1,0.9931536912918091,1
U04755,1,1,0.6238405108451843,1
U04756,1,1,0.991031289100647,1
U04757,1,1,0.9627098441123962,1
U04758,1,1,0.9784191250801086,1
U04759,1,4,0.9076098799705505,1
U04760,1,1,0.7929973006248474,1
U04761,1,3,0.8164581060409546,1
U04762,1,3,0.8738446235656738,1
U04763,1,1,0.9522310495376587,1
U04764,1,1,0.9337502717971802,1
U04765,1,1,0.9728376269340515,1
U04766,1,5,0.8585165739059448,1
U04767,1,2,0.9349507689476013,1
U04768,1,5,0.5107237696647644,1
U04769,1,4,0.7718938589096069,1
U04770,1,4,0.8987537026405334,1
U04771,1,3,0.10772525519132614,0
U04772,1,4,0.7669286131858826,1
U04773,1,3,0.9722771644592285,1
U04774,1,5,0.8578294515609741,1
U04775,1,3,0.9856669306755066,1
U04776,1,3,0.9691450595855713,1
U04777,1,2,0.850267767906189,1
U04778,1,2,0.8961007595062256,1
U04779,1,3,0.40471145510673523,0
U04780,1,3,0.9539132118225098,1
U04781,1,1,0.9153656363487244,1
U04782,1,4,0.9300495386123657,1
U04783,1,2,0.41855475306510925,0
U04784,1,4,0.9921293258666992,1
U04785,1,2,0.9925332069396973,1
U04786,1,5,0.6434261798858643,1
U04787,1,5,0.6640796661376953,1
U04788,1,4,0.9942497611045837,1
U04789,1,5,0.7585421800613403,1
U04790,1,3,0.985945463180542,1
U04791,1,2,0.6922513246536255,1
U04792,1,4,0.8662824034690857,1
U04793,1,2,0.927859902381897,1
U04794,1,5,0.9193655252456665,1
U04795,1,4,0.9955555200576782,1
U04796,1,5,0.8156790733337402,1
U04797,1,3,0.9951095581054688,1
U04798,1,4,0.5717264413833618,1
U04799,1,2,0.5729629993438721,1
U04800,1,4,0.9210501313209534,1
U04801,1,5,0.4849436283111572,0
U04802,1,1,0.9911561012268066,1
U04803,1,1,0.6045755743980408,1
U04804,1,4,0.9922046661376953,1
U04805,1,2,0.8279627561569214,1
U04806,1,2,0.5198267698287964,1
U04807,1,3,0.07563214749097824,0
U04808,1,1,0.8015734553337097,1
U04809,1,2,0.10030600428581238,0
U04810,1,5,0.2637057602405548,0
U04811,1,1,0.8020137548446655,1
U04812,1,3,0.9093109369277954,1
U04813,1,4,0.9499203562736511,1
U04814,1,2,0.7397364377975464,1
U04815,1,1,0.6800260543823242,1
U04816,1,2,0.687415361404419,1
U04817,1,4,0.8549697399139404,1
U04818,1,4,0.9765102863311768,1
U04819,1,2,0.9194322228431702,1
U04820,1,3,0.9722299575805664,1
U04821,1,4,0.9042343497276306,1
U04822,1,1,0.9063371419906616,1
U04823,1,4,0.9321515560150146,1
U04824,1,4,0.9268987774848938,1
U04825,1,2,0.9169417023658752,1
U04826,1,2,0.7212929725646973,1
U04827,1,5,0.6076812148094177,1
U04828,1,2,0.44881147146224976,0
U04829,1,2,0.4017534852027893,0
U04830,1,1,0.9916360378265381,1
U04831,1,3,0.9816377758979797,1
U04832,1,4,0.8774638772010803,1
U04833,1,4,0.623660683631897,1
U04834,1,2,0.9941821694374084,1
U04835,1,3,0.9767018556594849,1
U04836,1,4,0.9029226899147034,1
U04837,1,2,0.8072289824485779,1
U04838,1,2,0.9786694645881653,1
U04839,1,3,0.8250983953475952,1
U04840,1,5,0.9208229780197144,1
U04841,1,3,0.6871521472930908,1
U04842,1,3,0.9474989175796509,1
U04843,1,2,0.9750394225120544,1
U04844,1,3,0.8383805751800537,1
U04845,1,4,0.9244189262390137,1
U04846,1,1,0.9895895719528198,1
U04847,1,4,0.3758724331855774,0
U04848,1,2,0.5447489023208618,1
U04849,1,4,0.9211260080337524,1
U04850,1,3,0.24322916567325592,0
U04851,1,2,0.5124997496604919,1
U04852,1,4,0.7709208726882935,1
U04853,1,3,0.24457424879074097,0
U04854,1,1,0.732607364654541,1
U04855,1,3,0.5648674368858337,1
U04856,1,3,0.10154932737350464,0
U04857,1,1,0.8188004493713379,1
U04858,1,1,0.8868687152862549,1
U04859,1,5,0.8803455233573914,1
U04860,1,3,0.8658133149147034,1
U04861,1,1,0.7962836027145386,1
U04862,1,1,0.8398668766021729,1
U04863,1,3,0.4123189449310303,0
U04864,1,5,0.8012519478797913,1
U04865,1,3,0.42928701639175415,0
U04866,1,5,0.9932794570922852,1
U04867,1,1,0.9025200605392456,1
U04868,1,4,0.05118614062666893,0
U04869,1,5,0.526813268661499,1
U04870,1,5,0.6727070212364197,1
U04871,1,4,0.36302611231803894,0
U04872,1,3,0.5696778297424316,1
U04873,1,3,0.6627950072288513,1
U04874,1,1,0.8647252321243286,1
U04875,1,3,0.9495607614517212,1
U04876,1,3,0.9771631956100464,1
U04877,1,1,0.9917069673538208,1
U04878,1,5,0.8857289552688599,1
U04879,1,1,0.9541146159172058,1
U04880,1,2,0.9892920851707458,1
U04881,1,5,0.5373973846435547,1
U04882,1,4,0.9560259580612183,1
U04883,1,2,0.8270298838615417,1
U04884,1,1,0.7003899812698364,1
U04885,1,3,0.8707754611968994,1
U04886,1,4,0.7967212200164795,1
U04887,1,4,0.39755889773368835,0
U04888,1,2,0.996802031993866,1
U04889,1,5,0.9288511276245117,1
U04890,1,3,0.9270002245903015,1
U04891,1,1,0.9188772439956665,1
U04892,1,2,0.6755087375640869,1
U04893,1,2,0.988774299621582,1
U04894,1,5,0.023420706391334534,0
U04895,1,1,0.9259040355682373,1
U04896,1,3,0.3025434613227844,0
U04897,1,1,0.9772388935089111,1
U04898,1,5,0.8355904817581177,1
U04899,1,3,0.9612442255020142,1
U04900,1,4,0.7591172456741333,1
U04901,1,5,0.9621257781982422,1
U04902,1,1,0.9767526984214783,1
U04903,1,2,0.9400070905685425,1
U04904,1,1,0.890400230884552,1
U04905,1,2,0.855232834815979,1
U04906,1,3,0.9904323816299438,1
U04907,1,5,0.9723131656646729,1
U04908,1,2,0.9295462369918823,1
U04909,1,4,0.88681560754776,1
U04910,1,3,0.9417828917503357,1
U04911,1,3,0.8164475560188293,1
U04912,1,4,0.9491499662399292,1
U04913,1,1,0.8256477117538452,1
U04914,1,3,0.7918747663497925,1
U04915,1,3,0.9783596992492676,1
U04916,1,3,0.157505065202713,0
U04917,1,4,0.9898592233657837,1
U04918,1,1,0.782597541809082,1
U04919,1,1,0.9933409094810486,1
U04920,1,4,0.9733035564422607,1
U04921,1,1,0.931093156337738,1
U04922,1,3,0.9287101030349731,1
U04923,1,1,0.7143585681915283,1
U04924,1,4,0.9370706081390381,1
U04925,1,1,0.981000542640686,1
U04926,1,4,0.6534439325332642,1
U04927,1,3,0.9462621212005615,1
U04928,1,4,0.9942131638526917,1
U04929,1,3,0.03796008974313736,0
U04930,1,3,0.375399112701416,0
U04931,1,4,0.9546481370925903,1
U04932,1,1,0.6858536005020142,1
U04933,1,5,0.6282061338424683,1
U04934,1,4,0.8865661025047302,1
U04935,1,3,0.5548002123832703,1
U04936,1,3,0.9333300590515137,1
U04937,1,5,0.6858279705047607,1
U04938,1,3,0.9744243621826172,1
U04939,1,2,0.9655293226242065,1
U04940,1,2,0.7847741842269897,1
U04941,1,3,0.9737212061882019,1
U04942,1,1,0.3992115259170532,0
U04943,1,1,0.9914984703063965,1
U04944,1,4,0.974567174911499,1
U04945,1,1,0.9837778806686401,1
U04946,1,1,0.7155752182006836,1
U04947,1,1,0.9930899143218994,1
U04948,1,2,0.9166040420532227,1
U04949,1,4,0.9011234045028687,1
U04950,1,4,0.83518385887146,1
U04951,1,5,0.7953232526779175,1
U04952,1,3,0.9850249290466309,1
U04953,1,2,0.8862717747688293,1
U04954,1,4,0.953922688961029,1
U04955,1,3,0.6250510811805725,1
U04956,1,2,0.9716366529464722,1
U04957,1,2,0.8668333292007446,1
U04958,1,1,0.5180695056915283,1
U04959,1,3,0.9620770812034607,1
U04960,1,3,0.03533894568681717,0
U04961,1,3,0.04192371293902397,0
U04962,1,1,0.7344414591789246,1
U04963,1,5,0.8979953527450562,1
U04964,1,4,0.7747002243995667,1
U04965,1,3,0.9603365063667297,1
U04966,1,5,0.8040800094604492,1
U04967,1,3,0.9690908789634705,1
U04968,1,5,0.8687373399734497,1
U04969,1,1,0.9267100691795349,1
U04970,1,2,0.986068844795227,1
U04971,1,1,0.9708008766174316,1
U04972,1,3,0.8101981282234192,1
U04973,1,5,0.4812663793563843,0
U04974,1,5,0.9567625522613525,1
U04975,1,2,0.9916560649871826,1
U04976,1,5,0.955496072769165,1
U04977,1,3,0.4799197316169739,0
U04978,1,4,0.9412365555763245,1
U04979,1,1,0.7302220463752747,1
U04980,1,4,0.9591676592826843,1
U04981,1,2,0.9609668254852295,1
U04982,1,2,0.8701502084732056,1
U04983,1,4,0.9845532178878784,1
U04984,1,3,0.9889740943908691,1
U04985,1,2,0.7547006011009216,1
U04986,1,3,0.6234180331230164,1
U04987,1,3,0.8826731443405151,1
U04988,1,5,0.8616558909416199,1
U04989,1,4,0.98600172996521,1
U04990,1,1,0.9229485988616943,1
U04991,1,3,0.9936015605926514,1
U04992,1,1,0.9910770654678345,1
U04993,1,4,0.9092199206352234,1
U04994,1,1,0.8777744770050049,1
U04995,1,2,0.42548227310180664,0
U04996,1,4,0.9563288688659668,1
U04997,1,4,0.3124130964279175,0
U04998,1,3,0.9870296716690063,1
U04999,1,3,0.9585348963737488,1
U05000,1,3,0.9076067209243774,1
U05001,1,4,0.424778014421463,0
U05002,1,4,0.5371320247650146,1
U05003,1,1,0.8583213686943054,1
U05004,1,2,0.9769023060798645,1
U05005,1,5,0.8666409254074097,1
U05006,1,4,0.6153546571731567,1
U05007,1,2,0.5092887282371521,1
U05008,1,1,0.7203311324119568,1
U05009,1,1,0.6226593852043152,1
U05010,1,1,0.8456273674964905,1
U05011,1,1,0.9524981379508972,1
U05012,1,2,0.8514496088027954,1
U05013,1,1,0.11153264343738556,0
U05014,1,4,0.969201922416687,1
U05015,1,2,0.044437430799007416,0
U05016,1,2,0.3471105992794037,0
U05017,1,3,0.9216530919075012,1
U05018,1,2,0.8399569392204285,1
U05019,1,3,0.6747289896011353,1
U05020,1,3,0.9210516214370728,1
U05021,1,3,0.9020585417747498,1
U05022,1,2,0.5481927990913391,1
U05023,1,1,0.6946932673454285,1
U05024,1,1,0.6136245727539062,1
U05025,1,2,0.29946669936180115,0
U05026,1,1,0.7564715147018433,1
U05027,1,3,0.5676067471504211,1
U05028,1,4,0.6041098237037659,1
U05029,1,3,0.972912073135376,1
U05030,1,3,0.9151414632797241,1
U05031,1,4,0.9399893879890442,1
U05032,1,1,0.971129298210144,1
U05033,1,1,0.9791533350944519,1
U05034,1,5,0.8772848844528198,1
U05035,1,2,0.9176242351531982,1
U05036,1,2,0.06726541370153427,0
U05037,1,1,0.8305070400238037,1
U05038,1,4,0.522768497467041,1
U05039,1,2,0.8289995789527893,1
U05040,1,4,0.940407931804657,1
U05041,1,1,0.8025165796279907,1
U05042,1,2,0.978564441204071,1
U05043,1,3,0.9507023692131042,1
U05044,1,2,0.9795111417770386,1
U05045,1,3,0.8666706681251526,1
U05046,1,5,0.6391208171844482,1
U05047,1,1,0.8483147621154785,1
U05048,1,5,0.5809610486030579,1
U05049,1,4,0.9369452595710754,1
U05050,1,4,0.9556200504302979,1
U05051,1,5,0.4794919490814209,0
U05052,1,1,0.9676196575164795,1
U05053,1,3,0.9613204002380371,1
U05054,1,3,0.882347822189331,1
U05055,1,3,0.46226102113723755,0
U05056,1,2,0.9581249356269836,1
U05057,1,4,0.9738543629646301,1
U05058,1,4,0.9602829217910767,1
U05059,1,1,0.952485203742981,1
U05060,1,3,0.9892460703849792,1
U05061,1,1,0.5654801726341248,1
U05062,1,4,0.9248173236846924,1
U05063,1,2,0.8489353656768799,1
U05064,1,2,0.9432159662246704,1
U05065,1,5,0.9902739524841309,1
U05066,1,2,0.4817987084388733,0
U05067,1,3,0.9632667303085327,1
U05068,1,4,0.9408559799194336,1
U05069,1,1,0.5298842191696167,1
U05070,1,3,0.9876251816749573,1
U05071,1,1,0.8884156346321106,1
U05072,1,3,0.7969486713409424,1
U05073,1,1,0.8618974089622498,1
U05074,1,5,0.4742453992366791,0
U05075,1,5,0.9903373718261719,1
U05076,1,4,0.9930997490882874,1
U05077,1,3,0.758563220500946,1
U05078,1,3,0.8962174654006958,1
U05079,1,5,0.3384965658187866,0
U05080,1,5,0.6125682592391968,1
U05081,1,1,0.5006110668182373,1
U05082,1,5,0.9221723675727844,1
U05083,1,2,0.8598206639289856,1
U05084,1,1,0.5642509460449219,1
U05085,1,1,0.9442495107650757,1
U05086,1,3,0.8931816220283508,1
U05087,1,2,0.9104341864585876,1
U05088,1,2,0.9830938577651978,1
U05089,1,4,0.37878626585006714,0
U05090,1,5,0.9301739931106567,1
U05091,1,2,0.878750205039978,1
U05092,1,3,0.9343886375427246,1
U05093,1,2,0.7501150965690613,1
U05094,1,5,0.8224464654922485,1
U05095,1,1,0.6126967668533325,1
U05096,1,3,0.5687974691390991,1
U05097,1,3,0.9646979570388794,1
U05098,1,4,0.9377614259719849,1
U05099,1,2,0.926944375038147,1
U05100,1,3,0.945716142654419,1
U05101,1,4,0.9629248976707458,1
U05102,1,3,0.9751431941986084,1
U05103,1,3,0.8493963479995728,1
U05104,1,1,0.9685168266296387,1
U05105,1,1,0.9903045296669006,1
U05106,1,2,0.8261484503746033,1
U05107,1,2,0.8392895460128784,1
U05108,1,4,0.9971787333488464,1
U05109,1,4,0.9625185132026672,1
U05110,1,5,0.952139139175415,1
U05111,1,4,0.11609591543674469,0
U05112,1,5,0.7180506587028503,1
U05113,1,5,0.5181565880775452,1
U05114,1,5,0.8098165392875671,1
U05115,1,4,0.9196790456771851,1
U05116,1,3,0.9611718654632568,1
U05117,1,3,0.977681577205658,1
U05118,1,3,0.4068338871002197,0
U05119,1,5,0.7986098527908325,1
U05120,1,1,0.8717109560966492,1
U05121,1,5,0.5864266157150269,1
U05122,1,1,0.6313518285751343,1
U05123,1,5,0.9353841543197632,1
U05124,1,5,0.9400045871734619,1
U05125,1,2,0.9044374823570251,1
U05126,1,3,0.9841403961181641,1
U05127,1,2,0.9833786487579346,1
U05128,1,2,0.18811343610286713,0
U05129,1,2,0.8623070120811462,1
U05130,1,2,0.09483383595943451,0
U05131,1,1,0.5949888229370117,1
U05132,1,3,0.9326022267341614,1
U05133,1,3,0.5080592632293701,1
U05134,1,5,0.9470722079277039,1
U05135,1,1,0.9570691585540771,1
U05136,1,1,0.5658746957778931,1
U05137,1,5,0.7433924078941345,1
U05138,1,2,0.42909854650497437,0
U05139,1,2,0.3111773133277893,0
U05140,1,1,0.9877254962921143,1
U05141,1,2,0.9971115589141846,1
U05142,1,3,0.9749296307563782,1
U05143,1,3,0.9302453994750977,1
U05144,1,4,0.9313466548919678,1
U05145,1,4,0.04073565825819969,0
U05146,1,3,0.23819661140441895,0
U05147,1,2,0.9974536299705505,1
U05148,1,2,0.8659536838531494,1
U05149,1,2,0.36728957295417786,0
U05150,1,4,0.9961110353469849,1
U05151,1,5,0.9928508400917053,1
U05152,1,2,0.7827406525611877,1
U05153,1,4,0.538761556148529,1
U05154,1,5,0.6064220666885376,1
U05155,1,2,0.9304366707801819,1
U05156,1,4,0.41537174582481384,0
U05157,1,2,0.9354120492935181,1
U05158,1,2,0.9597371816635132,1
U05159,1,1,0.7997453808784485,1
U05160,1,1,0.6887361407279968,1
U05161,1,4,0.14840412139892578,0
U05162,1,3,0.9867398738861084,1
U05163,1,3,0.2690378427505493,0
U05164,1,3,0.7830618023872375,1
U05165,1,2,0.7071141600608826,1
U05166,1,5,0.4368785619735718,0
U05167,1,1,0.9674074053764343,1
U05168,1,5,0.5288586616516113,1
U05169,1,4,0.8793818950653076,1
U05170,1,5,0.8825952410697937,1
U05171,1,2,0.9598609805107117,1
U05172,1,2,0.34803953766822815,0
U05173,1,1,0.7627297639846802,1
U05174,1,2,0.9653211832046509,1
U05175,1,5,0.2941839098930359,0
U05176,1,4,0.9308233857154846,1
U05177,1,3,0.9742305278778076,1
U05178,1,5,0.19251802563667297,0
U05179,1,5,0.6278603672981262,1
U05180,1,3,0.2551290988922119,0
U05181,1,3,0.9929842352867126,1
U05182,1,2,0.3819209933280945,0
U05183,1,3,0.8503568172454834,1
U05184,1,3,0.796963095664978,1
U05185,1,3,0.21612808108329773,0
U05186,1,4,0.910123348236084,1
U05187,1,2,0.8450922966003418,1
U05188,1,5,0.7621791362762451,1
U05189,1,3,0.9753958582878113,1
U05190,1,3,0.9354812502861023,1
U05191,1,3,0.9950623512268066,1
U05192,1,1,0.9535883069038391,1
U05193,1,3,0.9761951565742493,1
U05194,1,1,0.9619699716567993,1
U05195,1,2,0.978100597858429,1
U05196,1,2,0.3732282519340515,0
U05197,1,2,0.9779061675071716,1
U05198,1,5,0.44620686769485474,0
U05199,1,4,0.8753071427345276,1
U05200,1,5,0.40321725606918335,0
U05201,1,1,0.8791918158531189,1
U05202,1,5,0.1252375990152359,0
U05203,1,2,0.7449743747711182,1
U05204,1,1,0.7950201630592346,1
U05205,1,5,0.6291629076004028,1
U05206,1,5,0.7865621447563171,1
U05207,1,5,0.8136499524116516,1
U05208,1,2,0.950874388217926,1
U05209,1,5,0.6536027789115906,1
U05210,1,4,0.9434269666671753,1
U05211,1,1,0.9934857487678528,1
U05212,1,2,0.9676463603973389,1
U05213,1,5,0.6062232255935669,1
U05214,1,3,0.9803097248077393,1
U05215,1,5,0.9301660060882568,1
U05216,1,2,0.9213194847106934,1
U05217,1,5,0.950126051902771,1
U05218,1,2,0.43888968229293823,0
U05219,1,2,0.9274294376373291,1
U05220,1,1,0.9844595193862915,1
U05221,1,4,0.9927732944488525,1
U05222,1,5,0.9138416647911072,1
U05223,1,1,0.9882753491401672,1
U05224,1,4,0.9440668821334839,1
U05225,1,1,0.892104983329773,1
U05226,1,1,0.908583402633667,1
U05227,1,1,0.9913196563720703,1
U05228,1,3,0.7348960638046265,1
U05229,1,2,0.9010640382766724,1
U05230,1,4,0.8901167511940002,1
U05231,1,1,0.948192834854126,1
U05232,1,4,0.05781777203083038,0
U05233,1,5,0.3142806887626648,0
U05234,1,5,0.8839248418807983,1
U05235,1,1,0.8959195613861084,1
U05236,1,5,0.9930645227432251,1
U05237,1,1,0.9189410209655762,1
U05238,1,5,0.06408296525478363,0
U05239,1,1,0.8915857076644897,1
U05240,1,5,0.9786927700042725,1
U05241,1,4,0.4486035406589508,0
U05242,1,1,0.9768660664558411,1
U05243,1,4,0.31818825006484985,0
U05244,1,1,0.9526803493499756,1
U05245,1,4,0.9667399525642395,1
U05246,1,1,0.9644207954406738,1
U05247,1,4,0.9085087776184082,1
U05248,1,5,0.9241670370101929,1
U05249,1,3,0.3396757245063782,0
U05250,1,1,0.9693590402603149,1
U05251,1,3,0.26436424255371094,0
U05252,1,4,0.9433246850967407,1
U05253,1,4,0.5477908849716187,1
U05254,1,4,0.7147951126098633,1
U05255,1,4,0.9318934082984924,1
U05256,1,3,0.551971971988678,1
U05257,1,3,0.8628504872322083,1
U05258,1,1,0.7565423250198364,1
U05259,1,4,0.9446800351142883,1
U05260,1,4,0.9290753602981567,1
U05261,1,4,0.9733316898345947,1
U05262,1,4,0.6082152724266052,1
U05263,1,2,0.9546120166778564,1
U05264,1,1,0.968319833278656,1
U05265,1,2,0.9824069738388062,1
U05266,1,4,0.7002449631690979,1
U05267,1,1,0.9365944266319275,1
U05268,1,3,0.9500541090965271,1
U05269,1,1,0.5019067525863647,1
U05270,1,5,0.9927917718887329,1
U05271,1,2,0.9727805256843567,1
U05272,1,5,0.08907483518123627,0
U05273,1,3,0.9891942143440247,1
U05274,1,3,0.9004870653152466,1
U05275,1,2,0.9624203443527222,1
U05276,1,5,0.7566769123077393,1
U05277,1,2,0.9977118372917175,1
U05278,1,1,0.9743552207946777,1
U05279,1,1,0.9095881581306458,1
U05280,1,2,0.8110165596008301,1
U05281,1,1,0.7363495230674744,1
U05282,1,1,0.8766323924064636,1
U05283,1,1,0.8697413802146912,1
U05284,1,1,0.5709958672523499,1
U05285,1,3,0.6807470321655273,1
U05286,1,4,0.5410794019699097,1
U05287,1,3,0.07729794085025787,0
U05288,1,3,0.822777509689331,1
U05289,1,3,0.939113199710846,1
U05290,1,1,0.9908414483070374,1
U05291,1,3,0.7429010272026062,1
U05292,1,3,0.879400372505188,1
U05293,1,5,0.9266257882118225,1
U05294,1,1,0.6946297287940979,1
U05295,1,4,0.929970383644104,1
U05296,1,3,0.952962338924408,1
U05297,1,1,0.7440919876098633,1
U05298,1,3,0.8924206495285034,1
U05299,1,5,0.6272300481796265,1
U05300,1,4,0.3362245559692383,0
U05301,1,3,0.9973387122154236,1
U05302,1,2,0.8888293504714966,1
U05303,1,4,0.9104875326156616,1
U05304,1,4,0.9369359612464905,1
U05305,1,5,0.9962506890296936,1
U05306,1,5,0.1478118598461151,0
U05307,1,3,0.41697439551353455,0
U05308,1,4,0.22632184624671936,0
U05309,1,3,0.8622939586639404,1
U05310,1,5,0.9754282236099243,1
U05311,1,5,0.8470995426177979,1
U05312,1,2,0.983269453048706,1
U05313,1,2,0.6865270137786865,1
U05314,1,2,0.9974859356880188,1
U05315,1,5,0.2801937162876129,0
U05316,1,1,0.9110297560691833,1
U05317,1,4,0.2428394854068756,0
U05318,1,1,0.9340780973434448,1
U05319,1,5,0.9027309417724609,1
U05320,1,2,0.8737732172012329,1
U05321,1,2,0.017523519694805145,0
U05322,1,3,0.10788336396217346,0
U05323,1,5,0.8259024024009705,1
U05324,1,2,0.9902676343917847,1
U05325,1,5,0.6408900022506714,1
U05326,1,1,0.3157057762145996,0
U05327,1,5,0.9687365293502808,1
U05328,1,4,0.6160929203033447,1
U05329,1,4,0.8509707450866699,1
U05330,1,2,0.7041990756988525,1
U05331,1,2,0.17730093002319336,0
U05332,1,5,0.8115071058273315,1
U05333,1,5,0.831125020980835,1
U05334,1,4,0.9698453545570374,1
U05335,1,4,0.954498827457428,1
U05336,1,5,0.36440882086753845,0
U05337,1,3,0.8946965336799622,1
U05338,1,1,0.9250566363334656,1
U05339,1,2,0.9612299203872681,1
U05340,1,3,0.8941650390625,1
U05341,1,4,0.6437182426452637,1
U05342,1,4,0.9407542943954468,1
U05343,1,2,0.9814768433570862,1
U05344,1,1,0.7590140700340271,1
U05345,1,3,0.9708544611930847,1
U05346,1,4,0.5442454814910889,1
U05347,1,5,0.9314274787902832,1
U05348,1,2,0.9607215523719788,1
U05349,1,3,0.8690440654754639,1
U05350,1,1,0.9068877696990967,1
U05351,1,2,0.9522444009780884,1
U05352,1,2,0.8986076712608337,1
U05353,1,2,0.45975935459136963,0
U05354,1,4,0.8830581903457642,1
U05355,1,5,0.8229522705078125,1
U05356,1,4,0.31016239523887634,0
U05357,1,5,0.6254801750183105,1
U05358,1,2,0.7164608240127563,1
U05359,1,3,0.9644631147384644,1
U05360,1,1,0.8646509647369385,1
U05361,1,5,0.2798064649105072,0
U05362,1,5,0.919044017791748,1
U05363,1,3,0.8890855312347412,1
U05364,1,2,0.921776533126831,1
U05365,1,3,0.8434537649154663,1
U05366,1,3,0.8594602346420288,1
U05367,1,5,0.5286697149276733,1
U05368,1,4,0.6921706795692444,1
U05369,1,5,0.9514099359512329,1
U05370,1,3,0.7107584476470947,1
U05371,1,5,0.9034512042999268,1
U05372,1,3,0.892704963684082,1
U05373,1,3,0.8599914312362671,1
U05374,1,1,0.9381248950958252,1
U05375,1,4,0.9863923192024231,1
U05376,1,2,0.9033135175704956,1
U05377,1,5,0.9709216356277466,1
U05378,1,4,0.7456310391426086,1
U05379,1,1,0.7832366824150085,1
U05380,1,2,0.9801536798477173,1
U05381,1,3,0.5501186847686768,1
U05382,1,1,0.4655664265155792,0
U05383,1,2,0.9490067958831787,1
U05384,1,5,0.9921419620513916,1
U05385,1,2,0.5024730563163757,1
U05386,1,1,0.8479653000831604,1
U05387,1,3,0.6814097166061401,1
U05388,1,4,0.990050196647644,1
U05389,1,1,0.8328713178634644,1
U05390,1,2,0.6181535720825195,1
U05391,1,2,0.7659895420074463,1
U05392,1,2,0.9769430160522461,1
U05393,1,2,0.954951286315918,1
U05394,1,3,0.9318724870681763,1
U05395,1,4,0.9476855993270874,1
U05396,1,3,0.8243878483772278,1
U05397,1,1,0.8499667644500732,1
U05398,1,4,0.42639589309692383,0
U05399,1,4,0.9629797339439392,1
U05400,1,4,0.7296676635742188,1
U05401,1,2,0.9657177329063416,1
U05402,1,3,0.8356075286865234,1
U05403,1,4,0.9895808696746826,1
U05404,1,4,0.984600305557251,1
U05405,1,3,0.114713154733181,0
U05406,1,4,0.4964166581630707,0
U05407,1,1,0.7502126097679138,1
U05408,1,5,0.642967700958252,1
U05409,1,3,0.219173401594162,0
U05410,1,2,0.7556203007698059,1
U05411,1,5,0.3571816086769104,0
U05412,1,2,0.5910689830780029,1
U05413,1,2,0.19071169197559357,0
U05414,1,2,0.1084098294377327,0
U05415,1,3,0.7549085021018982,1
U05416,1,4,0.15723156929016113,0
U05417,1,2,0.7504924535751343,1
U05418,1,2,0.558874249458313,1
U05419,1,5,0.880886435508728,1
U05420,1,4,0.9924250245094299,1
U05421,1,5,0.7421656250953674,1
U05422,1,2,0.2031487375497818,0
U05423,1,4,0.3545728027820587,0
U05424,1,4,0.9726832509040833,1
U05425,1,2,0.8751888275146484,1
U05426,1,3,0.6739004254341125,1
U05427,1,2,0.9791532158851624,1
U05428,1,2,0.9059612154960632,1
U05429,1,1,0.9173192977905273,1
U05430,1,3,0.8033004403114319,1
U05431,1,4,0.5744740962982178,1
U05432,1,3,0.5881168842315674,1
U05433,1,2,0.9884167909622192,1
U05434,1,1,0.9707270264625549,1
U05435,1,2,0.9322076439857483,1
U05436,1,5,0.3371399939060211,0
U05437,1,4,0.7965975999832153,1
U05438,1,3,0.9325560927391052,1
U05439,1,4,0.4135739505290985,0
U05440,1,1,0.7867436408996582,1
U05441,1,2,0.47560662031173706,0
U05442,1,4,0.5300524234771729,1
U05443,1,5,0.0059511722065508366,0
U05444,1,5,0.19220125675201416,0
U05445,1,4,0.5607653856277466,1
U05446,1,1,0.9086657166481018,1
U05447,1,1,0.822212815284729,1
U05448,1,1,0.4333309233188629,0
U05449,1,4,0.9702324271202087,1
U05450,1,3,0.5617094039916992,1
U05451,1,2,0.8231793642044067,1
U05452,1,5,0.777051568031311,1
U05453,1,3,0.9496503472328186,1
U05454,1,4,0.9497612714767456,1
U05455,1,1,0.934529721736908,1
U05456,1,5,0.8820457458496094,1
U05457,1,4,0.9493215680122375,1
U05458,1,2,0.5835584402084351,1
U05459,1,4,0.7930278778076172,1
U05460,1,4,0.6894944906234741,1
U05461,1,4,0.9609653949737549,1
U05462,1,5,0.7880138158798218,1
U05463,1,4,0.27282780408859253,0
U05464,1,2,0.9947930574417114,1
U05465,1,5,0.7663315534591675,1
U05466,1,2,0.6953654885292053,1
U05467,1,4,0.9810059070587158,1
U05468,1,2,0.8856588006019592,1
U05469,1,2,0.7011851072311401,1
U05470,1,2,0.961174726486206,1
U05471,1,4,0.990772008895874,1
U05472,1,5,0.6791242361068726,1
U05473,1,4,0.35056746006011963,0
U05474,1,3,0.8670755624771118,1
U05475,1,4,0.9483788013458252,1
U05476,1,2,0.8196021318435669,1
U05477,1,2,0.6192284822463989,1
U05478,1,4,0.9471582174301147,1
U05479,1,2,0.8495703339576721,1
U05480,1,5,0.39792394638061523,0
U05481,1,3,0.9358247518539429,1
U05482,1,2,0.8543194532394409,1
U05483,1,1,0.8768367767333984,1
U05484,1,2,0.2992344796657562,0
U05485,1,4,0.9926638603210449,1
U05486,1,3,0.896450936794281,1
U05487,1,4,0.9915838241577148,1
U05488,1,3,0.2606121599674225,0
U05489,1,3,0.5220319628715515,1
U05490,1,1,0.17854398488998413,0
U05491,1,5,0.6605224609375,1
U05492,1,5,0.9066245555877686,1
U05493,1,4,0.9921848773956299,1
U05494,1,5,0.11121195554733276,0
U05495,1,4,0.8898923397064209,1
U05496,1,4,0.6465444564819336,1
U05497,1,4,0.9802022576332092,1
U05498,1,3,0.9448462128639221,1
U05499,1,2,0.6909793615341187,1
U05500,1,3,0.7945316433906555,1
U05501,1,2,0.937514066696167,1
U05502,1,5,0.16869980096817017,0
U05503,1,4,0.7199906706809998,1
U05504,1,4,0.011592217721045017,0
U05505,1,4,0.3871726095676422,0
U05506,1,4,0.9952487945556641,1
U05507,1,5,0.8643308877944946,1
U05508,1,4,0.5514129400253296,1
U05509,1,4,0.4398597180843353,0
U05510,1,4,0.4198787212371826,0
U05511,1,2,0.6201567649841309,1
U05512,1,4,0.9385879039764404,1
U05513,1,4,0.9796692728996277,1
U05514,1,2,0.7074846029281616,1
U05515,1,5,0.1579817235469818,0
U05516,1,3,0.9132755994796753,1
U05517,1,1,0.9764657616615295,1
U05518,1,5,0.9729997515678406,1
U05519,1,3,0.8375328183174133,1
U05520,1,5,0.9372953772544861,1
U05521,1,3,0.9104741811752319,1
U05522,1,2,0.8779565691947937,1
U05523,1,4,0.944501519203186,1
U05524,1,1,0.8256984353065491,1
U05525,1,3,0.8861829042434692,1
U05526,1,5,0.9823530912399292,1
U05527,1,3,0.5364381074905396,1
U05528,1,2,0.5104765892028809,1
U05529,1,2,0.8248170018196106,1
U05530,1,4,0.40464216470718384,0
U05531,1,4,0.6139755249023438,1
U05532,1,5,0.9882447719573975,1
U05533,1,1,0.9475823044776917,1
U05534,1,3,0.4375016391277313,0
U05535,1,3,0.9796661734580994,1
U05536,1,4,0.5185704231262207,1
U05537,1,3,0.3590499758720398,0
U05538,1,3,0.9858587384223938,1
U05539,1,5,0.8156751394271851,1
U05540,1,4,0.8029754757881165,1
U05541,1,4,0.31131410598754883,0
U05542,1,3,0.6586461663246155,1
U05543,1,5,0.9256534576416016,1
U05544,1,4,0.5609861016273499,1
U05545,1,5,0.4305669367313385,0
U05546,1,4,0.8294923305511475,1
U05547,1,2,0.7492310404777527,1
U05548,1,4,0.9471040368080139,1
U05549,1,4,0.9162918329238892,1
U05550,1,5,0.7583820223808289,1
U05551,1,3,0.8289593458175659,1
U05552,1,5,0.8117308616638184,1
U05553,1,5,0.817922055721283,1
U05554,1,3,0.9697726964950562,1
U05555,1,5,0.41020679473876953,0
U05556,1,4,0.877238392829895,1
U05557,1,1,0.9691861867904663,1
U05558,1,5,0.7853888273239136,1
U05559,1,2,0.6959039568901062,1
U05560,1,5,0.5192018747329712,1
U05561,1,1,0.9722867608070374,1
U05562,1,4,0.9034560918807983,1
U05563,1,5,0.9924264550209045,1
U05564,1,2,0.08048556745052338,0
U05565,1,5,0.9817086458206177,1
U05566,1,1,0.32168200612068176,0
U05567,1,3,0.9532090425491333,1
U05568,1,4,0.18447162210941315,0
U05569,1,5,0.4432937800884247,0
U05570,1,3,0.920650064945221,1
U05571,1,2,0.9527009129524231,1
U05572,1,2,0.127509206533432,0
U05573,1,4,0.9372879862785339,1
U05574,1,2,0.893317699432373,1
U05575,1,2,0.9884238839149475,1
U05576,1,4,0.536136269569397,1
U05577,1,4,0.06524015963077545,0
U05578,1,3,0.8192340731620789,1
U05579,1,3,0.6277662515640259,1
U05580,1,3,0.5338079929351807,1
U05581,1,4,0.9956147074699402,1
U05582,1,5,0.575761079788208,1
U05583,1,3,0.38161933422088623,0
U05584,1,2,0.23994338512420654,0
U05585,1,2,0.6002925038337708,1
U05586,1,4,0.18498608469963074,0
U05587,1,1,0.8356092572212219,1
U05588,1,4,0.6641815304756165,1
U05589,1,4,0.9193986654281616,1
U05590,1,4,0.2062634378671646,0
U05591,1,4,0.9824122190475464,1
U05592,1,1,0.6997296810150146,1
U05593,1,5,0.36464864015579224,0
U05594,1,1,0.9015347957611084,1
U05595,1,3,0.9969441890716553,1
U05596,1,2,0.7336544394493103,1
U05597,1,2,0.8284085392951965,1
U05598,1,4,0.2517309784889221,0
U05599,1,5,0.5816736221313477,1
U05600,1,2,0.7919144034385681,1
U05601,1,4,0.8753175139427185,1
U05602,1,1,0.7441269755363464,1
U05603,1,5,0.8619357347488403,1
U05604,1,2,0.9341100454330444,1
U05605,1,5,0.9605568647384644,1
U05606,1,1,0.5102293491363525,1
U05607,1,2,0.7503044605255127,1
U05608,1,5,0.7975178956985474,1
U05609,1,5,0.8549039363861084,1
U05610,1,4,0.6236108541488647,1
U05611,1,1,0.9319146871566772,1
U05612,1,3,0.4590874910354614,0
U05613,1,4,0.9097972512245178,1
U05614,1,4,0.7108373641967773,1
U05615,1,5,0.6163510084152222,1
U05616,1,4,0.21246719360351562,0
U05617,1,3,0.6510617733001709,1
U05618,1,5,0.9913450479507446,1
U05619,1,1,0.9399838447570801,1
U05620,1,1,0.9417914152145386,1
U05621,1,5,0.5036655068397522,1
U05622,1,3,0.9544534683227539,1
U05623,1,5,0.10675258934497833,0
U05624,1,4,0.18640218675136566,0
U05625,1,5,0.4496074318885803,0
U05626,1,5,0.972822904586792,1
U05627,1,3,0.9862092733383179,1
U05628,1,2,0.8686398267745972,1
U05629,1,1,0.7916025519371033,1
U05630,1,2,0.8224793672561646,1
U05631,1,5,0.8162723183631897,1
U05632,1,4,0.30782604217529297,0
U05633,1,2,0.9702003002166748,1
U05634,1,5,0.8293075561523438,1
U05635,1,2,0.9906779527664185,1
U05636,1,4,0.9845989942550659,1
U05637,1,1,0.7158404588699341,1
U05638,1,4,0.9006750583648682,1
U05639,1,3,0.5439696311950684,1
U05640,1,1,0.9603228569030762,1
U05641,1,2,0.9796065092086792,1
U05642,1,5,0.8747751712799072,1
U05643,1,5,0.8236531615257263,1
U05644,1,5,0.5168236494064331,1
U05645,1,2,0.9824144840240479,1
U05646,1,1,0.799744188785553,1
U05647,1,2,0.7883831262588501,1
U05648,1,4,0.06316123157739639,0
U05649,1,1,0.47853153944015503,0
U05650,1,3,0.8121808171272278,1
U05651,1,3,0.4101598560810089,0
U05652,1,2,0.9274912476539612,1
U05653,1,3,0.6490731835365295,1
U05654,1,2,0.966417133808136,1
U05655,1,2,0.8817344903945923,1
U05656,1,2,0.7695139050483704,1
U05657,1,5,0.9816800355911255,1
U05658,1,5,0.48026588559150696,0
U05659,1,2,0.8479941487312317,1
U05660,1,5,0.9215655326843262,1
U05661,1,3,0.3365477919578552,0
U05662,1,2,0.8243957161903381,1
U05663,1,5,0.5743439197540283,1
U05664,1,1,0.9647324085235596,1
U05665,1,5,0.647706925868988,1
U05666,1,5,0.6845715045928955,1
U05667,1,4,0.9698578119277954,1
U05668,1,2,0.933285117149353,1
U05669,1,3,0.7963137626647949,1
U05670,1,2,0.9803360104560852,1
U05671,1,5,0.7540873289108276,1
U05672,1,2,0.8879337310791016,1
U05673,1,2,0.9146174192428589,1
U05674,1,5,0.7528045177459717,1
U05675,1,2,0.9942368268966675,1
U05676,1,2,0.7129426598548889,1
U05677,1,3,0.9172541499137878,1
U05678,1,3,0.7105533480644226,1
U05679,1,5,0.943057656288147,1
U05680,1,3,0.9975331425666809,1
U05681,1,4,0.9975273609161377,1
U05682,1,1,0.9826603531837463,1
U05683,1,5,0.9927617907524109,1
U05684,1,4,0.5932350754737854,1
U05685,1,5,0.41572996973991394,0
U05686,1,5,0.9569234251976013,1
U05687,1,4,0.9556847214698792,1
U05688,1,5,0.5490392446517944,1
U05689,1,5,0.9762962460517883,1
U05690,1,1,0.9510535597801208,1
U05691,1,3,0.9284337162971497,1
U05692,1,3,0.6082779169082642,1
U05693,1,4,0.2369185984134674,0
U05694,1,1,0.9127526879310608,1
U05695,1,2,0.7206946611404419,1
U05696,1,1,0.9953975677490234,1
U05697,1,1,0.9599093198776245,1
U05698,1,4,0.845930278301239,1
U05699,1,2,0.9711304903030396,1
U05700,1,5,0.8739217519760132,1
U05701,1,4,0.8257889747619629,1
U05702,1,5,0.3738289177417755,0
U05703,1,2,0.9921132922172546,1
U05704,1,5,0.7361258864402771,1
U05705,1,2,0.915026068687439,1
U05706,1,2,0.4776511788368225,0
U05707,1,1,0.9576113224029541,1
U05708,1,2,0.6545385122299194,1
U05709,1,2,0.9824799299240112,1
U05710,1,2,0.6113478541374207,1
U05711,1,4,0.03380759432911873,0
U05712,1,2,0.9390978813171387,1
U05713,1,4,0.7955756187438965,1
U05714,1,2,0.9689408540725708,1
U05715,1,3,0.10377451032400131,0
U05716,1,3,0.39235401153564453,0
U05717,1,1,0.42494770884513855,0
U05718,1,3,0.9035624265670776,1
U05719,1,4,0.27655020356178284,0
U05720,1,2,0.9546886682510376,1
U05721,1,2,0.9270398616790771,1
U05722,1,5,0.8478651642799377,1
U05723,1,4,0.3438251316547394,0
U05724,1,1,0.9643924236297607,1
U05725,1,1,0.7503495216369629,1
U05726,1,1,0.9243469834327698,1
U05727,1,2,0.9289844632148743,1
U05728,1,2,0.641014814376831,1
U05729,1,5,0.595241904258728,1
U05730,1,3,0.1166505366563797,0
U05731,1,1,0.5490521192550659,1
U05732,1,5,0.4260235130786896,0
U05733,1,3,0.9655998945236206,1
U05734,1,5,0.5843648314476013,1
U05735,1,2,0.9476326704025269,1
U05736,1,1,0.1480669379234314,0
U05737,1,5,0.9784438610076904,1
U05738,1,4,0.8400336503982544,1
U05739,1,3,0.9008333086967468,1
U05740,1,2,0.7116247415542603,1
U05741,1,3,0.9353669881820679,1
U05742,1,4,0.9309319257736206,1
U05743,1,5,0.21561548113822937,0
U05744,1,2,0.7357614040374756,1
U05745,1,5,0.5958855152130127,1
U05746,1,2,0.9333667159080505,1
U05747,1,1,0.8597530126571655,1
U05748,1,4,0.6578676700592041,1
U05749,1,3,0.882060170173645,1
U05750,1,5,0.09360601007938385,0
U05751,1,5,0.3021595776081085,0
U05752,1,4,0.8799375295639038,1
U05753,1,5,0.7876157760620117,1
U05754,1,3,0.8710726499557495,1
U05755,1,3,0.9555603861808777,1
U05756,1,3,0.9796552658081055,1
U05757,1,5,0.9479302167892456,1
U05758,1,5,0.6709012389183044,1
U05759,1,5,0.915271520614624,1
U05760,1,1,0.535286545753479,1
U05761,1,1,0.6402634382247925,1
U05762,1,1,0.7180881500244141,1
U05763,1,3,0.48742789030075073,0
U05764,1,2,0.7818266749382019,1
U05765,1,2,0.9064579010009766,1
U05766,1,4,0.5215027928352356,1
U05767,1,4,0.39438626170158386,0
U05768,1,2,0.42520976066589355,0
U05769,1,3,0.9402567148208618,1
U05770,1,1,0.966004490852356,1
U05771,1,2,0.9717510938644409,1
U05772,1,3,0.9756336212158203,1
U05773,1,4,0.7566490769386292,1
U05774,1,5,0.976958155632019,1
U05775,1,5,0.36405670642852783,0
U05776,1,2,0.9700477123260498,1
U05777,1,2,0.9781336188316345,1
U05778,1,1,0.44138431549072266,0
U05779,1,5,0.42522120475769043,0
U05780,1,4,0.8980356454849243,1
U05781,1,1,0.8442586064338684,1
U05782,1,4,0.7786622047424316,1
U05783,1,4,0.5009108781814575,1
U05784,1,2,0.557190477848053,1
U05785,1,2,0.6418269872665405,1
U05786,1,5,0.7314401865005493,1
U05787,1,4,0.6356682777404785,1
U05788,1,3,0.890365719795227,1
U05789,1,4,0.9477702975273132,1
U05790,1,2,0.36783677339553833,0
U05791,1,3,0.7246288061141968,1
U05792,1,3,0.9446642398834229,1
U05793,1,2,0.8676609396934509,1
U05794,1,1,0.9829796552658081,1
U05795,1,2,0.9850668907165527,1
U05796,1,3,0.8908065557479858,1
U05797,1,5,0.905124306678772,1
U05798,1,1,0.6016088128089905,1
U05799,1,3,0.8639750480651855,1
U05800,1,2,0.41343042254447937,0
U05801,1,4,0.08078400790691376,0
U05802,1,2,0.9928300976753235,1
U05803,1,4,0.2295481413602829,0
U05804,1,2,0.8763294219970703,1
U05805,1,1,0.9909090995788574,1
U05806,1,5,0.9889943599700928,1
U05807,1,1,0.9153704047203064,1
U05808,1,3,0.9765762090682983,1
U05809,1,5,0.8184840679168701,1
U05810,1,2,0.8011834025382996,1
U05811,1,3,0.7761735916137695,1
U05812,1,2,0.8215534687042236,1
U05813,1,5,0.9157141447067261,1
U05814,1,1,0.7860236167907715,1
U05815,1,4,0.9848897457122803,1
U05816,1,2,0.890537679195404,1
U05817,1,2,0.5673847794532776,1
U05818,1,2,0.8536994457244873,1
U05819,1,4,0.7928709983825684,1
U05820,1,2,0.7931570410728455,1
U05821,1,5,0.7311437129974365,1
U05822,1,5,0.9493638277053833,1
U05823,1,2,0.8383005261421204,1
U05824,1,5,0.3068666458129883,0
U05825,1,1,0.9561949372291565,1
U05826,1,2,0.8488922119140625,1
U05827,1,1,0.9165518283843994,1
U05828,1,1,0.9740304350852966,1
U05829,1,3,0.9967617988586426,1
U05830,1,3,0.7254977226257324,1
U05831,1,4,0.8046790957450867,1
U05832,1,5,0.35081252455711365,0
U05833,1,5,0.23490482568740845,0
U05834,1,3,0.5587920546531677,1
U05835,1,1,0.9752919673919678,1
U05836,1,3,0.9718316793441772,1
U05837,1,5,0.9747394323348999,1
U05838,1,4,0.8812721967697144,1
U05839,1,1,0.941260576248169,1
U05840,1,2,0.9013577103614807,1
U05841,1,5,0.7401411533355713,1
U05842,1,2,0.9319915175437927,1
U05843,1,2,0.2525588870048523,0
U05844,1,1,0.7406495213508606,1
U05845,1,5,0.754531741142273,1
U05846,1,5,0.6478337049484253,1
U05847,1,2,0.9423720836639404,1
U05848,1,4,0.9121663570404053,1
U05849,1,2,0.32829809188842773,0
U05850,1,2,0.9463286995887756,1
U05851,1,3,0.8587071299552917,1
U05852,1,1,0.5912712216377258,1
U05853,1,1,0.9923630356788635,1
U05854,1,5,0.7997413873672485,1
U05855,1,4,0.8138561248779297,1
U05856,1,3,0.7085597515106201,1
U05857,1,5,0.9312918186187744,1
U05858,1,3,0.6222506761550903,1
U05859,1,2,0.4695891737937927,0
U05860,1,2,0.987067461013794,1
U05861,1,4,0.9556735754013062,1
U05862,1,4,0.3643243908882141,0
U05863,1,3,0.5825750827789307,1
U05864,1,2,0.2903902530670166,0
U05865,1,2,0.7742345333099365,1
U05866,1,5,0.9538137316703796,1
U05867,1,5,0.5046851634979248,1
U05868,1,5,0.1734979748725891,0
U05869,1,4,0.7921266555786133,1
U05870,1,3,0.5831470489501953,1
U05871,1,2,0.7144561409950256,1
U05872,1,1,0.9280325770378113,1
U05873,1,5,0.9470038414001465,1
U05874,1,5,0.9061086773872375,1
U05875,1,2,0.8535045385360718,1
U05876,1,2,0.8313990831375122,1
U05877,1,2,0.949140191078186,1
U05878,1,2,0.9012724757194519,1
U05879,1,5,0.7583911418914795,1
U05880,1,5,0.983538031578064,1
U05881,1,3,0.909824013710022,1
U05882,1,4,0.11395107954740524,0
U05883,1,3,0.7006617188453674,1
U05884,1,5,0.8197547197341919,1
U05885,1,3,0.20920789241790771,0
U05886,1,1,0.9104142189025879,1
U05887,1,2,0.12437871098518372,0
U05888,1,5,0.5517758727073669,1
U05889,1,1,0.8022153377532959,1
U05890,1,2,0.7926720380783081,1
U05891,1,3,0.9928189516067505,1
U05892,1,5,0.9060882925987244,1
U05893,1,2,0.927618682384491,1
U05894,1,4,0.9899441003799438,1
U05895,1,2,0.7710924744606018,1
U05896,1,2,0.4650016129016876,0
U05897,1,2,0.8566083908081055,1
U05898,1,3,0.7404047250747681,1
U05899,1,5,0.16180694103240967,0
U05900,1,2,0.27964240312576294,0
U05901,1,4,0.9741227626800537,1
U05902,1,2,0.28104841709136963,0
U05903,1,1,0.36844784021377563,0
U05904,1,3,0.8529568314552307,1
U05905,1,4,0.886967658996582,1
U05906,1,4,0.8749873638153076,1
U05907,1,4,0.642230749130249,1
U05908,1,1,0.937842071056366,1
U05909,1,4,0.6361268758773804,1
U05910,1,3,0.9688799977302551,1
U05911,1,2,0.9308011531829834,1
U05912,1,4,0.5874868631362915,1
U05913,1,2,0.8739595413208008,1
U05914,1,1,0.889998733997345,1
U05915,1,3,0.9873675107955933,1
U05916,1,5,0.7317270636558533,1
U05917,1,5,0.7601063847541809,1
U05918,1,2,0.6910349130630493,1
U05919,1,1,0.7972137928009033,1
U05920,1,1,0.8593943119049072,1
U05921,1,1,0.8337900042533875,1
U05922,1,5,0.9826766848564148,1
U05923,1,1,0.7098463773727417,1
U05924,1,5,0.6267473697662354,1
U05925,1,2,0.4262811541557312,0
U05926,1,2,0.8624663352966309,1
U05927,1,4,0.11707396805286407,0
U05928,1,1,0.8986002802848816,1
U05929,1,3,0.9786497950553894,1
U05930,1,4,0.76317298412323,1
U05931,1,2,0.8433013558387756,1
U05932,1,2,0.7832901477813721,1
U05933,1,2,0.6207541823387146,1
U05934,1,5,0.9465264081954956,1
U05935,1,2,0.8457028269767761,1
U05936,1,2,0.7592450976371765,1
U05937,1,3,0.4032023549079895,0
U05938,1,5,0.5144011974334717,1
U05939,1,2,0.9071035981178284,1
U05940,1,5,0.8057506084442139,1
U05941,1,5,0.49265727400779724,0
U05942,1,2,0.8590426445007324,1
U05943,1,2,0.7623530626296997,1
U05944,1,5,0.7565311193466187,1
U05945,1,1,0.6683393716812134,1
U05946,1,5,0.8286077976226807,1
U05947,1,3,0.5046557784080505,1
U05948,1,2,0.8714075684547424,1
U05949,1,3,0.9248554706573486,1
U05950,1,2,0.8709383010864258,1
U05951,1,4,0.6985372304916382,1
U05952,1,2,0.92514568567276,1
U05953,1,3,0.31391528248786926,0
U05954,1,2,0.950548529624939,1
U05955,1,5,0.9037075042724609,1
U05956,1,5,0.986916720867157,1
U05957,1,2,0.6978759169578552,1
U05958,1,5,0.6064149141311646,1
U05959,1,5,0.806394636631012,1
U05960,1,2,0.48631754517555237,0
U05961,1,5,0.7899293899536133,1
U05962,1,3,0.9836364984512329,1
U05963,1,1,0.8700298070907593,1
U05964,1,1,0.6877846121788025,1
U05965,1,4,0.8358930349349976,1
U05966,1,4,0.7544884085655212,1
U05967,1,1,0.9660529494285583,1
U05968,1,4,0.086492620408535,0
U05969,1,4,0.589900016784668,1
U05970,1,4,0.9093358516693115,1
U05971,1,3,0.7130119800567627,1
U05972,1,1,0.9179494380950928,1
U05973,1,2,0.9570550918579102,1
U05974,1,2,0.8394865989685059,1
U05975,1,2,0.6733226180076599,1
U05976,1,1,0.7003713846206665,1
U05977,1,3,0.909672737121582,1
U05978,1,2,0.98708575963974,1
U05979,1,4,0.5076906085014343,1
U05980,1,5,0.11324730515480042,0
U05981,1,1,0.602318525314331,1
U05982,1,5,0.7232890129089355,1
U05983,1,5,0.5017297267913818,1
U05984,1,2,0.9232913255691528,1
U05985,1,4,0.6299183964729309,1
U05986,1,1,0.9098659157752991,1
U05987,1,5,0.8587366342544556,1
U05988,1,5,0.8351610898971558,1
U05989,1,1,0.8934787511825562,1
U05990,1,1,0.9227757453918457,1
U05991,1,1,0.7644023299217224,1
U05992,1,4,0.5936273336410522,1
U05993,1,2,0.820009708404541,1
U05994,1,4,0.7826685905456543,1
U05995,1,2,0.8332525491714478,1
U05996,1,2,0.9905150532722473,1
U05997,1,3,0.2699420154094696,0
U05998,1,5,0.21554289758205414,0
U05999,1,1,0.8752367496490479,1
U06000,1,5,0.19530485570430756,0
U06001,1,2,0.9289145469665527,1
U06002,1,4,0.633784294128418,1
U06003,1,3,0.9059441685676575,1
U06004,1,5,0.895478367805481,1
U06005,1,2,0.9907300472259521,1
U06006,1,2,0.46602603793144226,0
U06007,1,5,0.07320130616426468,0
U06008,1,3,0.8595510721206665,1
U06009,1,3,0.8726055026054382,1
U06010,1,5,0.9558537602424622,1
U06011,1,4,0.30102184414863586,0
U06012,1,2,0.9075336456298828,1
U06013,1,5,0.710965633392334,1
U06014,1,4,0.7954002022743225,1
U06015,1,5,0.4736325740814209,0
U06016,1,5,0.1149437353014946,0
U06017,1,3,0.667160153388977,1
U06018,1,5,0.13290773332118988,0
U06019,1,3,0.8534374833106995,1
U06020,1,5,0.10633334517478943,0
U06021,1,3,0.8939628601074219,1
U06022,1,3,0.6192768812179565,1
U06023,1,2,0.8271641731262207,1
U06024,1,2,0.1607501208782196,0
U06025,1,5,0.4987662434577942,0
U06026,1,1,0.42339009046554565,0
U06027,1,3,0.9441840648651123,1
U06028,1,5,0.8669113516807556,1
U06029,1,2,0.7133304476737976,1
U06030,1,3,0.7896751165390015,1
U06031,1,2,0.886002779006958,1
U06032,1,3,0.7781258821487427,1
U06033,1,3,0.9259209036827087,1
U06034,1,2,0.9343875646591187,1
U06035,1,4,0.9514997005462646,1
U06036,1,2,0.9951317310333252,1
U06037,1,4,0.778353750705719,1
U06038,1,1,0.7832248210906982,1
U06039,1,5,0.834028422832489,1
U06040,1,4,0.8472901582717896,1
U06041,1,5,0.7082245349884033,1
U06042,1,1,0.37522390484809875,0
U06043,1,5,0.8195013999938965,1
U06044,1,5,0.8963218331336975,1
U06045,1,3,0.9329779148101807,1
U06046,1,5,0.7977954149246216,1
U06047,1,4,0.13828045129776,0
U06048,1,2,0.7353217601776123,1
U06049,1,1,0.9001734852790833,1
U06050,1,1,0.36658698320388794,0
U06051,1,3,0.5700960755348206,1
U06052,1,2,0.9121533632278442,1
U06053,1,2,0.9928730726242065,1
U06054,1,3,0.9162981510162354,1
U06055,1,1,0.8147478103637695,1
U06056,1,2,0.8484650254249573,1
U06057,1,1,0.08767398446798325,0
U06058,1,1,0.883288562297821,1
U06059,1,1,0.9580624103546143,1
U06060,1,3,0.8528651595115662,1
U06061,1,5,0.05074867606163025,0
U06062,1,4,0.9041622877120972,1
U06063,1,2,0.9935566782951355,1
U06064,1,2,0.983012855052948,1
U06065,1,2,0.9534652233123779,1
U06066,1,2,0.8376818895339966,1
U06067,1,5,0.9458690881729126,1
U06068,1,5,0.9000998735427856,1
U06069,1,3,0.5387312173843384,1
U06070,1,5,0.9464178085327148,1
U06071,1,5,0.9887986779212952,1
U06072,1,1,0.36605578660964966,0
U06073,1,2,0.9008074998855591,1
U06074,1,5,0.21797245740890503,0
U06075,1,4,0.3349195420742035,0
U06076,1,2,0.38227754831314087,0
U06077,1,2,0.41514867544174194,0
U06078,1,4,0.023029852658510208,0
U06079,1,4,0.059988267719745636,0
U06080,1,1,0.9558330774307251,1
U06081,1,1,0.8215991854667664,1
U06082,1,5,0.7897719144821167,1
U06083,1,5,0.9661829471588135,1
U06084,1,2,0.9795004725456238,1
U06085,1,5,0.9100592136383057,1
U06086,1,2,0.8973585367202759,1
U06087,1,4,0.5063191652297974,1
U06088,1,4,0.3061516284942627,0
U06089,1,1,0.7452072501182556,1
U06090,1,2,0.7835054397583008,1
U06091,1,2,0.7336975336074829,1
U06092,1,5,0.9694658517837524,1
U06093,1,3,0.799953818321228,1
U06094,1,5,0.7221025824546814,1
U06095,1,2,0.7381496429443359,1
U06096,1,3,0.7985365986824036,1
U06097,1,3,0.8340083956718445,1
U06098,1,1,0.9737837314605713,1
U06099,1,1,0.940418541431427,1
U06100,1,4,0.9491108655929565,1
U06101,1,2,0.4415396451950073,0
U06102,1,4,0.9746206998825073,1
U06103,1,5,0.9667751789093018,1
U06104,1,5,0.8193322420120239,1
U06105,1,2,0.19143301248550415,0
U06106,1,2,0.9580577611923218,1
U06107,1,3,0.9443620443344116,1
U06108,1,3,0.9568551778793335,1
U06109,1,4,0.9614919424057007,1
U06110,1,5,0.4169981777667999,0
U06111,1,4,0.7206598520278931,1
U06112,1,2,0.14004895091056824,0
U06113,1,2,0.9581223726272583,1
U06114,1,5,0.8452742695808411,1
U06115,1,2,0.9632384777069092,1
U06116,1,4,0.9208447933197021,1
U06117,1,5,0.7925869822502136,1
U06118,1,4,0.14725561439990997,0
U06119,1,2,0.8443373441696167,1
U06120,1,5,0.953843355178833,1
U06121,1,5,0.934113621711731,1
U06122,1,2,0.7925713658332825,1
U06123,1,4,0.8677052855491638,1
U06124,1,5,0.4454977214336395,0
U06125,1,4,0.8597972393035889,1
U06126,1,3,0.9426658749580383,1
U06127,1,2,0.8945662975311279,1
U06128,1,2,0.9392119646072388,1
U06129,1,5,0.6338938474655151,1
U06130,1,2,0.23540285229682922,0
U06131,1,5,0.7978378534317017,1
U06132,1,3,0.27870145440101624,0
U06133,1,3,0.979868471622467,1
U06134,1,3,0.9854320883750916,1
U06135,1,1,0.8908799290657043,1
U06136,1,4,0.6477267742156982,1
U06137,1,1,0.9684523940086365,1
U06138,1,5,0.20248796045780182,0
U06139,1,5,0.7836154699325562,1
U06140,1,5,0.9834834933280945,1
U06141,1,5,0.8269307613372803,1
U06142,1,3,0.7390819787979126,1
U06143,1,2,0.896473228931427,1
U06144,1,5,0.838349461555481,1
U06145,1,4,0.18005968630313873,0
U06146,1,2,0.9340874552726746,1
U06147,1,2,0.9678690433502197,1
U06148,1,1,0.9705608487129211,1
U06149,1,3,0.736219048500061,1
U06150,1,1,0.21274498105049133,0
U06151,1,5,0.9272615909576416,1
U06152,1,2,0.8935794830322266,1
U06153,1,3,0.9184104800224304,1
U06154,1,2,0.4669044017791748,0
U06155,1,5,0.462008535861969,0
U06156,1,5,0.6891403794288635,1
U06157,1,1,0.8400890231132507,1
U06158,1,3,0.7185309529304504,1
U06159,1,4,0.015324357897043228,0
U06160,1,5,0.9285376071929932,1
U06161,1,1,0.23372279107570648,0
U06162,1,2,0.35551100969314575,0
U06163,1,1,0.8445855379104614,1
U06164,1,2,0.6444059014320374,1
U06165,1,2,0.616378903388977,1
U06166,1,3,0.9608456492424011,1
U06167,1,5,0.5843467712402344,1
U06168,1,2,0.8031964302062988,1
U06169,1,3,0.9026318192481995,1
U06170,1,2,0.9322012066841125,1
U06171,1,2,0.49387162923812866,0
U06172,1,4,0.3930932581424713,0
U06173,1,4,0.5199442505836487,1
U06174,1,5,0.8082116842269897,1
U06175,1,2,0.8311280012130737,1
U06176,1,3,0.8314213752746582,1
U06177,1,1,0.82387775182724,1
U06178,1,3,0.6235315203666687,1
U06179,1,5,0.9806925058364868,1
U06180,1,1,0.6626347303390503,1
U06181,1,3,0.979179859161377,1
U06182,1,5,0.85148686170578,1
U06183,1,1,0.7324042916297913,1
U06184,1,1,0.7077734470367432,1
U06185,1,2,0.9849371910095215,1
U06186,1,3,0.9357138872146606,1
U06187,1,3,0.99930739402771,1
U06188,1,1,0.9297417998313904,1
U06189,1,5,0.8327744007110596,1
U06190,1,1,0.901461660861969,1
U06191,1,1,0.7583605647087097,1
U06192,1,3,0.9317257404327393,1
U06193,1,5,0.9261646866798401,1
U06194,1,5,0.9448730945587158,1
U06195,1,4,0.007111559621989727,0
U06196,1,2,0.20836052298545837,0
U06197,1,3,0.9353972673416138,1
U06198,1,5,0.3045055568218231,0
U06199,1,3,0.9338651299476624,1
U06200,1,2,0.24231010675430298,0
U06201,1,4,0.5844289064407349,1
U06202,1,3,0.9604350328445435,1
U06203,1,2,0.5376370549201965,1
U06204,1,1,0.933743417263031,1
U06205,1,1,0.9332201480865479,1
U06206,1,5,0.4107481837272644,0
U06207,1,3,0.5904936194419861,1
U06208,1,3,0.9442958235740662,1
U06209,1,5,0.993567168712616,1
U06210,1,5,0.537199079990387,1
U06211,1,2,0.9101923704147339,1
U06212,1,2,0.6101899743080139,1
U06213,1,3,0.5624645352363586,1
U06214,1,2,0.31571662425994873,0
U06215,1,2,0.5177890658378601,1
U06216,1,4,0.7847703695297241,1
U06217,1,3,0.9143106937408447,1
U06218,1,3,0.9880129098892212,1
U06219,1,1,0.07495909929275513,0
U06220,1,5,0.9208568930625916,1
U06221,1,3,0.9605174660682678,1
U06222,1,5,0.9189393520355225,1
U06223,1,4,0.48411357402801514,0
U06224,1,1,0.4630669951438904,0
U06225,1,1,0.3712117075920105,0
U06226,1,4,0.8448961973190308,1
U06227,1,2,0.9726963043212891,1
U06228,1,4,0.9638988375663757,1
U06229,1,5,0.6887698173522949,1
U06230,1,4,0.7243251204490662,1
U06231,1,4,0.9147845506668091,1
U06232,1,1,0.9159207940101624,1
U06233,1,4,0.46246111392974854,0
U06234,1,3,0.7472763061523438,1
U06235,1,2,0.971136212348938,1
U06236,1,5,0.6050166487693787,1
U06237,1,4,0.06983493268489838,0
U06238,1,3,0.6809679269790649,1
U06239,1,1,0.8753877878189087,1
U06240,1,4,0.9455642700195312,1
U06241,1,5,0.9268293976783752,1
U06242,1,2,0.3475733995437622,0
U06243,1,4,0.5022573471069336,1
U06244,1,4,0.5697279572486877,1
U06245,1,4,0.7586660981178284,1
U06246,1,4,0.6712722778320312,1
U06247,1,1,0.9678902626037598,1
U06248,1,1,0.9287504553794861,1
U06249,1,3,0.9375240206718445,1
U06250,1,5,0.919063925743103,1
U06251,1,2,0.7734452486038208,1
U06252,1,2,0.7474091053009033,1
U06253,1,3,0.9055382609367371,1
U06254,1,5,0.5228091478347778,1
U06255,1,3,0.4605662524700165,0
U06256,1,4,0.5122069120407104,1
U06257,1,3,0.3530866801738739,0
U06258,1,1,0.9268765449523926,1
U06259,1,4,0.916124701499939,1
U06260,1,3,0.925873875617981,1
U06261,1,5,0.8854960799217224,1
U06262,1,2,0.9819329977035522,1
U06263,1,2,0.9767476916313171,1
U06264,1,4,0.8424396514892578,1
U06265,1,2,0.7514122724533081,1
U06266,1,5,0.9126390814781189,1
U06267,1,5,0.9085900783538818,1
U06268,1,4,0.3497675955295563,0
U06269,1,4,0.2754652202129364,0
U06270,1,4,0.35996586084365845,0
U06271,1,3,0.20757772028446198,0
U06272,1,5,0.8777609467506409,1
U06273,1,2,0.8633655905723572,1
U06274,1,5,0.5176418423652649,1
U06275,1,3,0.9849132299423218,1
U06276,1,4,0.9620791077613831,1
U06277,1,4,0.6767433881759644,1
U06278,1,2,0.9950196743011475,1
U06279,1,2,0.9822946190834045,1
U06280,1,2,0.790630578994751,1
U06281,1,2,0.9904344081878662,1
U06282,1,5,0.948042094707489,1
U06283,1,3,0.9311740398406982,1
U06284,1,2,0.5967302322387695,1
U06285,1,5,0.8591499328613281,1
U06286,1,3,0.9353756904602051,1
U06287,1,2,0.9796421527862549,1
U06288,1,2,0.9082520008087158,1
U06289,1,3,0.9910945892333984,1
U06290,1,3,0.9955912232398987,1
U06291,1,1,0.531476616859436,1
U06292,1,1,0.9775380492210388,1
U06293,1,1,0.24896441400051117,0
U06294,1,1,0.806165874004364,1
U06295,1,3,0.6586538553237915,1
U06296,1,1,0.6511622071266174,1
U06297,1,5,0.07811194658279419,0
U06298,1,4,0.8451536297798157,1
U06299,1,2,0.7936172485351562,1
U06300,1,5,0.9452223777770996,1
U06301,1,3,0.7044423818588257,1
U06302,1,4,0.6148061752319336,1
U06303,1,2,0.8400763273239136,1
U06304,1,5,0.8758271336555481,1
U06305,1,5,0.973300576210022,1
U06306,1,2,0.15090419352054596,0
U06307,1,5,0.8431143164634705,1
U06308,1,5,0.9866873025894165,1
U06309,1,3,0.5305294990539551,1
U06310,1,4,0.7522144317626953,1
U06311,1,5,0.9667426943778992,1
U06312,1,4,0.2702578604221344,0
U06313,1,2,0.9844509363174438,1
U06314,1,2,0.6842138767242432,1
U06315,1,2,0.8261891007423401,1
U06316,1,5,0.9447838068008423,1
U06317,1,1,0.822831928730011,1
U06318,1,1,0.8082394599914551,1
U06319,1,5,0.07964768260717392,0
U06320,1,5,0.9630793333053589,1
U06321,1,2,0.7404769062995911,1
U06322,1,5,0.9590848684310913,1
U06323,1,1,0.5791649222373962,1
U06324,1,2,0.9347585439682007,1
U06325,1,3,0.856721043586731,1
U06326,1,2,0.9734869599342346,1
U06327,1,1,0.9780676364898682,1
U06328,1,4,0.3972787857055664,0
U06329,1,1,0.7824413776397705,1
U06330,1,1,0.9388351440429688,1
U06331,1,1,0.9240734577178955,1
U06332,1,1,0.8656611442565918,1
U06333,1,4,0.8792223334312439,1
U06334,1,3,0.8303196430206299,1
U06335,1,4,0.6315485239028931,1
U06336,1,5,0.15415169298648834,0
U06337,1,1,0.03925727307796478,0
U06338,1,1,0.7886722683906555,1
U06339,1,2,0.703070878982544,1
U06340,1,5,0.48693087697029114,0
U06341,1,5,0.7522411942481995,1
U06342,1,5,0.9930031299591064,1
U06343,1,2,0.5794015526771545,1
U06344,1,4,0.8981788158416748,1
U06345,1,5,0.5430177450180054,1
U06346,1,2,0.3804144561290741,0
U06347,1,2,0.28205618262290955,0
U06348,1,1,0.7192301154136658,1
U06349,1,3,0.08552734553813934,0
U06350,1,2,0.33842355012893677,0
U06351,1,3,0.936500072479248,1
U06352,1,4,0.3311774432659149,0
U06353,1,3,0.19928258657455444,0
U06354,1,1,0.9716870784759521,1
U06355,1,5,0.6303942799568176,1
U06356,1,4,0.8111118674278259,1
U06357,1,1,0.2825908362865448,0
U06358,1,4,0.08811771869659424,0
U06359,1,4,0.8616050481796265,1
U06360,1,3,0.0760415643453598,0
U06361,1,5,0.42000406980514526,0
U06362,1,2,0.17457857728004456,0
U06363,1,1,0.852297306060791,1
U06364,1,5,0.932492196559906,1
U06365,1,2,0.15911264717578888,0
U06366,1,4,0.9339699745178223,1
U06367,1,1,0.9256740212440491,1
U06368,1,5,0.9726011753082275,1
U06369,1,5,0.6216985583305359,1
U06370,1,2,0.9154211282730103,1
U06371,1,3,0.6982582211494446,1
U06372,1,4,0.2676338255405426,0
U06373,1,3,0.36369040608406067,0
U06374,1,4,0.874093234539032,1
U06375,1,2,0.9481296539306641,1
U06376,1,3,0.40018802881240845,0
U06377,1,2,0.8607842922210693,1
U06378,1,5,0.7983160614967346,1
U06379,1,2,0.733128547668457,1
U06380,1,2,0.9863827228546143,1
U06381,1,5,0.9186208844184875,1
U06382,1,1,0.9229158163070679,1
U06383,1,3,0.8915528655052185,1
U06384,1,2,0.974429726600647,1
U06385,1,3,0.869675874710083,1
U06386,1,5,0.29992011189460754,0
U06387,1,4,0.6607561111450195,1
U06388,1,2,0.7625033855438232,1
U06389,1,2,0.6985180377960205,1
U06390,1,1,0.777801513671875,1
U06391,1,3,0.7325774431228638,1
U06392,1,4,0.8877501487731934,1
U06393,1,4,0.8868670463562012,1
U06394,1,5,0.5242952108383179,1
U06395,1,1,0.9366458058357239,1
U06396,1,1,0.77327561378479,1
U06397,1,2,0.9749144911766052,1
U06398,1,1,0.8708465099334717,1
U06399,1,5,0.7404953241348267,1
U06400,1,3,0.9061343669891357,1
U06401,1,3,0.6937928199768066,1
U06402,1,4,0.8153597116470337,1
U06403,1,3,0.4639647901058197,0
U06404,1,3,0.9735892415046692,1
U06405,1,4,0.6409333944320679,1
U06406,1,5,0.9548085927963257,1
U06407,1,3,0.4609714150428772,0
U06408,1,4,0.8908371925354004,1
U06409,1,1,0.9321438074111938,1
U06410,1,2,0.8351863026618958,1
U06411,1,5,0.5645116567611694,1
U06412,1,5,0.9382297992706299,1
U06413,1,1,0.5963793396949768,1
U06414,1,3,0.8899714350700378,1
U06415,1,5,0.7505686283111572,1
U06416,1,4,0.8902301788330078,1
U06417,1,5,0.43252620100975037,0
U06418,1,1,0.6787014007568359,1
U06419,1,4,0.8299162983894348,1
U06420,1,2,0.5312789082527161,1
U06421,1,5,0.203482985496521,0
U06422,1,1,0.8318135142326355,1
U06423,1,2,0.3025132119655609,0
U06424,1,3,0.48884403705596924,0
U06425,1,2,0.9805148839950562,1
U06426,1,5,0.97884601354599,1
U06427,1,4,0.9075115323066711,1
U06428,1,3,0.9564486742019653,1
U06429,1,2,0.5548034906387329,1
U06430,1,5,0.886237382888794,1
U06431,1,1,0.8842557072639465,1
U06432,1,3,0.9757562875747681,1
U06433,1,1,0.9374650716781616,1
U06434,1,4,0.9707013964653015,1
U06435,1,5,0.9844458103179932,1
U06436,1,3,0.09107597917318344,0
U06437,1,3,0.444132000207901,0
U06438,1,2,0.8208130598068237,1
U06439,1,1,0.48524755239486694,0
U06440,1,5,0.8898026347160339,1
U06441,1,2,0.8638691306114197,1
U06442,1,2,0.7381124496459961,1
U06443,1,3,0.4278641939163208,0
U06444,1,1,0.6463451385498047,1
U06445,1,2,0.9959344267845154,1
U06446,1,3,0.2806095778942108,0
U06447,1,1,0.9446616172790527,1
U06448,1,2,0.8856915235519409,1
U06449,1,5,0.9799709320068359,1
U06450,1,2,0.9652692079544067,1
U06451,1,5,0.9540517330169678,1
U06452,1,2,0.9822773337364197,1
U06453,1,2,0.8169295787811279,1
U06454,1,2,0.9477673768997192,1
U06455,1,4,0.399064302444458,0
U06456,1,4,0.9864171147346497,1
U06457,1,3,0.8092765808105469,1
U06458,1,3,0.9892037510871887,1
U06459,1,1,0.9614682793617249,1
U06460,1,5,0.9033401012420654,1
U06461,1,3,0.9609842300415039,1
U06462,1,1,0.6615131497383118,1
U06463,1,2,0.9362261295318604,1
U06464,1,2,0.8387657999992371,1
U06465,1,4,0.6360882520675659,1
U06466,1,5,0.692794919013977,1
U06467,1,5,0.4878590703010559,0
U06468,1,5,0.7241511940956116,1
U06469,1,2,0.8121106028556824,1
U06470,1,2,0.8299728035926819,1
U06471,1,5,0.9382188320159912,1
U06472,1,4,0.4760127067565918,0
U06473,1,3,0.78961181640625,1
U06474,1,2,0.553236722946167,1
U06475,1,2,0.8245058059692383,1
U06476,1,5,0.8839399814605713,1
U06477,1,1,0.9060813188552856,1
U06478,1,3,0.8379243612289429,1
U06479,1,3,0.7937930226325989,1
U06480,1,4,0.5947248935699463,1
U06481,1,1,0.38152629137039185,0
U06482,1,3,0.41668203473091125,0
U06483,1,1,0.48085322976112366,0
U06484,1,5,0.7553775310516357,1
U06485,1,5,0.8622822761535645,1
U06486,1,3,0.7403301000595093,1
U06487,1,4,0.4803144931793213,0
U06488,1,4,0.9859262704849243,1
U06489,1,5,0.9431513547897339,1
U06490,1,3,0.9983987808227539,1
U06491,1,1,0.9487350583076477,1
U06492,1,5,0.5258988738059998,1
U06493,1,5,0.9200655817985535,1
U06494,1,5,0.20983768999576569,0
U06495,1,2,0.9724668264389038,1
U06496,1,1,0.9376587271690369,1
U06497,1,1,0.3115384876728058,0
U06498,1,3,0.8570494651794434,1
U06499,1,5,0.8426897525787354,1
U06500,1,4,0.28772956132888794,0
U06501,1,5,0.5788846015930176,1
U06502,1,2,0.16431105136871338,0
U06503,1,5,0.9391076564788818,1
U06504,1,4,0.9806375503540039,1
U06505,1,4,0.6627078056335449,1
U06506,1,4,0.0669577345252037,0
U06507,1,2,0.4565158784389496,0
U06508,1,3,0.8816019296646118,1
U06509,1,2,0.7961378693580627,1
U06510,1,2,0.2996757924556732,0
U06511,1,2,0.5002968311309814,1
U06512,1,3,0.033449992537498474,0
U06513,1,3,0.9951687455177307,1
U06514,1,5,0.878745973110199,1
U06515,1,5,0.8906587362289429,1
U06516,1,1,0.8150769472122192,1
U06517,1,5,0.4087285101413727,0
U06518,1,2,0.9774287939071655,1
U06519,1,1,0.0751805528998375,0
U06520,1,3,0.8433616161346436,1
U06521,1,1,0.8020479679107666,1
U06522,1,5,0.6728050112724304,1
U06523,1,3,0.8546432256698608,1
U06524,1,2,0.31897932291030884,0
U06525,1,2,0.1507587730884552,0
U06526,1,2,0.9066308736801147,1
U06527,1,1,0.9835304021835327,1
U06528,1,3,0.9622255563735962,1
U06529,1,4,0.33927208185195923,0
U06530,1,3,0.3153931498527527,0
U06531,1,4,0.8507686257362366,1
U06532,1,2,0.7330069541931152,1
U06533,1,5,0.9370332956314087,1
U06534,1,2,0.8975156545639038,1
U06535,1,5,0.6086952090263367,1
U06536,1,2,0.9182895421981812,1
U06537,1,5,0.14009502530097961,0
U06538,1,5,0.91693514585495,1
U06539,1,1,0.7369310855865479,1
U06540,1,3,0.9856109023094177,1
U06541,1,5,0.8884070515632629,1
U06542,1,4,0.7508776187896729,1
U06543,1,4,0.46377861499786377,0
U06544,1,3,0.6047905683517456,1
U06545,1,3,0.45261460542678833,0
U06546,1,3,0.8420503735542297,1
U06547,1,4,0.3930850923061371,0
U06548,1,3,0.9553989768028259,1
U06549,1,4,0.578448474407196,1
U06550,1,3,0.22060580551624298,0
U06551,1,4,0.6206257343292236,1
U06552,1,5,0.8790475726127625,1
U06553,1,1,0.9299278259277344,1
U06554,1,1,0.9636879563331604,1
U06555,1,1,0.044550821185112,0
U06556,1,5,0.589493453502655,1
U06557,1,4,0.8091690540313721,1
U06558,1,5,0.8449375033378601,1
U06559,1,3,0.771970808506012,1
U06560,1,2,0.5969678163528442,1
U06561,1,5,0.8761026859283447,1
U06562,1,2,0.9045680165290833,1
U06563,1,1,0.6679213643074036,1
U06564,1,3,0.9965499639511108,1
U06565,1,2,0.5094788670539856,1
U06566,1,1,0.9446312189102173,1
U06567,1,4,0.9674308896064758,1
U06568,1,1,0.9511669874191284,1
U06569,1,5,0.9066367149353027,1
U06570,1,1,0.8613520860671997,1
U06571,1,4,0.583429217338562,1
U06572,1,3,0.8270738124847412,1
U06573,1,1,0.8003795742988586,1
U06574,1,5,0.5236914157867432,1
U06575,1,2,0.9817447066307068,1
U06576,1,2,0.7640025615692139,1
U06577,1,3,0.8965843915939331,1
U06578,1,5,0.4357686936855316,0
U06579,1,5,0.9832426309585571,1
U06580,1,3,0.508112907409668,1
U06581,1,3,0.5809749364852905,1
U06582,1,5,0.8812613487243652,1
U06583,1,1,0.8792723417282104,1
U06584,1,4,0.9781534075737,1
U06585,1,2,0.3356039822101593,0
U06586,1,5,0.6166921854019165,1
U06587,1,2,0.9203671813011169,1
U06588,1,5,0.010533569380640984,0
U06589,1,3,0.9141737222671509,1
U06590,1,5,0.8812330365180969,1
U06591,1,1,0.7462005615234375,1
U06592,1,5,0.783978283405304,1
U06593,1,3,0.9103169441223145,1
U06594,1,5,0.31457147002220154,0
U06595,1,5,0.5115957856178284,1
U06596,1,3,0.856653094291687,1
U06597,1,1,0.8079476952552795,1
U06598,1,2,0.9059735536575317,1
U06599,1,5,0.43771418929100037,0
U06600,1,4,0.5578341484069824,1
U06601,1,1,0.960125207901001,1
U06602,1,2,0.12199926376342773,0
U06603,1,4,0.9329776763916016,1
U06604,1,1,0.8047494888305664,1
U06605,1,5,0.27820688486099243,0
U06606,1,1,0.7011406421661377,1
U06607,1,5,0.8054081201553345,1
U06608,1,3,0.9704055786132812,1
U06609,1,3,0.841553270816803,1
U06610,1,5,0.5720490217208862,1
U06611,1,1,0.7218891978263855,1
U06612,1,3,0.684290885925293,1
U06613,1,3,0.7941163778305054,1
U06614,1,3,0.41238999366760254,0
U06615,1,5,0.9732992053031921,1
U06616,1,5,0.7388648390769958,1
U06617,1,1,0.8215946555137634,1
U06618,1,3,0.24708192050457,0
U06619,1,1,0.8735150694847107,1
U06620,1,3,0.7011714577674866,1
U06621,1,1,0.4223215878009796,0
U06622,1,1,0.9632003903388977,1
U06623,1,3,0.8414682149887085,1
U06624,1,2,0.8283440470695496,1
U06625,1,4,0.8637158870697021,1
U06626,1,1,0.7759280204772949,1
U06627,1,4,0.7720925211906433,1
U06628,1,3,0.973328173160553,1
U06629,1,1,0.8576328754425049,1
U06630,1,3,0.2741991877555847,0
U06631,1,5,0.9500373005867004,1
U06632,1,5,0.3786824643611908,0
U06633,1,1,0.9815238118171692,1
U06634,1,2,0.9792237281799316,1
U06635,1,5,0.9664399027824402,1
U06636,1,5,0.9318172931671143,1
U06637,1,3,0.7593849301338196,1
U06638,1,3,0.2894895672798157,0
U06639,1,4,0.9415422677993774,1
U06640,1,5,0.7484052181243896,1
U06641,1,2,0.9835160970687866,1
U06642,1,5,0.6900948286056519,1
U06643,1,2,0.9710413813591003,1
U06644,1,3,0.40905237197875977,0
U06645,1,4,0.959108829498291,1
U06646,1,1,0.325499564409256,0
U06647,1,1,0.8230499029159546,1
U06648,1,2,0.8661614656448364,1
U06649,1,5,0.08384948968887329,0
U06650,1,4,0.49691733717918396,0
U06651,1,3,0.544090211391449,1
U06652,1,3,0.28991833329200745,0
U06653,1,3,0.9159936904907227,1
U06654,1,5,0.12946990132331848,0
U06655,1,3,0.96061110496521,1
U06656,1,4,0.15494628250598907,0
U06657,1,2,0.47509682178497314,0
U06658,1,4,0.6426175832748413,1
U06659,1,1,0.9458794593811035,1
U06660,1,3,0.7462450265884399,1
U06661,1,4,0.2634851634502411,0
U06662,1,5,0.2890266478061676,0
U06663,1,2,0.8606122136116028,1
U06664,1,3,0.8171250820159912,1
U06665,1,5,0.8906145095825195,1
U06666,1,4,0.7826325297355652,1
U06667,1,2,0.8854098916053772,1
U06668,1,2,0.18458548188209534,0
U06669,1,5,0.8189394474029541,1
U06670,1,5,0.9547425508499146,1
U06671,1,1,0.8374398946762085,1
U06672,1,2,0.40833035111427307,0
U06673,1,1,0.579973578453064,1
U06674,1,2,0.8795439004898071,1
U06675,1,1,0.7269340753555298,1
U06676,1,4,0.6035071015357971,1
U06677,1,5,0.44416868686676025,0
U06678,1,1,0.7502716779708862,1
U06679,1,3,0.23697826266288757,0
U06680,1,4,0.4929511547088623,0
U06681,1,4,0.595166802406311,1
U06682,1,4,0.20750761032104492,0
U06683,1,2,0.653549313545227,1
U06684,1,4,0.8735033869743347,1
U06685,1,4,0.5812109708786011,1
U06686,1,5,0.676471471786499,1
U06687,1,5,0.9849092364311218,1
U06688,1,5,0.9633610248565674,1
U06689,1,3,0.5746358633041382,1
U06690,1,3,0.4156266748905182,0
U06691,1,3,0.3925001919269562,0
U06692,1,2,0.8657196760177612,1
U06693,1,2,0.8696094751358032,1
U06694,1,2,0.8064736723899841,1
U06695,1,5,0.7016866207122803,1
U06696,1,5,0.7272984981536865,1
U06697,1,2,0.5211523771286011,1
U06698,1,2,0.9185260534286499,1
U06699,1,4,0.6737121343612671,1
U06700,1,4,0.9966885447502136,1
U06701,1,4,0.6033297181129456,1
U06702,1,4,0.9279245138168335,1
U06703,1,3,0.2229825258255005,0
U06704,1,5,0.4605572819709778,0
U06705,1,3,0.94462651014328,1
U06706,1,3,0.9698927402496338,1
U06707,1,3,0.04430790990591049,0
U06708,1,2,0.16862645745277405,0
U06709,1,3,0.8615941405296326,1
U06710,1,4,0.6825924515724182,1
U06711,1,4,0.17572534084320068,0
U06712,1,1,0.6800366044044495,1
U06713,1,4,0.8919811248779297,1
U06714,1,1,0.8538064360618591,1
U06715,1,3,0.954108476638794,1
U06716,1,4,0.30891406536102295,0
U06717,1,3,0.9573720097541809,1
U06718,1,3,0.7089897394180298,1
U06719,1,3,0.8632996678352356,1
U06720,1,5,0.9407640695571899,1
U06721,1,3,0.8278258442878723,1
U06722,1,2,0.10688429325819016,0
U06723,1,5,0.7127960324287415,1
U06724,1,1,0.8231221437454224,1
U06725,1,1,0.711699903011322,1
U06726,1,4,0.21108698844909668,0
U06727,1,3,0.9012326598167419,1
U06728,1,3,0.7994335889816284,1
U06729,1,4,0.9720193147659302,1
U06730,1,4,0.8441556096076965,1
U06731,1,4,0.8159699440002441,1
U06732,1,3,0.925665020942688,1
U06733,1,2,0.8272359371185303,1
U06734,1,1,0.9211078882217407,1
U06735,1,4,0.5510255694389343,1
U06736,1,4,0.8044836521148682,1
U06737,1,3,0.7611203789710999,1
U06738,1,5,0.21814103424549103,0
U06739,1,4,0.9493653774261475,1
U06740,1,4,0.5350942015647888,1
U06741,1,4,0.2719642221927643,0
U06742,1,1,0.987224817276001,1
U06743,1,1,0.9775858521461487,1
U06744,1,2,0.15756401419639587,0
U06745,1,3,0.9967719316482544,1
U06746,1,3,0.33224472403526306,0
U06747,1,2,0.9369077682495117,1
U06748,1,2,0.9684484004974365,1
U06749,1,1,0.9865924119949341,1
U06750,1,5,0.8370864987373352,1
U06751,1,1,0.9553789496421814,1
U06752,1,5,0.0856487900018692,0
U06753,1,5,0.629184901714325,1
U06754,1,1,0.9412084817886353,1
U06755,1,1,0.9901710748672485,1
U06756,1,1,0.9457563757896423,1
U06757,1,1,0.8259204626083374,1
U06758,1,2,0.9327290058135986,1
U06759,1,5,0.21361711621284485,0
U06760,1,3,0.914222240447998,1
U06761,1,1,0.9369076490402222,1
U06762,1,5,0.8150743246078491,1
U06763,1,3,0.635440468788147,1
U06764,1,3,0.6212921142578125,1
U06765,1,3,0.9745548963546753,1
U06766,1,3,0.9647319316864014,1
U06767,1,2,0.5489078760147095,1
U06768,1,5,0.8660203218460083,1
U06769,1,4,0.8581742644309998,1
U06770,1,5,0.42570918798446655,0
U06771,1,2,0.9014580845832825,1
U06772,1,3,0.8381149768829346,1
U06773,1,1,0.9111697673797607,1
U06774,1,1,0.49592313170433044,0
U06775,1,5,0.9580298066139221,1
U06776,1,2,0.9789315462112427,1
U06777,1,3,0.3794151842594147,0
U06778,1,2,0.39364418387413025,0
U06779,1,4,0.9186362028121948,1
U06780,1,1,0.8239799737930298,1
U06781,1,4,0.8830610513687134,1
U06782,1,1,0.8289464712142944,1
U06783,1,5,0.9045631885528564,1
U06784,1,5,0.9844814538955688,1
U06785,1,2,0.9253572821617126,1
U06786,1,4,0.7993338108062744,1
U06787,1,1,0.7731354832649231,1
U06788,1,1,0.9790090322494507,1
U06789,1,3,0.5973541736602783,1
U06790,1,1,0.5813772082328796,1
U06791,1,1,0.9421178698539734,1
U06792,1,1,0.7265822887420654,1
U06793,1,1,0.794690728187561,1
U06794,1,1,0.907973051071167,1
U06795,1,3,0.2289094775915146,0
U06796,1,1,0.8436365127563477,1
U06797,1,5,0.9273054599761963,1
U06798,1,4,0.7053192853927612,1
U06799,1,1,0.37061986327171326,0
U06800,1,4,0.704882800579071,1
U06801,1,2,0.5231541395187378,1
U06802,1,2,0.7337406873703003,1
U06803,1,3,0.2880454957485199,0
U06804,1,2,0.7612988948822021,1
U06805,1,4,0.2855444550514221,0
U06806,1,4,0.9681962728500366,1
U06807,1,2,0.895539402961731,1
U06808,1,5,0.7711563110351562,1
U06809,1,2,0.9778505563735962,1
U06810,1,1,0.828839898109436,1
U06811,1,4,0.10685199499130249,0
U06812,1,3,0.6418001055717468,1
U06813,1,4,0.8579577803611755,1
U06814,1,1,0.9119832515716553,1
U06815,1,4,0.6634251475334167,1
U06816,1,5,0.9917290806770325,1
U06817,1,3,0.7932624816894531,1
U06818,1,3,0.8297036290168762,1
U06819,1,5,0.7533869743347168,1
U06820,1,1,0.9011083245277405,1
U06821,1,4,0.2704505920410156,0
U06822,1,1,0.03395000472664833,0
U06823,1,3,0.5751893520355225,1
U06824,1,1,0.09897072613239288,0
U06825,1,5,0.8886197805404663,1
U06826,1,3,0.5582506656646729,1
U06827,1,5,0.7833466529846191,1
U06828,1,3,0.8331298232078552,1
U06829,1,2,0.7637355327606201,1
U06830,1,5,0.7458602786064148,1
U06831,1,4,0.30926477909088135,0
U06832,1,3,0.706051766872406,1
U06833,1,5,0.9305419325828552,1
U06834,1,5,0.9181442856788635,1
U06835,1,4,0.7121090292930603,1
U06836,1,3,0.9532576203346252,1
U06837,1,1,0.663896918296814,1
U06838,1,1,0.9094212651252747,1
U06839,1,5,0.5880303978919983,1
U06840,1,5,0.4881930351257324,0
U06841,1,5,0.8725440502166748,1
U06842,1,1,0.6128289103507996,1
U06843,1,3,0.9983174204826355,1
U06844,1,3,0.9544680118560791,1
U06845,1,3,0.8920762538909912,1
U06846,1,1,0.7695704698562622,1
U06847,1,4,0.4027319550514221,0
U06848,1,3,0.9969384670257568,1
U06849,1,2,0.825678825378418,1
U06850,1,4,0.9159488677978516,1
U06851,1,5,0.6402273178100586,1
U06852,1,3,0.4812033772468567,0
U06853,1,1,0.1958155632019043,0
U06854,1,1,0.7266276478767395,1
U06855,1,5,0.8756686449050903,1
U06856,1,3,0.604648768901825,1
U06857,1,4,0.9022170901298523,1
U06858,1,3,0.5469497442245483,1
U06859,1,1,0.9542143940925598,1
U06860,1,5,0.8776991367340088,1
U06861,1,2,0.1233954131603241,0
U06862,1,1,0.9629549384117126,1
U06863,1,5,0.9928321838378906,1
U06864,1,5,0.9804344177246094,1
U06865,1,5,0.9663186073303223,1
U06866,1,5,0.8834879398345947,1
U06867,1,1,0.8104421496391296,1
U06868,1,3,0.9373518824577332,1
U06869,1,3,0.5254859924316406,1
U06870,1,2,0.9970165491104126,1
U06871,1,2,0.4606004059314728,0
U06872,1,2,0.8304279446601868,1
U06873,1,4,0.37564703822135925,0
U06874,1,2,0.6793147325515747,1
U06875,1,1,0.8234926462173462,1
U06876,1,3,0.23377999663352966,0
U06877,1,1,0.48271188139915466,0
U06878,1,1,0.6731235384941101,1
U06879,1,2,0.6391326189041138,1
U06880,1,1,0.9892882704734802,1
U06881,1,2,0.14894874393939972,0
U06882,1,5,0.9694308042526245,1
U06883,1,1,0.966546893119812,1
U06884,1,1,0.9339190721511841,1
U06885,1,3,0.5061479806900024,1
U06886,1,3,0.9968864917755127,1
U06887,1,1,0.9100335836410522,1
U06888,1,3,0.903793215751648,1
U06889,1,3,0.7393355965614319,1
U06890,1,4,0.9678208231925964,1
U06891,1,3,0.030744504183530807,0
U06892,1,4,0.2107813060283661,0
U06893,1,3,0.7169607877731323,1
U06894,1,1,0.8903748393058777,1
U06895,1,2,0.9923790693283081,1
U06896,1,3,0.8477010726928711,1
U06897,1,1,0.988821804523468,1
U06898,1,2,0.6601943969726562,1
U06899,1,3,0.8969327211380005,1
U06900,1,2,0.8932011127471924,1
U06901,1,1,0.2886126637458801,0
U06902,1,2,0.8158026933670044,1
U06903,1,4,0.8075827956199646,1
U06904,1,3,0.8970600962638855,1
U06905,1,1,0.6699934601783752,1
U06906,1,5,0.7356851100921631,1
U06907,1,4,0.8385082483291626,1
U06908,1,4,0.6856060028076172,1
U06909,1,5,0.8648456931114197,1
U06910,1,3,0.22163555026054382,0
U06911,1,1,0.8246414661407471,1
U06912,1,1,0.7919091582298279,1
U06913,1,4,0.9566242098808289,1
U06914,1,3,0.9874395132064819,1
U06915,1,4,0.7743983268737793,1
U06916,1,3,0.44373902678489685,0
U06917,1,2,0.08403511345386505,0
U06918,1,2,0.8871045112609863,1
U06919,1,4,0.7478616237640381,1
U06920,1,3,0.958044171333313,1
U06921,1,3,0.9701489210128784,1
U06922,1,2,0.27029097080230713,0
U06923,1,4,0.7766357064247131,1
U06924,1,4,0.8347948789596558,1
U06925,1,5,0.8522038459777832,1
U06926,1,4,0.04504333436489105,0
U06927,1,5,0.5086045861244202,1
U06928,1,2,0.4915119707584381,0
U06929,1,5,0.9764888882637024,1
U06930,1,5,0.7268305420875549,1
U06931,1,3,0.3944278657436371,0
U06932,1,3,0.39628535509109497,0
U06933,1,5,0.812721312046051,1
U06934,1,3,0.18024227023124695,0
U06935,1,3,0.8251537680625916,1
U06936,1,1,0.7744526267051697,1
U06937,1,2,0.8724937438964844,1
U06938,1,5,0.41935092210769653,0
U06939,1,5,0.9840792417526245,1
U06940,1,1,0.5697177648544312,1
U06941,1,3,0.6379671692848206,1
U06942,1,1,0.7259723544120789,1
U06943,1,2,0.9406206607818604,1
U06944,1,2,0.9241998791694641,1
U06945,1,4,0.7408671379089355,1
U06946,1,2,0.7192624807357788,1
U06947,1,1,0.9157260656356812,1
U06948,1,5,0.6731958985328674,1
U06949,1,1,0.9681097865104675,1
U06950,1,4,0.27572101354599,0
U06951,1,3,0.9913430213928223,1
U06952,1,2,0.8986728191375732,1
U06953,1,3,0.4330942928791046,0
U06954,1,4,0.17459893226623535,0
U06955,1,2,0.9748369455337524,1
U06956,1,5,0.8944754600524902,1
U06957,1,4,0.03061285987496376,0
U06958,1,2,0.24854621291160583,0
U06959,1,5,0.09338248521089554,0
U06960,1,4,0.9735211730003357,1
U06961,1,2,0.397763192653656,0
U06962,1,5,0.9451817274093628,1
U06963,1,2,0.9138745069503784,1
U06964,1,2,0.8669091463088989,1
U06965,1,1,0.5006287693977356,1
U06966,1,5,0.1994030475616455,0
U06967,1,1,0.0606212317943573,0
U06968,1,4,0.6781845092773438,1
U06969,1,3,0.6589651703834534,1
U06970,1,4,0.37209033966064453,0
U06971,1,1,0.9613322615623474,1
U06972,1,1,0.9203909635543823,1
U06973,1,3,0.9536074995994568,1
U06974,1,5,0.9483802318572998,1
U06975,1,1,0.004006652161478996,0
U06976,1,3,0.9232823848724365,1
U06977,1,2,0.9580371379852295,1
U06978,1,1,0.9766261577606201,1
U06979,1,4,0.14545652270317078,0
U06980,1,3,0.8789024353027344,1
U06981,1,2,0.5321056842803955,1
U06982,1,2,0.18040749430656433,0
U06983,1,3,0.9669027924537659,1
U06984,1,2,0.9899554252624512,1
U06985,1,3,0.9382565021514893,1
U06986,1,1,0.7952849864959717,1
U06987,1,3,0.9437214732170105,1
U06988,1,1,0.7454343438148499,1
U06989,1,2,0.9598317742347717,1
U06990,1,1,0.3359526991844177,0
U06991,1,4,0.9230129718780518,1
U06992,1,5,0.9253443479537964,1
U06993,1,5,0.967309296131134,1
U06994,1,4,0.9850732088088989,1
U06995,1,2,0.9283046722412109,1
U06996,1,3,0.21038809418678284,0
U06997,1,5,0.7002299427986145,1
U06998,1,3,0.8801873326301575,1
U06999,1,1,0.7376214861869812,1
U07000,1,5,0.5641966462135315,1
U07001,1,3,0.910012423992157,1
U07002,1,4,0.571561872959137,1
U07003,1,2,0.3757285475730896,0
U07004,1,5,0.9087510704994202,1
U07005,1,5,0.7402245998382568,1
U07006,1,2,0.5008565783500671,1
U07007,1,1,0.41821718215942383,0
U07008,1,3,0.4001304805278778,0
U07009,1,2,0.7325663566589355,1
U07010,1,4,0.00588933564722538,0
U07011,1,5,0.9798470139503479,1
U07012,1,4,0.9200419783592224,1
U07013,1,5,0.7468900084495544,1
U07014,1,5,0.47467041015625,0
U07015,1,3,0.5635281801223755,1
U07016,1,3,0.7970342636108398,1
U07017,1,4,0.23508498072624207,0
U07018,1,5,0.388738751411438,0
U07019,1,3,0.9206954836845398,1
U07020,1,4,0.5582747459411621,1
U07021,1,4,0.7356163859367371,1
U07022,1,3,0.9355931878089905,1
U07023,1,5,0.8940786719322205,1
U07024,1,5,0.4709444046020508,0
U07025,1,1,0.519533097743988,1
U07026,1,3,0.5087527632713318,1
U07027,1,1,0.9825644493103027,1
U07028,1,1,0.960957407951355,1
U07029,1,4,0.848711371421814,1
U07030,1,4,0.8603162169456482,1
U07031,1,1,0.8597552180290222,1
U07032,1,2,0.8781337738037109,1
U07033,1,5,0.593363344669342,1
U07034,1,2,0.867321789264679,1
U07035,1,2,0.9783270359039307,1
U07036,1,5,0.9212113618850708,1
U07037,1,4,0.8837013244628906,1
U07038,1,5,0.9960658550262451,1
U07039,1,5,0.5063551664352417,1
U07040,1,4,0.37209033966064453,0
U07041,1,3,0.9335668087005615,1
U07042,1,2,0.06684520095586777,0
U07043,1,4,0.831966757774353,1
U07044,1,1,0.9267723560333252,1
U07045,1,3,0.9491980671882629,1
U07046,1,2,0.2117074728012085,0
U07047,1,3,0.6600227355957031,1
U07048,1,1,0.9717534780502319,1
U07049,1,5,0.4844355285167694,0
U07050,1,2,0.5992203950881958,1
U07051,1,2,0.9204601645469666,1
U07052,1,3,0.9116098284721375,1
U07053,1,3,0.2955983877182007,0
U07054,1,4,0.9249200820922852,1
U07055,1,5,0.8635298013687134,1
U07056,1,3,0.3431985676288605,0
U07057,1,3,0.8410040140151978,1
U07058,1,5,0.26640188694000244,0
U07059,1,2,0.7734332084655762,1
U07060,1,2,0.7229824066162109,1
U07061,1,1,0.9850566387176514,1
U07062,1,1,0.24333395063877106,0
U07063,1,2,0.4279620349407196,0
U07064,1,4,0.36779308319091797,0
U07065,1,5,0.9881414175033569,1
U07066,1,1,0.8152368664741516,1
U07067,1,4,0.8088334798812866,1
U07068,1,3,0.9299967288970947,1
U07069,1,2,0.6833537220954895,1
U07070,1,1,0.9807214140892029,1
U07071,1,5,0.7527807354927063,1
U07072,1,3,0.9557766318321228,1
U07073,1,4,0.11751764267683029,0
U07074,1,4,0.5175622701644897,1
U07075,1,3,0.38943445682525635,0
U07076,1,1,0.7826293110847473,1
U07077,1,4,0.49302440881729126,0
U07078,1,4,0.8764458894729614,1
U07079,1,5,0.2000879943370819,0
U07080,1,2,0.16771629452705383,0
U07081,1,2,0.5494272112846375,1
U07082,1,2,0.05743718147277832,0
U07083,1,2,0.6783075928688049,1
U07084,1,3,0.9426586627960205,1
U07085,1,1,0.0694039911031723,0
U07086,1,1,0.9020400643348694,1
U07087,1,4,0.987999677658081,1
U07088,1,2,0.6288245916366577,1
U07089,1,4,0.8788026571273804,1
U07090,1,1,0.8437877297401428,1
U07091,1,4,0.8896411061286926,1
U07092,1,4,0.6608061790466309,1
U07093,1,5,0.9802965521812439,1
U07094,1,3,0.9930610060691833,1
U07095,1,2,0.08981041610240936,0
U07096,1,2,0.35572755336761475,0
U07097,1,4,0.9695472717285156,1
U07098,1,5,0.7458928823471069,1
U07099,1,5,0.27639350295066833,0
U07100,1,4,0.7421953678131104,1
U07101,1,5,0.6729335784912109,1
U07102,1,3,0.9660540819168091,1
U07103,1,2,0.88017737865448,1
U07104,1,4,0.08834438025951385,0
U07105,1,2,0.9923124313354492,1
U07106,1,5,0.972314715385437,1
U07107,1,4,0.9389824271202087,1
U07108,1,1,0.8141350746154785,1
U07109,1,5,0.4472145736217499,0
U07110,1,5,0.36268314719200134,0
U07111,1,1,0.8299885392189026,1
U07112,1,1,0.9349675178527832,1
U07113,1,3,0.9612224102020264,1
U07114,1,1,0.5073667168617249,1
U07115,1,1,0.6727847456932068,1
U07116,1,5,0.6990314722061157,1
U07117,1,5,0.7958348989486694,1
U07118,1,1,0.7086238265037537,1
U07119,1,4,0.5581632852554321,1
U07120,1,4,0.9793778657913208,1
U07121,1,2,0.771802544593811,1
U07122,1,2,0.6981384754180908,1
U07123,1,3,0.5729063153266907,1
U07124,1,1,0.5422000885009766,1
U07125,1,3,0.7739129066467285,1
U07126,1,4,0.9617250561714172,1
U07127,1,3,0.9873067736625671,1
U07128,1,2,0.8585875630378723,1
U07129,1,1,0.7404600381851196,1
U07130,1,5,0.7248594164848328,1
U07131,1,1,0.9979239702224731,1
U07132,1,1,0.9223416447639465,1
U07133,1,4,0.989320695400238,1
U07134,1,2,0.911368727684021,1
U07135,1,4,0.9706652164459229,1
U07136,1,3,0.82867032289505,1
U07137,1,3,0.988326370716095,1
U07138,1,4,0.6084035038948059,1
U07139,1,3,0.944045901298523,1
U07140,1,3,0.12369482964277267,0
U07141,1,2,0.8432342410087585,1
U07142,1,5,0.9727036356925964,1
U07143,1,5,0.924678385257721,1
U07144,1,1,0.9852455854415894,1
U07145,1,2,0.9395302534103394,1
U07146,1,2,0.8804253339767456,1
U07147,1,1,0.9303712844848633,1
U07148,1,4,0.3639201521873474,0
U07149,1,2,0.9690247774124146,1
U07150,1,5,0.7090474367141724,1
U07151,1,4,0.7916997671127319,1
U07152,1,5,0.9928781390190125,1
U07153,1,2,0.6556923389434814,1
U07154,1,5,0.8717625737190247,1
U07155,1,1,0.5840202569961548,1
U07156,1,4,0.11686059832572937,0
U07157,1,2,0.12871141731739044,0
U07158,1,1,0.6068432331085205,1
U07159,1,2,0.9820480942726135,1
U07160,1,4,0.5503904819488525,1
U07161,1,4,0.739189863204956,1
U07162,1,2,0.92293381690979,1
U07163,1,5,0.9930559396743774,1
U07164,1,1,0.6220974922180176,1
U07165,1,1,0.7307074666023254,1
U07166,1,4,0.9489966034889221,1
U07167,1,3,0.2656551003456116,0
U07168,1,1,0.5125319361686707,1
U07169,1,5,0.8319551944732666,1
U07170,1,1,0.5063585638999939,1
U07171,1,1,0.8898043036460876,1
U07172,1,5,0.5450376272201538,1
U07173,1,3,0.8938322067260742,1
U07174,1,4,0.8464962244033813,1
U07175,1,5,0.7886365652084351,1
U07176,1,5,0.34061112999916077,0
U07177,1,1,0.9896369576454163,1
U07178,1,5,0.8792369365692139,1
U07179,1,4,0.9178352952003479,1
U07180,1,5,0.9704288244247437,1
U07181,1,4,0.9339136481285095,1
U07182,1,1,0.9552382826805115,1
U07183,1,4,0.7263191938400269,1
U07184,1,2,0.9396182298660278,1
U07185,1,3,0.7273347973823547,1
U07186,1,1,0.9911698698997498,1
U07187,1,5,0.7812114953994751,1
U07188,1,2,0.45619702339172363,0
U07189,1,3,0.8374559879302979,1
U07190,1,4,0.6994881629943848,1
U07191,1,5,0.19008666276931763,0
U07192,1,4,0.7713621258735657,1
U07193,1,4,0.7839069366455078,1
U07194,1,4,0.9093912839889526,1
U07195,1,1,0.7958014011383057,1
U07196,1,4,0.8818165063858032,1
U07197,1,5,0.9890634417533875,1
U07198,1,3,0.9812875390052795,1
U07199,1,3,0.9028856754302979,1
U07200,1,3,0.9195897579193115,1
U07201,1,3,0.906737744808197,1
U07202,1,5,0.544031023979187,1
U07203,1,1,0.8787717223167419,1
U07204,1,4,0.9636924862861633,1
U07205,1,5,0.9214551448822021,1
U07206,1,2,0.5827212333679199,1
U07207,1,4,0.8784785270690918,1
U07208,1,5,0.6188534498214722,1
U07209,1,5,0.7780443429946899,1
U07210,1,1,0.7792712450027466,1
U07211,1,3,0.9754246473312378,1
U07212,1,3,0.4351975917816162,0
U07213,1,1,0.7378631830215454,1
U07214,1,5,0.8659636378288269,1
U07215,1,2,0.5671486258506775,1
U07216,1,3,0.6736658215522766,1
U07217,1,2,0.9216460585594177,1
U07218,1,2,0.32671821117401123,0
U07219,1,4,0.5623746514320374,1
U07220,1,3,0.9506849646568298,1
U07221,1,1,0.7310225963592529,1
U07222,1,2,0.4774230420589447,0
U07223,1,5,0.8976784944534302,1
U07224,1,5,0.141105055809021,0
U07225,1,1,0.5410124063491821,1
U07226,1,5,0.7617161870002747,1
U07227,1,2,0.8699206709861755,1
U07228,1,5,0.7521713972091675,1
U07229,1,1,0.8669869899749756,1
U07230,1,3,0.27198326587677,0
U07231,1,1,0.40444010496139526,0
U07232,1,4,0.37565621733665466,0
U07233,1,4,0.8454058766365051,1
U07234,1,4,0.43494829535484314,0
U07235,1,4,0.9301083087921143,1
U07236,1,2,0.9887133836746216,1
U07237,1,5,0.4159529507160187,0
U07238,1,1,0.901919424533844,1
U07239,1,3,0.5768303275108337,1
U07240,1,5,0.5200409293174744,1
U07241,1,5,0.9702486991882324,1
U07242,1,3,0.5995741486549377,1
U07243,1,5,0.24233080446720123,0
U07244,1,4,0.4934724271297455,0
U07245,1,5,0.8373755812644958,1
U07246,1,3,0.5741879343986511,1
U07247,1,2,0.9484245181083679,1
U07248,1,1,0.685750424861908,1
U07249,1,1,0.8879390954971313,1
U07250,1,2,0.8771939277648926,1
U07251,1,4,0.9358609914779663,1
U07252,1,5,0.7216951251029968,1
U07253,1,4,0.8307889103889465,1
U07254,1,1,0.4255218803882599,0
U07255,1,1,0.9537890553474426,1
U07256,1,2,0.42716914415359497,0
U07257,1,2,0.29666879773139954,0
U07258,1,2,0.42665067315101624,0
U07259,1,5,0.8738642334938049,1
U07260,1,5,0.9500876069068909,1
U07261,1,2,0.5566911101341248,1
U07262,1,2,0.9208340048789978,1
U07263,1,5,0.6901382803916931,1
U07264,1,5,0.9809960722923279,1
U07265,1,3,0.9699380993843079,1
U07266,1,3,0.8213424682617188,1
U07267,1,3,0.914715588092804,1
U07268,1,5,0.9266077876091003,1
U07269,1,5,0.7687069177627563,1
U07270,1,2,0.9660632014274597,1
U07271,1,1,0.9943847060203552,1
U07272,1,3,0.9781712889671326,1
U07273,1,3,0.40206387639045715,0
U07274,1,4,0.4822850227355957,0
U07275,1,2,0.9771276712417603,1
U07276,1,5,0.22692985832691193,0
U07277,1,5,0.8699709177017212,1
U07278,1,5,0.3618747293949127,0
U07279,1,5,0.4053734540939331,0
U07280,1,4,0.024544835090637207,0
U07281,1,2,0.961538553237915,1
U07282,1,3,0.614748477935791,1
U07283,1,4,0.8850007653236389,1
U07284,1,3,0.3153553605079651,0
U07285,1,4,0.08569037914276123,0
U07286,1,2,0.8736774325370789,1
U07287,1,5,0.8067991733551025,1
U07288,1,2,0.3427067995071411,0
U07289,1,2,0.08478184044361115,0
U07290,1,3,0.3895322382450104,0
U07291,1,1,0.9288848638534546,1
U07292,1,5,0.8245531916618347,1
U07293,1,2,0.9908794164657593,1
U07294,1,2,0.47163110971450806,0
U07295,1,3,0.7292770743370056,1
U07296,1,5,0.6092127561569214,1
U07297,1,4,0.582933247089386,1
U07298,1,2,0.22335270047187805,0
U07299,1,1,0.2733150124549866,0
U07300,1,4,0.8827364444732666,1
U07301,1,3,0.847140908241272,1
U07302,1,4,0.30006447434425354,0
U07303,1,3,0.9842283129692078,1
U07304,1,5,0.06860345602035522,0
U07305,1,4,0.7960981130599976,1
U07306,1,5,0.5641422867774963,1
U07307,1,5,0.7566301226615906,1
U07308,1,2,0.2569689452648163,0
U07309,1,2,0.43773213028907776,0
U07310,1,2,0.8822641968727112,1
U07311,1,1,0.984067976474762,1
U07312,1,3,0.8982916474342346,1
U07313,1,3,0.9686357378959656,1
U07314,1,2,0.8759163022041321,1
U07315,1,4,0.8645462393760681,1
U07316,1,1,0.26785990595817566,0
U07317,1,4,0.7461829781532288,1
U07318,1,5,0.1491979956626892,0
U07319,1,3,0.7327311038970947,1
U07320,1,4,0.7429879307746887,1
U07321,1,2,0.7111039757728577,1
U07322,1,2,0.5754773020744324,1
U07323,1,3,0.08828037977218628,0
U07324,1,4,0.6943906545639038,1
U07325,1,2,0.7376571893692017,1
U07326,1,3,0.6990137696266174,1
U07327,1,1,0.8976367712020874,1
U07328,1,3,0.1445557177066803,0
U07329,1,5,0.9955772757530212,1
U07330,1,2,0.9620456695556641,1
U07331,1,5,0.8082222938537598,1
U07332,1,2,0.7816740870475769,1
U07333,1,4,0.29908525943756104,0
U07334,1,1,0.3373774290084839,0
U07335,1,2,0.9289800524711609,1
U07336,1,5,0.468748539686203,0
U07337,1,3,0.8415268063545227,1
U07338,1,5,0.11285398155450821,0
U07339,1,1,0.8172261118888855,1
U07340,1,4,0.8279445171356201,1
U07341,1,5,0.11028894037008286,0
U07342,1,5,0.35100728273391724,0
U07343,1,4,0.9127892851829529,1
U07344,1,5,0.594284176826477,1
U07345,1,5,0.6091281175613403,1
U07346,1,5,0.9908158779144287,1
U07347,1,5,0.9823095798492432,1
U07348,1,2,0.5935301780700684,1
U07349,1,2,0.8968766927719116,1
U07350,1,3,0.6863800287246704,1
U07351,1,5,0.6717917919158936,1
U07352,1,2,0.8637920022010803,1
U07353,1,2,0.2565869390964508,0
U07354,1,2,0.784197211265564,1
U07355,1,3,0.9836359024047852,1
U07356,1,5,0.717053234577179,1
U07357,1,2,0.8621401786804199,1
U07358,1,1,0.6231673359870911,1
U07359,1,1,0.9579320549964905,1
U07360,1,4,0.8194491863250732,1
U07361,1,3,0.971642255783081,1
U07362,1,2,0.8906474113464355,1
U07363,1,5,0.9460219144821167,1
U07364,1,3,0.6846115589141846,1
U07365,1,5,0.9930619597434998,1
U07366,1,2,0.7135851383209229,1
U07367,1,2,0.435419499874115,0
U07368,1,2,0.8405149579048157,1
U07369,1,3,0.9703088998794556,1
U07370,1,5,0.9815496206283569,1
U07371,1,4,0.22110967338085175,0
U07372,1,3,0.9934287667274475,1
U07373,1,5,0.7338294982910156,1
U07374,1,3,0.9799631834030151,1
U07375,1,1,0.641380250453949,1
U07376,1,2,0.9874241948127747,1
U07377,1,3,0.3030215799808502,0
U07378,1,4,0.813838541507721,1
U07379,1,1,0.8629072904586792,1
U07380,1,1,0.9220027923583984,1
U07381,1,4,0.6651533842086792,1
U07382,1,2,0.8456242084503174,1
U07383,1,2,0.884752094745636,1
U07384,1,5,0.8204981684684753,1
U07385,1,2,0.8574158549308777,1
U07386,1,5,0.7327173948287964,1
U07387,1,1,0.8326064944267273,1
U07388,1,4,0.9409251809120178,1
U07389,1,2,0.6459971070289612,1
U07390,1,1,0.3632230758666992,0
U07391,1,2,0.9714435338973999,1
U07392,1,2,0.8608510494232178,1
U07393,1,5,0.40291330218315125,0
U07394,1,3,0.8062089085578918,1
U07395,1,1,0.8647809028625488,1
U07396,1,2,0.42846816778182983,0
U07397,1,1,0.8092844486236572,1
U07398,1,3,0.11521878838539124,0
U07399,1,3,0.7944307923316956,1
U07400,1,2,0.9275586009025574,1
U07401,1,2,0.6187940239906311,1
U07402,1,5,0.8758071064949036,1
U07403,1,4,0.7928832769393921,1
U07404,1,4,0.5530744194984436,1
U07405,1,3,0.36513620615005493,0
U07406,1,2,0.7483419179916382,1
U07407,1,3,0.02411460131406784,0
U07408,1,4,0.938644528388977,1
U07409,1,5,0.7729715704917908,1
U07410,1,5,0.7593783140182495,1
U07411,1,2,0.9919215440750122,1
U07412,1,2,0.9670504927635193,1
U07413,1,2,0.480858713388443,0
U07414,1,1,0.2695474624633789,0
U07415,1,4,0.8085827827453613,1
U07416,1,5,0.6781875491142273,1
U07417,1,3,0.7756849527359009,1
U07418,1,1,0.6984844207763672,1
U07419,1,2,0.9974920749664307,1
U07420,1,2,0.8923879265785217,1
U07421,1,4,0.4994658827781677,0
U07422,1,5,0.8992424011230469,1
U07423,1,3,0.9411956071853638,1
U07424,1,4,0.5955050587654114,1
U07425,1,5,0.9885974526405334,1
U07426,1,5,0.8150166869163513,1
U07427,1,1,0.6256138682365417,1
U07428,1,4,0.7798346877098083,1
U07429,1,2,0.8893479704856873,1
U07430,1,4,0.981548011302948,1
U07431,1,2,0.9774631857872009,1
U07432,1,3,0.4841661751270294,0
U07433,1,2,0.9618188142776489,1
U07434,1,1,0.47399184107780457,0
U07435,1,5,0.9710009098052979,1
U07436,1,3,0.16561535000801086,0
U07437,1,4,0.6026819944381714,1
U07438,1,4,0.344199538230896,0
U07439,1,2,0.5841870903968811,1
U07440,1,2,0.8820171356201172,1
U07441,1,1,0.975918710231781,1
U07442,1,4,0.9192463755607605,1
U07443,1,5,0.809739351272583,1
U07444,1,5,0.9272875785827637,1
U07445,1,3,0.9646552801132202,1
U07446,1,4,0.9666696190834045,1
U07447,1,4,0.9481025338172913,1
U07448,1,2,0.8398862481117249,1
U07449,1,3,0.37337997555732727,0
U07450,1,5,0.9577007293701172,1
U07451,1,3,0.975614607334137,1
U07452,1,5,0.6203869581222534,1
U07453,1,2,0.4959419369697571,0
U07454,1,2,0.9335952997207642,1
U07455,1,2,0.9542169570922852,1
U07456,1,5,0.20428594946861267,0
U07457,1,2,0.8660629987716675,1
U07458,1,1,0.8341252207756042,1
U07459,1,2,0.0455658882856369,0
U07460,1,4,0.036872748285532,0
U07461,1,2,0.7140558958053589,1
U07462,1,2,0.8429772853851318,1
U07463,1,3,0.3630375564098358,0
U07464,1,4,0.9538469910621643,1
U07465,1,2,0.779521644115448,1
U07466,1,5,0.928999662399292,1
U07467,1,2,0.39385977387428284,0
U07468,1,5,0.9468996524810791,1
U07469,1,5,0.7701464891433716,1
U07470,1,2,0.8716166019439697,1
U07471,1,2,0.5494214296340942,1
U07472,1,1,0.984655499458313,1
U07473,1,5,0.8949761986732483,1
U07474,1,2,0.5321837663650513,1
U07475,1,2,0.991047203540802,1
U07476,1,2,0.9527928233146667,1
U07477,1,5,0.9172097444534302,1
U07478,1,2,0.7221732139587402,1
U07479,1,5,0.7431631088256836,1
U07480,1,2,0.9727650880813599,1
U07481,1,1,0.9841871857643127,1
U07482,1,4,0.7805233597755432,1
U07483,1,5,0.9957994222640991,1
U07484,1,3,0.8658956289291382,1
U07485,1,4,0.7806859016418457,1
U07486,1,2,0.5708754062652588,1
U07487,1,5,0.8262642621994019,1
U07488,1,2,0.9008160829544067,1
U07489,1,5,0.9533734321594238,1
U07490,1,2,0.8879952430725098,1
U07491,1,4,0.013502965681254864,0
U07492,1,2,0.8790308833122253,1
U07493,1,3,0.9484881162643433,1
U07494,1,2,0.9615304470062256,1
U07495,1,5,0.15598322451114655,0
U07496,1,3,0.9528892636299133,1
U07497,1,4,0.511080265045166,1
U07498,1,5,0.9743798971176147,1
U07499,1,2,0.35528528690338135,0
U07500,1,3,0.9494668245315552,1
U07501,1,2,0.9458187818527222,1
U07502,1,4,0.36433741450309753,0
U07503,1,2,0.3168799579143524,0
U07504,1,5,0.6983691453933716,1
U07505,1,2,0.8281450271606445,1
U07506,1,2,0.4771801829338074,0
U07507,1,5,0.7985351085662842,1
U07508,1,5,0.8543624877929688,1
U07509,1,4,0.3900165259838104,0
U07510,1,2,0.31103748083114624,0
U07511,1,2,0.6847676038742065,1
U07512,1,1,0.5604639053344727,1
U07513,1,3,0.8442479968070984,1
U07514,1,2,0.9825657606124878,1
U07515,1,4,0.692919135093689,1
U07516,1,3,0.859563410282135,1
U07517,1,4,0.5942792892456055,1
U07518,1,1,0.9219803810119629,1
U07519,1,3,0.6982791423797607,1
U07520,1,4,0.6423079371452332,1
U07521,1,2,0.3357335031032562,0
U07522,1,1,0.11990197747945786,0
U07523,1,1,0.5819120407104492,1
U07524,1,5,0.3825600743293762,0
U07525,1,4,0.8811326026916504,1
U07526,1,1,0.2255362868309021,0
U07527,1,1,0.2799217998981476,0
U07528,1,4,0.7345691323280334,1
U07529,1,2,0.4262290298938751,0
U07530,1,3,0.8482227325439453,1
U07531,1,5,0.5965180397033691,1
U07532,1,3,0.9362038373947144,1
U07533,1,2,0.6537866592407227,1
U07534,1,4,0.8982741832733154,1
U07535,1,5,0.9100723266601562,1
U07536,1,5,0.844436526298523,1
U07537,1,4,0.8228809237480164,1
U07538,1,5,0.9878720641136169,1
U07539,1,1,0.9290546774864197,1
U07540,1,4,0.962714433670044,1
U07541,1,1,0.9318526983261108,1
U07542,1,1,0.8611831665039062,1
U07543,1,4,0.7256653904914856,1
U07544,1,5,0.9757260084152222,1
U07545,1,2,0.9039473533630371,1
U07546,1,5,0.9457404017448425,1
U07547,1,1,0.7498711347579956,1
U07548,1,2,0.9835867881774902,1
U07549,1,4,0.48951345682144165,0
U07550,1,5,0.7891003489494324,1
U07551,1,1,0.9330376982688904,1
U07552,1,5,0.544153094291687,1
U07553,1,4,0.3722389340400696,0
U07554,1,1,0.8115831613540649,1
U07555,1,2,0.5742216110229492,1
U07556,1,5,0.5208607912063599,1
U07557,1,1,0.7522786855697632,1
U07558,1,4,0.9176539182662964,1
U07559,1,5,0.02591199427843094,0
U07560,1,2,0.7671830654144287,1
U07561,1,3,0.7263708114624023,1
U07562,1,5,0.971520721912384,1
U07563,1,4,0.6223165392875671,1
U07564,1,5,0.818838894367218,1
U07565,1,2,0.9659416675567627,1
U07566,1,5,0.6769027709960938,1
U07567,1,1,0.43928197026252747,0
U07568,1,2,0.5736488103866577,1
U07569,1,2,0.9483579397201538,1
U07570,1,3,0.9847777485847473,1
U07571,1,2,0.6586243510246277,1
U07572,1,2,0.9700035452842712,1
U07573,1,4,0.39943334460258484,0
U07574,1,4,0.33136609196662903,0
U07575,1,5,0.9767991900444031,1
U07576,1,3,0.9427324533462524,1
U07577,1,3,0.3894408345222473,0
U07578,1,5,0.9058522582054138,1
U07579,1,5,0.5684260129928589,1
U07580,1,4,0.3886416554450989,0
U07581,1,4,0.9927234649658203,1
U07582,1,3,0.8446062207221985,1
U07583,1,5,0.9634981155395508,1
U07584,1,5,0.37955397367477417,0
U07585,1,5,0.38018563389778137,0
U07586,1,4,0.9130104184150696,1
U07587,1,2,0.6459233164787292,1
U07588,1,2,0.810167670249939,1
U07589,1,4,0.060980863869190216,0
U07590,1,4,0.7793901562690735,1
U07591,1,3,0.8058887720108032,1
U07592,1,5,0.6889722943305969,1
U07593,1,3,0.8551130294799805,1
U07594,1,1,0.9974242448806763,1
U07595,1,5,0.9465646743774414,1
U07596,1,3,0.9873421788215637,1
U07597,1,5,0.8532068729400635,1
U07598,1,2,0.6599738001823425,1
U07599,1,3,0.15010955929756165,0
U07600,1,5,0.6404222249984741,1
U07601,1,2,0.928318202495575,1
U07602,1,5,0.9807702302932739,1
U07603,1,2,0.9950143098831177,1
U07604,1,5,0.9243481159210205,1
U07605,1,5,0.9834166169166565,1
U07606,1,2,0.8344234228134155,1
U07607,1,5,0.9688997268676758,1
U07608,1,3,0.11184236407279968,0
U07609,1,4,0.8535041809082031,1
U07610,1,3,0.3932563364505768,0
U07611,1,4,0.7243568897247314,1
U07612,1,4,0.9505578875541687,1
U07613,1,4,0.6206992864608765,1
U07614,1,5,0.5403664708137512,1
U07615,1,4,0.5427626967430115,1
U07616,1,5,0.4778349697589874,0
U07617,1,4,0.19714851677417755,0
U07618,1,4,0.9597476124763489,1
U07619,1,3,0.4464111924171448,0
U07620,1,1,0.2952384948730469,0
U07621,1,3,0.5131587982177734,1
U07622,1,4,0.9184356927871704,1
U07623,1,1,0.7423162460327148,1
U07624,1,5,0.9634818434715271,1
U07625,1,3,0.8430927395820618,1
U07626,1,5,0.819753885269165,1
U07627,1,3,0.9754976630210876,1
U07628,1,1,0.699880838394165,1
U07629,1,3,0.9331907629966736,1
U07630,1,2,0.8976452350616455,1
U07631,1,2,0.8152182698249817,1
U07632,1,4,0.08716605603694916,0
U07633,1,2,0.47727909684181213,0
U07634,1,1,0.9099074602127075,1
U07635,1,1,0.013458499684929848,0
U07636,1,5,0.1858692467212677,0
U07637,1,5,0.6596919894218445,1
U07638,1,2,0.6631296873092651,1
U07639,1,2,0.9928356409072876,1
U07640,1,5,0.9392340779304504,1
U07641,1,3,0.9642292857170105,1
U07642,1,3,0.729840874671936,1
U07643,1,2,0.40204522013664246,0
U07644,1,2,0.8848742246627808,1
U07645,1,4,0.5737701654434204,1
U07646,1,2,0.8177357316017151,1
U07647,1,5,0.9070557355880737,1
U07648,1,4,0.37796705961227417,0
U07649,1,4,0.8905879259109497,1
U07650,1,2,0.9699676632881165,1
U07651,1,4,0.6636722087860107,1
U07652,1,3,0.8609223365783691,1
U07653,1,2,0.17045387625694275,0
U07654,1,3,0.9669944047927856,1
U07655,1,1,0.028085308149456978,0
U07656,1,4,0.5795481204986572,1
U07657,1,4,0.04838138818740845,0
U07658,1,1,0.8608462810516357,1
U07659,1,2,0.9648094177246094,1
U07660,1,1,0.9412798881530762,1
U07661,1,2,0.6322201490402222,1
U07662,1,3,0.2628021836280823,0
U07663,1,2,0.7209511399269104,1
U07664,1,2,0.9093083739280701,1
U07665,1,4,0.8865541815757751,1
U07666,1,1,0.7668238878250122,1
U07667,1,4,0.8928370475769043,1
U07668,1,3,0.7157560586929321,1
U07669,1,3,0.05668727308511734,0
U07670,1,4,0.34100985527038574,0
U07671,1,2,0.7090239524841309,1
U07672,1,4,0.5883963108062744,1
U07673,1,2,0.392905056476593,0
U07674,1,5,0.9354642629623413,1
U07675,1,4,0.12448608875274658,0
U07676,1,4,0.6091887950897217,1
U07677,1,3,0.9689484238624573,1
U07678,1,5,0.06561529636383057,0
U07679,1,2,0.9117521047592163,1
U07680,1,1,0.9727185964584351,1
U07681,1,3,0.9935873746871948,1
U07682,1,2,0.9564913511276245,1
U07683,1,5,0.9702279567718506,1
U07684,1,3,0.8362799882888794,1
U07685,1,4,0.9068596959114075,1
U07686,1,2,0.24428144097328186,0
U07687,1,4,0.9939704537391663,1
U07688,1,3,0.9005846381187439,1
U07689,1,5,0.6467583775520325,1
U07690,1,4,0.9789807200431824,1
U07691,1,3,0.8225250840187073,1
U07692,1,2,0.4488900899887085,0
U07693,1,3,0.42862725257873535,0
U07694,1,2,0.837195873260498,1
U07695,1,2,0.9770638942718506,1
U07696,1,4,0.9730282425880432,1
U07697,1,1,0.21687614917755127,0
U07698,1,3,0.8518545031547546,1
U07699,1,5,0.40217265486717224,0
U07700,1,2,0.29414358735084534,0
U07701,1,5,0.5393279790878296,1
U07702,1,2,0.47910580039024353,0
U07703,1,2,0.8827784061431885,1
U07704,1,3,0.7867302894592285,1
U07705,1,2,0.7605825662612915,1
U07706,1,1,0.8096610307693481,1
U07707,1,2,0.9612293243408203,1
U07708,1,1,0.9864797592163086,1
U07709,1,4,0.5278538465499878,1
U07710,1,5,0.9451117515563965,1
U07711,1,5,0.8503762483596802,1
U07712,1,5,0.9163742661476135,1
U07713,1,5,0.930155873298645,1
U07714,1,4,0.8727965354919434,1
U07715,1,1,0.9308573007583618,1
U07716,1,4,0.8193361163139343,1
U07717,1,1,0.826451301574707,1
U07718,1,3,0.17403489351272583,0
U07719,1,1,0.934802770614624,1
U07720,1,5,0.9201778769493103,1
U07721,1,4,0.9003961086273193,1
U07722,1,4,0.6389893889427185,1
U07723,1,2,0.9874675273895264,1
U07724,1,3,0.9632765054702759,1
U07725,1,4,0.38903820514678955,0
U07726,1,5,0.8303577899932861,1
U07727,1,5,0.44181352853775024,0
U07728,1,4,0.579932689666748,1
U07729,1,5,0.15397928655147552,0
U07730,1,2,0.8125417828559875,1
U07731,1,4,0.43635374307632446,0
U07732,1,5,0.7946069836616516,1
U07733,1,1,0.8972518444061279,1
U07734,1,4,0.5289899110794067,1
U07735,1,3,0.7461796402931213,1
U07736,1,4,0.8885515332221985,1
U07737,1,3,0.642192542552948,1
U07738,1,5,0.1715536117553711,0
U07739,1,1,0.7061357498168945,1
U07740,1,5,0.9280980825424194,1
U07741,1,4,0.6817014813423157,1
U07742,1,2,0.9507710933685303,1
U07743,1,4,0.9924620985984802,1
U07744,1,3,0.8868951201438904,1
U07745,1,1,0.9727911353111267,1
U07746,1,1,0.8275423049926758,1
U07747,1,5,0.9970366954803467,1
U07748,1,2,0.180082768201828,0
U07749,1,3,0.7165132761001587,1
U07750,1,2,0.7040418386459351,1
U07751,1,5,0.5678519606590271,1
U07752,1,2,0.5795034766197205,1
U07753,1,5,0.9678218960762024,1
U07754,1,4,0.8116334080696106,1
U07755,1,1,0.5797966718673706,1
U07756,1,3,0.9970210790634155,1
U07757,1,2,0.48023515939712524,0
U07758,1,1,0.9397221207618713,1
U07759,1,5,0.9083076119422913,1
U07760,1,4,0.05487743020057678,0
U07761,1,3,0.10218025743961334,0
U07762,1,5,0.6362726092338562,1
U07763,1,5,0.9770089387893677,1
U07764,1,4,0.8983651995658875,1
U07765,1,4,0.6121264696121216,1
U07766,1,1,0.6800059676170349,1
U07767,1,2,0.4872509837150574,0
U07768,1,1,0.775442898273468,1
U07769,1,3,0.9624123573303223,1
U07770,1,4,0.8390356302261353,1
U07771,1,2,0.4613935649394989,0
U07772,1,3,0.9869017004966736,1
U07773,1,3,0.12620362639427185,0
U07774,1,4,0.7592946290969849,1
U07775,1,2,0.1210731714963913,0
U07776,1,4,0.8311554789543152,1
U07777,1,5,0.9508132338523865,1
U07778,1,2,0.8753822445869446,1
U07779,1,4,0.7902218699455261,1
U07780,1,5,0.4208628535270691,0
U07781,1,5,0.9107668995857239,1
U07782,1,2,0.6671349406242371,1
U07783,1,4,0.9784541726112366,1
U07784,1,5,0.7746021151542664,1
U07785,1,3,0.8651318550109863,1
U07786,1,5,0.4922490417957306,0
U07787,1,3,0.7071096897125244,1
U07788,1,4,0.5690968036651611,1
U07789,1,4,0.6141648888587952,1
U07790,1,1,0.9116628170013428,1
U07791,1,1,0.6658782362937927,1
U07792,1,4,0.8839030265808105,1
U07793,1,3,0.9555808305740356,1
U07794,1,4,0.9234578013420105,1
U07795,1,2,0.9404163360595703,1
U07796,1,2,0.9731795191764832,1
U07797,1,4,0.9594892859458923,1
U07798,1,4,0.9278620481491089,1
U07799,1,4,0.19665591418743134,0
U07800,1,1,0.7846987843513489,1
U07801,1,2,0.9864885210990906,1
U07802,1,4,0.6621490716934204,1
U07803,1,1,0.7270664572715759,1
U07804,1,4,0.9050008654594421,1
U07805,1,5,0.5505000948905945,1
U07806,1,1,0.7838515639305115,1
U07807,1,4,0.48688986897468567,0
U07808,1,3,0.9665817022323608,1
U07809,1,2,0.4319021999835968,0
U07810,1,4,0.9782571196556091,1
U07811,1,5,0.852899968624115,1
U07812,1,4,0.6614970564842224,1
U07813,1,2,0.9890754818916321,1
U07814,1,1,0.8728388547897339,1
U07815,1,1,0.8639297485351562,1
U07816,1,5,0.6642134189605713,1
U07817,1,2,0.9554673433303833,1
U07818,1,5,0.9843552112579346,1
U07819,1,3,0.968673825263977,1
U07820,1,5,0.11999788880348206,0
U07821,1,2,0.27253639698028564,0
U07822,1,4,0.6716912984848022,1
U07823,1,5,0.07641148567199707,0
U07824,1,5,0.9340002536773682,1
U07825,1,3,0.9114781022071838,1
U07826,1,2,0.3696015179157257,0
U07827,1,1,0.7794073820114136,1
U07828,1,3,0.12944093346595764,0
U07829,1,4,0.71544349193573,1
U07830,1,1,0.7958981990814209,1
U07831,1,4,0.7984877824783325,1
U07832,1,4,0.053912222385406494,0
U07833,1,3,0.9848678112030029,1
U07834,1,3,0.8588440418243408,1
U07835,1,4,0.7716352939605713,1
U07836,1,4,0.810375452041626,1
U07837,1,5,0.5026130080223083,1
U07838,1,4,0.20217376947402954,0
U07839,1,3,0.25493133068084717,0
U07840,1,1,0.9492660164833069,1
U07841,1,1,0.5184188485145569,1
U07842,1,5,0.9054833650588989,1
U07843,1,4,0.3244016170501709,0
U07844,1,3,0.29629674553871155,0
U07845,1,4,0.4805128872394562,0
U07846,1,1,0.6155995726585388,1
U07847,1,4,0.9286367893218994,1
U07848,1,4,0.11875247210264206,0
U07849,1,1,0.8312529921531677,1
U07850,1,4,0.611078679561615,1
U07851,1,3,0.9438936710357666,1
U07852,1,3,0.12771867215633392,0
U07853,1,2,0.30322855710983276,0
U07854,1,2,0.7097424864768982,1
U07855,1,4,0.6662547588348389,1
U07856,1,3,0.9629852175712585,1
U07857,1,5,0.9469372034072876,1
U07858,1,2,0.9924136996269226,1
U07859,1,2,0.9442355632781982,1
U07860,1,1,0.733856201171875,1
U07861,1,2,0.6696114540100098,1
U07862,1,3,0.9237176179885864,1
U07863,1,4,0.9114382863044739,1
U07864,1,5,0.7956836819648743,1
U07865,1,3,0.928626537322998,1
U07866,1,1,0.08352905511856079,0
U07867,1,5,0.6064180135726929,1
U07868,1,4,0.5206079483032227,1
U07869,1,2,0.22376205027103424,0
U07870,1,4,0.700573205947876,1
U07871,1,5,0.9897271990776062,1
U07872,1,1,0.9722422361373901,1
U07873,1,4,0.37732991576194763,0
U07874,1,4,0.924888551235199,1
U07875,1,5,0.6598014235496521,1
U07876,1,3,0.5935710668563843,1
U07877,1,4,0.8871469497680664,1
U07878,1,5,0.8357647657394409,1
U07879,1,4,0.5349270105361938,1
U07880,1,4,0.7037640810012817,1
U07881,1,5,0.9957214593887329,1
U07882,1,2,0.7959213852882385,1
U07883,1,2,0.6254411935806274,1
U07884,1,5,0.9660332202911377,1
U07885,1,3,0.9965581297874451,1
U07886,1,1,0.47727376222610474,0
U07887,1,1,0.9681087136268616,1
U07888,1,3,0.9765260815620422,1
U07889,1,5,0.9809362888336182,1
U07890,1,4,0.745880663394928,1
U07891,1,4,0.9482124447822571,1
U07892,1,4,0.6909336447715759,1
U07893,1,5,0.8246378302574158,1
U07894,1,3,0.8697832822799683,1
U07895,1,2,0.6443044543266296,1
U07896,1,4,0.8285425901412964,1
U07897,1,1,0.6351231932640076,1
U07898,1,4,0.10115721821784973,0
U07899,1,2,0.8222242593765259,1
U07900,1,2,0.5393878221511841,1
U07901,1,2,0.9687304496765137,1
U07902,1,5,0.989741325378418,1
U07903,1,5,0.9263090491294861,1
U07904,1,5,0.9401460289955139,1
U07905,1,3,0.9683042168617249,1
U07906,1,4,0.7010301351547241,1
U07907,1,3,0.3288385272026062,0
U07908,1,4,0.8563168048858643,1
U07909,1,2,0.42069798707962036,0
U07910,1,2,0.4358338713645935,0
U07911,1,2,0.45131728053092957,0
U07912,1,1,0.9018510580062866,1
U07913,1,4,0.20985452830791473,0
U07914,1,2,0.7610777616500854,1
U07915,1,3,0.9316627383232117,1
U07916,1,2,0.8880676031112671,1
U07917,1,3,0.09642168134450912,0
U07918,1,2,0.8988285064697266,1
U07919,1,4,0.31136009097099304,0
U07920,1,4,0.832841157913208,1
U07921,1,5,0.7642428278923035,1
U07922,1,2,0.9944068193435669,1
U07923,1,3,0.9484240412712097,1
U07924,1,2,0.8760104775428772,1
U07925,1,5,0.8404291868209839,1
U07926,1,5,0.6342820525169373,1
U07927,1,1,0.10444840788841248,0
U07928,1,3,0.47068774700164795,0
U07929,1,4,0.07177795469760895,0
U07930,1,5,0.4083889126777649,0
U07931,1,2,0.07197246700525284,0
U07932,1,1,0.45758870244026184,0
U07933,1,5,0.983893871307373,1
U07934,1,5,0.5278610587120056,1
U07935,1,4,0.941307008266449,1
U07936,1,5,0.5283361077308655,1
U07937,1,5,0.987910807132721,1
U07938,1,5,0.02139386348426342,0
U07939,1,4,0.8371515870094299,1
U07940,1,4,0.7043960690498352,1
U07941,1,1,0.9556965231895447,1
U07942,1,3,0.1356765627861023,0
U07943,1,3,0.7630201578140259,1
U07944,1,4,0.272491991519928,0
U07945,1,5,0.9967853426933289,1
U07946,1,2,0.10073117166757584,0
U07947,1,2,0.40252143144607544,0
U07948,1,3,0.9605646133422852,1
U07949,1,2,0.9221255779266357,1
U07950,1,4,0.20183652639389038,0
U07951,1,4,0.5005616545677185,1
U07952,1,4,0.6682553887367249,1
U07953,1,5,0.4269633889198303,0
U07954,1,2,0.2330998033285141,0
U07955,1,5,0.9130621552467346,1
U07956,1,4,0.7193835973739624,1
U07957,1,3,0.9852099418640137,1
U07958,1,3,0.8730595707893372,1
U07959,1,4,0.7304032444953918,1
U07960,1,2,0.9932412505149841,1
U07961,1,1,0.7958838939666748,1
U07962,1,5,0.4056383967399597,0
U07963,1,4,0.4988366365432739,0
U07964,1,1,0.5216625928878784,1
U07965,1,5,0.09707581251859665,0
U07966,1,1,0.656660795211792,1
U07967,1,1,0.917646050453186,1
U07968,1,1,0.5319274663925171,1
U07969,1,2,0.5095517635345459,1
U07970,1,4,0.8773036003112793,1
U07971,1,1,0.9238876104354858,1
U07972,1,5,0.04747725650668144,0
U07973,1,2,0.7348736524581909,1
U07974,1,2,0.6804371476173401,1
U07975,1,5,0.7993197441101074,1
U07976,1,5,0.8511438369750977,1
U07977,1,1,0.2429775893688202,0
U07978,1,4,0.7184459567070007,1
U07979,1,2,0.3870024085044861,0
U07980,1,5,0.5168944597244263,1
U07981,1,1,0.4668327867984772,0
U07982,1,2,0.705849289894104,1
U07983,1,4,0.019886307418346405,0
U07984,1,5,0.4983140528202057,0
U07985,1,1,0.6187688708305359,1
U07986,1,1,0.5132266283035278,1
U07987,1,3,0.9039043188095093,1
U07988,1,2,0.9400546550750732,1
U07989,1,4,0.8861187696456909,1
U07990,1,2,0.46566998958587646,0
U07991,1,5,0.5280677676200867,1
U07992,1,2,0.6763056516647339,1
U07993,1,1,0.6354135274887085,1
U07994,1,2,0.8968738317489624,1
U07995,1,3,0.6844485998153687,1
U07996,1,4,0.8586081862449646,1
U07997,1,1,0.6482253074645996,1
U07998,1,3,0.022794123739004135,0
U07999,1,5,0.7488846182823181,1
U08000,1,1,0.748661994934082,1
U08001,1,4,0.9322777986526489,1
U08002,1,1,0.9348142743110657,1
U08003,1,4,0.9448023438453674,1
U08004,1,5,0.6155809164047241,1
U08005,1,3,0.9575347900390625,1
U08006,1,4,0.8700916767120361,1
U08007,1,5,0.3407030999660492,0
U08008,1,1,0.6772652864456177,1
U08009,1,2,0.866145670413971,1
U08010,1,5,0.3302754759788513,0
U08011,1,3,0.9838827848434448,1
U08012,1,2,0.85031658411026,1
U08013,1,1,0.4389708638191223,0
U08014,1,3,0.8838563561439514,1
U08015,1,1,0.9303439855575562,1
U08016,1,3,0.16126523911952972,0
U08017,1,5,0.803225040435791,1
U08018,1,2,0.5547481775283813,1
U08019,1,2,0.21194136142730713,0
U08020,1,1,0.6977107524871826,1
U08021,1,2,0.7688620090484619,1
U08022,1,2,0.7325490117073059,1
U08023,1,5,0.5040478110313416,1
U08024,1,1,0.9805542826652527,1
U08025,1,1,0.833895206451416,1
U08026,1,2,0.5464439392089844,1
U08027,1,1,0.8224653005599976,1
U08028,1,1,0.9178546667098999,1
U08029,1,2,0.8864260911941528,1
U08030,1,1,0.9255000352859497,1
U08031,1,1,0.9787651300430298,1
U08032,1,2,0.32954585552215576,0
U08033,1,4,0.6876534223556519,1
U08034,1,4,0.7463222742080688,1
U08035,1,2,0.6986400485038757,1
U08036,1,4,0.5042380094528198,1
U08037,1,1,0.6851749420166016,1
U08038,1,1,0.9502953290939331,1
U08039,1,5,0.9839441180229187,1
U08040,1,2,0.9624922275543213,1
U08041,1,4,0.6461020708084106,1
U08042,1,5,0.6847575306892395,1
U08043,1,2,0.37701693177223206,0
U08044,1,1,0.5065140724182129,1
U08045,1,2,0.4312657415866852,0
U08046,1,2,0.38533687591552734,0
U08047,1,5,0.48850953578948975,0
U08048,1,1,0.994883120059967,1
U08049,1,5,0.8429343104362488,1
U08050,1,2,0.67658931016922,1
U08051,1,4,0.42244088649749756,0
U08052,1,5,0.8898515701293945,1
U08053,1,4,0.8634989857673645,1
U08054,1,3,0.8198589086532593,1
U08055,1,4,0.8733355402946472,1
U08056,1,4,0.42878258228302,0
U08057,1,4,0.6934181451797485,1
U08058,1,5,0.6119490265846252,1
U08059,1,2,0.38543233275413513,0
U08060,1,3,0.9884961843490601,1
U08061,1,4,0.7484598159790039,1
U08062,1,4,0.8105711936950684,1
U08063,1,2,0.13582900166511536,0
U08064,1,4,0.9013913869857788,1
U08065,1,3,0.9440379738807678,1
U08066,1,1,0.8783258199691772,1
U08067,1,1,0.9018757939338684,1
U08068,1,4,0.789512038230896,1
U08069,1,3,0.671893835067749,1
U08070,1,2,0.8457926511764526,1
U08071,1,4,0.16313493251800537,0
U08072,1,1,0.3179205060005188,0
U08073,1,4,0.9527832865715027,1
U08074,1,2,0.4338262677192688,0
U08075,1,4,0.6683003306388855,1
U08076,1,3,0.7799229025840759,1
U08077,1,2,0.7069866061210632,1
U08078,1,3,0.8598291873931885,1
U08079,1,4,0.931602954864502,1
U08080,1,4,0.3453029990196228,0
U08081,1,1,0.4915493130683899,0
U08082,1,2,0.5575765371322632,1
U08083,1,4,0.5166141390800476,1
U08084,1,2,0.48619168996810913,0
U08085,1,3,0.9573594331741333,1
U08086,1,4,0.6483961343765259,1
U08087,1,4,0.45297008752822876,0
U08088,1,2,0.6818670630455017,1
U08089,1,4,0.8690623044967651,1
U08090,1,1,0.8537842631340027,1
U08091,1,1,0.876570463180542,1
U08092,1,4,0.16223405301570892,0
U08093,1,2,0.856412410736084,1
U08094,1,2,0.9617353081703186,1
U08095,1,2,0.8965286612510681,1
U08096,1,1,0.9329005479812622,1
U08097,1,4,0.747212290763855,1
U08098,1,3,0.6531076431274414,1
U08099,1,1,0.7733610272407532,1
U08100,1,2,0.6661379337310791,1
U08101,1,2,0.3713091015815735,0
U08102,1,2,0.15279605984687805,0
U08103,1,2,0.9972735047340393,1
U08104,1,3,0.9855420589447021,1
U08105,1,1,0.9249671101570129,1
U08106,1,4,0.4932093024253845,0
U08107,1,2,0.9858645796775818,1
U08108,1,1,0.9894549250602722,1
U08109,1,5,0.6508045792579651,1
U08110,1,2,0.7182739973068237,1
U08111,1,4,0.5199856758117676,1
U08112,1,4,0.2534118592739105,0
U08113,1,4,0.8117337822914124,1
U08114,1,4,0.47481709718704224,0
U08115,1,4,0.6074612736701965,1
U08116,1,4,0.9720108509063721,1
U08117,1,3,0.7612398862838745,1
U08118,1,4,0.512549877166748,1
U08119,1,1,0.8941435813903809,1
U08120,1,2,0.8353432416915894,1
U08121,1,2,0.4458836317062378,0
U08122,1,5,0.7051551342010498,1
U08123,1,3,0.9924407005310059,1
U08124,1,2,0.37555837631225586,0
U08125,1,5,0.30903831124305725,0
U08126,1,4,0.9313011169433594,1
U08127,1,2,0.8258313536643982,1
U08128,1,5,0.924269437789917,1
U08129,1,5,0.8372458815574646,1
U08130,1,3,0.875449001789093,1
U08131,1,4,0.5816043019294739,1
U08132,1,4,0.8269492387771606,1
U08133,1,3,0.16910208761692047,0
U08134,1,4,0.9320021867752075,1
U08135,1,5,0.5985109806060791,1
U08136,1,2,0.8774809241294861,1
U08137,1,4,0.937330424785614,1
U08138,1,1,0.9930438995361328,1
U08139,1,2,0.8997546434402466,1
U08140,1,2,0.8216200470924377,1
U08141,1,4,0.910611629486084,1
U08142,1,3,0.3065679967403412,0
U08143,1,1,0.94903564453125,1
U08144,1,5,0.9767930507659912,1
U08145,1,4,0.8408608436584473,1
U08146,1,2,0.5663182735443115,1
U08147,1,5,0.8689907193183899,1
U08148,1,4,0.8519899845123291,1
U08149,1,2,0.11895118653774261,0
U08150,1,2,0.8482229709625244,1
U08151,1,5,0.9120107889175415,1
U08152,1,1,0.9518818259239197,1
U08153,1,4,0.8735828399658203,1
U08154,1,4,0.9719249606132507,1
U08155,1,3,0.8480952382087708,1
U08156,1,5,0.8755751252174377,1
U08157,1,3,0.9625027775764465,1
U08158,1,5,0.3070128858089447,0
U08159,1,5,0.16978201270103455,0
U08160,1,3,0.9342403411865234,1
U08161,1,5,0.9947939515113831,1
U08162,1,5,0.7784249782562256,1
U08163,1,4,0.9115492105484009,1
U08164,1,1,0.9490735530853271,1
U08165,1,2,0.6736107468605042,1
U08166,1,5,0.7367252111434937,1
U08167,1,4,0.3579323887825012,0
U08168,1,4,0.9716065526008606,1
U08169,1,2,0.35087350010871887,0
U08170,1,3,0.9952783584594727,1
U08171,1,5,0.9947918057441711,1
U08172,1,1,0.94045090675354,1
U08173,1,5,0.9850530624389648,1
U08174,1,5,0.9906731843948364,1
U08175,1,4,0.5661063194274902,1
U08176,1,4,0.8620330095291138,1
U08177,1,1,0.17333361506462097,0
U08178,1,4,0.655654788017273,1
U08179,1,3,0.9541152715682983,1
U08180,1,1,0.8737165927886963,1
U08181,1,2,0.8340399265289307,1
U08182,1,1,0.41353076696395874,0
U08183,1,1,0.4910944104194641,0
U08184,1,5,0.8438872694969177,1
U08185,1,4,0.4725474715232849,0
U08186,1,5,0.8909497857093811,1
U08187,1,4,0.4898678958415985,0
U08188,1,5,0.5559442043304443,1
U08189,1,4,0.8429436087608337,1
U08190,1,1,0.605599045753479,1
U08191,1,5,0.9619066119194031,1
U08192,1,1,0.8696749210357666,1
U08193,1,2,0.9728466272354126,1
U08194,1,2,0.31700289249420166,0
U08195,1,4,0.3957909941673279,0
U08196,1,1,0.9537175893783569,1
U08197,1,4,0.1831277757883072,0
U08198,1,1,0.5821801424026489,1
U08199,1,3,0.9795211553573608,1
U08200,1,2,0.9685478806495667,1
U08201,1,5,0.9522131681442261,1
U08202,1,1,0.38563841581344604,0
U08203,1,1,0.564105749130249,1
U08204,1,3,0.8926244974136353,1
U08205,1,3,0.9526242613792419,1
U08206,1,3,0.817092776298523,1
U08207,1,4,0.6638140678405762,1
U08208,1,4,0.27128979563713074,0
U08209,1,3,0.7558562755584717,1
U08210,1,2,0.7589584589004517,1
U08211,1,2,0.6333929300308228,1
U08212,1,3,0.018092110753059387,0
U08213,1,3,0.9810822606086731,1
U08214,1,5,0.6059522032737732,1
U08215,1,5,0.6288819909095764,1
U08216,1,4,0.42581427097320557,0
U08217,1,3,0.8207893967628479,1
U08218,1,5,0.7652870416641235,1
U08219,1,4,0.1686316430568695,0
U08220,1,5,0.7839521169662476,1
U08221,1,4,0.8415452241897583,1
U08222,1,2,0.020589496940374374,0
U08223,1,4,0.9259560108184814,1
U08224,1,5,0.8040639162063599,1
U08225,1,3,0.5160285234451294,1
U08226,1,2,0.3037079870700836,0
U08227,1,2,0.8598350286483765,1
U08228,1,3,0.10129286348819733,0
U08229,1,3,0.45658767223358154,0
U08230,1,1,0.9827879667282104,1
U08231,1,2,0.9954954981803894,1
U08232,1,4,0.8648251891136169,1
U08233,1,4,0.9665770530700684,1
U08234,1,4,0.5576342344284058,1
U08235,1,1,0.9745936393737793,1
U08236,1,4,0.312539279460907,0
U08237,1,2,0.7948691844940186,1
U08238,1,5,0.6942713260650635,1
U08239,1,4,0.009623679332435131,0
U08240,1,4,0.03586062788963318,0
U08241,1,5,0.7448971271514893,1
U08242,1,5,0.511185884475708,1
U08243,1,2,0.2795918583869934,0
U08244,1,4,0.8496718406677246,1
U08245,1,4,0.5739951133728027,1
U08246,1,3,0.37477514147758484,0
U08247,1,5,0.5165876150131226,1
U08248,1,5,0.5054270029067993,1
U08249,1,5,0.906256914138794,1
U08250,1,2,0.6714677810668945,1
U08251,1,2,0.7176733016967773,1
U08252,1,2,0.3266076147556305,0
U08253,1,3,0.6755837798118591,1
U08254,1,2,0.3977465331554413,0
U08255,1,4,0.966362476348877,1
U08256,1,4,0.8226429224014282,1
U08257,1,1,0.7770678400993347,1
U08258,1,3,0.8385566473007202,1
U08259,1,1,0.9658345580101013,1
U08260,1,3,0.9127243161201477,1
U08261,1,3,0.9907107353210449,1
U08262,1,5,0.9437036514282227,1
U08263,1,5,0.9748007655143738,1
U08264,1,3,0.5214078426361084,1
U08265,1,3,0.17882230877876282,0
U08266,1,4,0.7386279106140137,1
U08267,1,5,0.421630859375,0
U08268,1,4,0.7193989157676697,1
U08269,1,1,0.8030250072479248,1
U08270,1,3,0.9191769361495972,1
U08271,1,5,0.25261473655700684,0
U08272,1,3,0.07187526673078537,0
U08273,1,3,0.9356525540351868,1
U08274,1,5,0.37027615308761597,0
U08275,1,5,0.5359442234039307,1
U08276,1,3,0.2761176526546478,0
U08277,1,2,0.987387478351593,1
U08278,1,4,0.7856909036636353,1
U08279,1,4,0.6934464573860168,1
U08280,1,4,0.8311156630516052,1
U08281,1,4,0.8630762696266174,1
U08282,1,1,0.9309175610542297,1
U08283,1,4,0.009924190118908882,0
U08284,1,4,0.9174478650093079,1
U08285,1,1,0.7370926141738892,1
U08286,1,2,0.8106435537338257,1
U08287,1,1,0.6731753945350647,1
U08288,1,5,0.9759118556976318,1
U08289,1,1,0.37943387031555176,0
U08290,1,5,0.9080525636672974,1
U08291,1,2,0.5919780731201172,1
U08292,1,1,0.9322457909584045,1
U08293,1,3,0.8539225459098816,1
U08294,1,5,0.18496069312095642,0
U08295,1,5,0.926124095916748,1
U08296,1,1,0.9693492650985718,1
U08297,1,1,0.897515058517456,1
U08298,1,1,0.9051589965820312,1
U08299,1,1,0.6775715351104736,1
U08300,1,3,0.9904378652572632,1
U08301,1,2,0.8790567517280579,1
U08302,1,4,0.7105267643928528,1
U08303,1,2,0.7823024988174438,1
U08304,1,5,0.9646347761154175,1
U08305,1,4,0.8345379829406738,1
U08306,1,4,0.6771225929260254,1
U08307,1,4,0.6009811162948608,1
U08308,1,1,0.8565645217895508,1
U08309,1,4,0.980323851108551,1
U08310,1,3,0.9340410232543945,1
U08311,1,1,0.7869867086410522,1
U08312,1,5,0.21546274423599243,0
U08313,1,1,0.8282851576805115,1
U08314,1,4,0.7068274617195129,1
U08315,1,3,0.8433749079704285,1
U08316,1,2,0.8997781872749329,1
U08317,1,5,0.3360165059566498,0
U08318,1,2,0.6683681011199951,1
U08319,1,1,0.924616813659668,1
U08320,1,2,0.996607780456543,1
U08321,1,3,0.8889733552932739,1
U08322,1,1,0.7137414216995239,1
U08323,1,3,0.8738582730293274,1
U08324,1,5,0.9652055501937866,1
U08325,1,2,0.8932149410247803,1
U08326,1,5,0.3702685832977295,0
U08327,1,5,0.5990983247756958,1
U08328,1,4,0.6124259233474731,1
U08329,1,5,0.8190925121307373,1
U08330,1,4,0.6281236410140991,1
U08331,1,1,0.7659308910369873,1
U08332,1,4,0.02115950733423233,0
U08333,1,5,0.4301106631755829,0
U08334,1,2,0.4184362590312958,0
U08335,1,2,0.5810060501098633,1
U08336,1,5,0.7602860927581787,1
U08337,1,1,0.8519272804260254,1
U08338,1,2,0.6732063889503479,1
U08339,1,5,0.7654284238815308,1
U08340,1,1,0.930748462677002,1
U08341,1,5,0.7025792598724365,1
U08342,1,1,0.8523472547531128,1
U08343,1,1,0.44432199001312256,0
U08344,1,2,0.41846853494644165,0
U08345,1,2,0.7285200357437134,1
U08346,1,5,0.757748544216156,1
U08347,1,4,0.47623634338378906,0
U08348,1,3,0.5206307172775269,1
U08349,1,3,0.5665189623832703,1
U08350,1,2,0.9545894861221313,1
U08351,1,1,0.9170404076576233,1
U08352,1,4,0.6729307770729065,1
U08353,1,2,0.704460620880127,1
U08354,1,4,0.9506580829620361,1
U08355,1,4,0.35597389936447144,0
U08356,1,3,0.9707626700401306,1
U08357,1,2,0.9290533661842346,1
U08358,1,1,0.7036416530609131,1
U08359,1,2,0.8373732566833496,1
U08360,1,4,0.8388465642929077,1
U08361,1,5,0.967899739742279,1
U08362,1,3,0.9686291217803955,1
U08363,1,5,0.6659582257270813,1
U08364,1,5,0.6350857019424438,1
U08365,1,3,0.9712720513343811,1
U08366,1,2,0.46431124210357666,0
U08367,1,5,0.7774779796600342,1
U08368,1,4,0.9785248637199402,1
U08369,1,4,0.7644520998001099,1
U08370,1,5,0.5676941871643066,1
U08371,1,3,0.9602625370025635,1
U08372,1,4,0.5321078300476074,1
U08373,1,5,0.905253529548645,1
U08374,1,4,0.6642162203788757,1
U08375,1,3,0.8631731867790222,1
U08376,1,4,0.9368504285812378,1
U08377,1,4,0.9727956056594849,1
U08378,1,5,0.434495210647583,0
U08379,1,4,0.7049978971481323,1
U08380,1,3,0.985962986946106,1
U08381,1,1,0.6875104904174805,1
U08382,1,5,0.3875499665737152,0
U08383,1,4,0.1312241107225418,0
U08384,1,1,0.7771466970443726,1
U08385,1,3,0.9893879890441895,1
U08386,1,5,0.35867807269096375,0
U08387,1,4,0.020869525149464607,0
U08388,1,1,0.8289193511009216,1
U08389,1,1,0.7021108865737915,1
U08390,1,5,0.6333259344100952,1
U08391,1,4,0.5261036157608032,1
U08392,1,1,0.7029055953025818,1
U08393,1,4,0.7159752249717712,1
U08394,1,3,0.6401422023773193,1
U08395,1,3,0.9864472150802612,1
U08396,1,4,0.6242538094520569,1
U08397,1,5,0.9495741724967957,1
U08398,1,5,0.944775402545929,1
U08399,1,4,0.10191790759563446,0
U08400,1,3,0.9142017364501953,1
U08401,1,5,0.04446735233068466,0
U08402,1,1,0.11120539903640747,0
U08403,1,2,0.715261697769165,1
U08404,1,1,0.9273095726966858,1
U08405,1,1,0.5864577293395996,1
U08406,1,4,0.7361030578613281,1
U08407,1,5,0.9440057277679443,1
U08408,1,3,0.9692774415016174,1
U08409,1,5,0.9335296750068665,1
U08410,1,1,0.9688724279403687,1
U08411,1,2,0.0852280706167221,0
U08412,1,2,0.5493547320365906,1
U08413,1,3,0.47971028089523315,0
U08414,1,1,0.7095274329185486,1
U08415,1,3,0.8785354495048523,1
U08416,1,1,0.3224615156650543,0
U08417,1,2,0.9916659593582153,1
U08418,1,5,0.5755718946456909,1
U08419,1,1,0.4353027641773224,0
U08420,1,1,0.5333174467086792,1
U08421,1,2,0.40432366728782654,0
U08422,1,5,0.4044642746448517,0
U08423,1,4,0.6465944051742554,1
U08424,1,4,0.7963757514953613,1
U08425,1,1,0.8695067167282104,1
U08426,1,1,0.7153712511062622,1
U08427,1,1,0.769758403301239,1
U08428,1,4,0.9844069480895996,1
U08429,1,1,0.4172652065753937,0
U08430,1,2,0.07917045056819916,0
U08431,1,4,0.7082478404045105,1
U08432,1,5,0.33129748702049255,0
U08433,1,4,0.4697052836418152,0
U08434,1,5,0.14637479186058044,0
U08435,1,4,0.6177605390548706,1
U08436,1,3,0.4835485517978668,0
U08437,1,3,0.4967272877693176,0
U08438,1,2,0.6906676292419434,1
U08439,1,1,0.9177113175392151,1
U08440,1,4,0.5988821983337402,1
U08441,1,4,0.6989743709564209,1
U08442,1,1,0.038283057510852814,0
U08443,1,1,0.9097568988800049,1
U08444,1,1,0.47584420442581177,0
U08445,1,1,0.6650339365005493,1
U08446,1,3,0.568292498588562,1
U08447,1,1,0.8379918336868286,1
U08448,1,4,0.40904510021209717,0
U08449,1,2,0.46149998903274536,0
U08450,1,4,0.854019045829773,1
U08451,1,4,0.9707792401313782,1
U08452,1,4,0.7941729426383972,1
U08453,1,4,0.6674439907073975,1
U08454,1,1,0.25157439708709717,0
U08455,1,1,0.21828758716583252,0
U08456,1,4,0.9836106896400452,1
U08457,1,4,0.43947964906692505,0
U08458,1,3,0.9011557102203369,1
U08459,1,4,0.569330632686615,1
U08460,1,4,0.8112213611602783,1
U08461,1,5,0.8718001842498779,1
U08462,1,1,0.8888422250747681,1
U08463,1,4,0.4633612036705017,0
U08464,1,4,0.8072289228439331,1
U08465,1,2,0.9649354219436646,1
U08466,1,1,0.048129938542842865,0
U08467,1,4,0.7180137634277344,1
U08468,1,4,0.6507178544998169,1
U08469,1,3,0.9883652925491333,1
U08470,1,2,0.6255624890327454,1
U08471,1,3,0.9977205395698547,1
U08472,1,1,0.9866098165512085,1
U08473,1,2,0.9723626971244812,1
U08474,1,3,0.9480862617492676,1
U08475,1,5,0.5149691104888916,1
U08476,1,4,0.1767640858888626,0
U08477,1,5,0.9945535659790039,1
U08478,1,2,0.9014977216720581,1
U08479,1,4,0.41343411803245544,0
U08480,1,3,0.8556818962097168,1
U08481,1,1,0.9072977900505066,1
U08482,1,2,0.3704833984375,0
U08483,1,5,0.2301429808139801,0
U08484,1,1,0.9620574712753296,1
U08485,1,5,0.9488476514816284,1
U08486,1,1,0.8482041954994202,1
U08487,1,5,0.6617419123649597,1
U08488,1,1,0.8048588037490845,1
U08489,1,4,0.02539682760834694,0
U08490,1,5,0.757822573184967,1
U08491,1,3,0.8690016269683838,1
U08492,1,3,0.9920011162757874,1
U08493,1,5,0.9875684976577759,1
U08494,1,1,0.7997100353240967,1
U08495,1,3,0.42337775230407715,0
U08496,1,3,0.9913642406463623,1
U08497,1,4,0.7950475215911865,1
U08498,1,5,0.9826825261116028,1
U08499,1,4,0.05431995913386345,0
U08500,1,1,0.5001465678215027,1
U08501,1,2,0.4215567708015442,0
U08502,1,1,0.16210311651229858,0
U08503,1,4,0.529417872428894,1
U08504,1,5,0.9205948114395142,1
U08505,1,2,0.4228813946247101,0
U08506,1,5,0.3072702884674072,0
U08507,1,4,0.9462478756904602,1
U08508,1,5,0.9077163934707642,1
U08509,1,3,0.30810365080833435,0
U08510,1,4,0.8510389924049377,1
U08511,1,5,0.003417134517803788,0
U08512,1,5,0.9925692081451416,1
U08513,1,1,0.9677528142929077,1
U08514,1,3,0.8893075585365295,1
U08515,1,3,0.7019463181495667,1
U08516,1,4,0.5190531015396118,1
U08517,1,5,0.7502784729003906,1
U08518,1,3,0.8325673341751099,1
U08519,1,4,0.9381535649299622,1
U08520,1,5,0.8669047355651855,1
U08521,1,4,0.5874756574630737,1
U08522,1,3,0.9526960849761963,1
U08523,1,1,0.6661524772644043,1
U08524,1,1,0.9685198068618774,1
U08525,1,5,0.11823920905590057,0
U08526,1,5,0.6785255074501038,1
U08527,1,1,0.9146949052810669,1
U08528,1,4,0.3978419601917267,0
U08529,1,5,0.8385574817657471,1
U08530,1,2,0.8520776033401489,1
U08531,1,2,0.021674346178770065,0
U08532,1,3,0.7082691788673401,1
U08533,1,4,0.9480307102203369,1
U08534,1,5,0.8354407548904419,1
U08535,1,5,0.14102472364902496,0
U08536,1,3,0.8456822037696838,1
U08537,1,3,0.9838002920150757,1
U08538,1,1,0.6244468688964844,1
U08539,1,2,0.7281544804573059,1
U08540,1,3,0.70257568359375,1
U08541,1,5,0.9866397976875305,1
U08542,1,4,0.6545622944831848,1
U08543,1,3,0.2173462212085724,0
U08544,1,1,0.11731715500354767,0
U08545,1,4,0.8995272517204285,1
U08546,1,5,0.9571546912193298,1
U08547,1,4,0.6224887371063232,1
U08548,1,4,0.8930545449256897,1
U08549,1,4,0.9181559085845947,1
U08550,1,4,0.830542802810669,1
U08551,1,4,0.6478029489517212,1
U08552,1,4,0.8605915904045105,1
U08553,1,1,0.8909929394721985,1
U08554,1,2,0.5328419804573059,1
U08555,1,4,0.6689824461936951,1
U08556,1,4,0.866668701171875,1
U08557,1,1,0.4249263405799866,0
U08558,1,2,0.9512261748313904,1
U08559,1,4,0.640606701374054,1
U08560,1,2,0.9521889686584473,1
U08561,1,2,0.8597856163978577,1
U08562,1,1,0.5305368304252625,1
U08563,1,5,0.9016468524932861,1
U08564,1,4,0.8873094320297241,1
U08565,1,1,0.24670791625976562,0
U08566,1,4,0.5985884666442871,1
U08567,1,2,0.9649109244346619,1
U08568,1,1,0.7088361978530884,1
U08569,1,5,0.4253460168838501,0
U08570,1,5,0.7684212327003479,1
U08571,1,5,0.7396864891052246,1
U08572,1,1,0.004199475981295109,0
U08573,1,2,0.8178368210792542,1
U08574,1,3,0.6320978403091431,1
U08575,1,4,0.7312309741973877,1
U08576,1,4,0.40891996026039124,0
U08577,1,3,0.6601582765579224,1
U08578,1,1,0.989612877368927,1
U08579,1,1,0.9031779170036316,1
U08580,1,5,0.615839958190918,1
U08581,1,1,0.8275960683822632,1
U08582,1,5,0.676100492477417,1
U08583,1,4,0.6201200485229492,1
U08584,1,1,0.36458930373191833,0
U08585,1,1,0.8140404224395752,1
U08586,1,4,0.961239755153656,1
U08587,1,3,0.9748241901397705,1
U08588,1,5,0.6361290216445923,1
U08589,1,5,0.8802282810211182,1
U08590,1,4,0.3319978713989258,0
U08591,1,2,0.6758762001991272,1
U08592,1,4,0.729889988899231,1
U08593,1,2,0.9943375587463379,1
U08594,1,5,0.5018975734710693,1
U08595,1,3,0.9726505875587463,1
U08596,1,3,0.9200385212898254,1
U08597,1,5,0.3585468828678131,0
U08598,1,4,0.3991679847240448,0
U08599,1,1,0.9927193522453308,1
U08600,1,3,0.9980976581573486,1
U08601,1,3,0.8336770534515381,1
U08602,1,1,0.8900954127311707,1
U08603,1,5,0.057524047791957855,0
U08604,1,4,0.8269602656364441,1
U08605,1,1,0.6189581155776978,1
U08606,1,3,0.5406638979911804,1
U08607,1,5,0.9563531875610352,1
U08608,1,5,0.4154817759990692,0
U08609,1,1,0.9518311619758606,1
U08610,1,5,0.6883553266525269,1
U08611,1,1,0.2053925096988678,0
U08612,1,1,0.5280736088752747,1
U08613,1,5,0.9265146851539612,1
U08614,1,4,0.35126763582229614,0
U08615,1,4,0.20402508974075317,0
U08616,1,2,0.94426429271698,1
U08617,1,4,0.35221272706985474,0
U08618,1,4,0.9689536690711975,1
U08619,1,1,0.046734146773815155,0
U08620,1,5,0.7722427248954773,1
U08621,1,2,0.8872865438461304,1
U08622,1,4,0.9290956854820251,1
U08623,1,2,0.7298319339752197,1
U08624,1,1,0.6499744057655334,1
U08625,1,1,0.9226244688034058,1
U08626,1,2,0.8793321847915649,1
U08627,1,2,0.4813057482242584,0
U08628,1,3,0.8971076011657715,1
U08629,1,4,0.3188471794128418,0
U08630,1,1,0.8667998313903809,1
U08631,1,3,0.9132793545722961,1
U08632,1,1,0.9079878926277161,1
U08633,1,4,0.4943671226501465,0
U08634,1,5,0.9789105653762817,1
U08635,1,5,0.15394233167171478,0
U08636,1,1,0.5361146926879883,1
U08637,1,5,0.7070305347442627,1
U08638,1,5,0.524902880191803,1
U08639,1,4,0.1883944720029831,0
U08640,1,4,0.9872029423713684,1
U08641,1,2,0.7484526038169861,1
U08642,1,4,0.8430315256118774,1
U08643,1,2,0.991055965423584,1
U08644,1,4,0.621992826461792,1
U08645,1,2,0.8173490762710571,1
U08646,1,4,0.24122494459152222,0
U08647,1,5,0.23702675104141235,0
U08648,1,1,0.9366155862808228,1
U08649,1,4,0.847089409828186,1
U08650,1,2,0.8273215293884277,1
U08651,1,4,0.7409165501594543,1
U08652,1,5,0.9880285263061523,1
U08653,1,1,0.6998463273048401,1
U08654,1,2,0.7470101118087769,1
U08655,1,2,0.5238968133926392,1
U08656,1,2,0.8686792254447937,1
U08657,1,2,0.6936320066452026,1
U08658,1,3,0.522365927696228,1
U08659,1,3,0.7232779264450073,1
U08660,1,5,0.08886493742465973,0
U08661,1,1,0.9785560965538025,1
U08662,1,1,0.707826554775238,1
U08663,1,1,0.7823852300643921,1
U08664,1,4,0.7886938452720642,1
U08665,1,5,0.6522613763809204,1
U08666,1,2,0.28796476125717163,0
U08667,1,2,0.11937034130096436,0
U08668,1,5,0.01471051573753357,0
U08669,1,3,0.9476606845855713,1
U08670,1,2,0.6024092435836792,1
U08671,1,3,0.9532321691513062,1
U08672,1,1,0.5534939169883728,1
U08673,1,1,0.03544395789504051,0
U08674,1,1,0.9888813495635986,1
U08675,1,1,0.7811286449432373,1
U08676,1,4,0.8885493874549866,1
U08677,1,5,0.8570078611373901,1
U08678,1,2,0.9023785591125488,1
U08679,1,4,0.5276329517364502,1
U08680,1,4,0.7106919288635254,1
U08681,1,1,0.5338923931121826,1
U08682,1,2,0.9859112501144409,1
U08683,1,1,0.9293684959411621,1
U08684,1,1,0.9505122900009155,1
U08685,1,5,0.9514141082763672,1
U08686,1,5,0.7932940721511841,1
U08687,1,1,0.9139381051063538,1
U08688,1,5,0.8050272464752197,1
U08689,1,3,0.7551549077033997,1
U08690,1,1,0.9241101741790771,1
U08691,1,2,0.6854395270347595,1
U08692,1,1,0.8409677147865295,1
U08693,1,3,0.9791371822357178,1
U08694,1,4,0.9200478792190552,1
U08695,1,3,0.8044203519821167,1
U08696,1,3,0.9860022664070129,1
U08697,1,4,0.6543771624565125,1
U08698,1,5,0.8982762098312378,1
U08699,1,4,0.582275927066803,1
U08700,1,2,0.09259184449911118,0
U08701,1,4,0.9672039151191711,1
U08702,1,2,0.901898205280304,1
U08703,1,4,0.9397332668304443,1
U08704,1,2,0.36596423387527466,0
U08705,1,4,0.022187193855643272,0
U08706,1,4,0.8744297623634338,1
U08707,1,4,0.7395126819610596,1
U08708,1,4,0.8234639167785645,1
U08709,1,3,0.747567355632782,1
U08710,1,5,0.9767987728118896,1
U08711,1,5,0.8233871459960938,1
U08712,1,1,0.6535083055496216,1
U08713,1,1,0.41536903381347656,0
U08714,1,1,0.800660252571106,1
U08715,1,1,0.8954370617866516,1
U08716,1,5,0.2551283836364746,0
U08717,1,4,0.409371942281723,0
U08718,1,2,0.946241021156311,1
U08719,1,4,0.2829779386520386,0
U08720,1,4,0.8873132467269897,1
U08721,1,4,0.9012407064437866,1
U08722,1,2,0.9413297176361084,1
U08723,1,5,0.855618953704834,1
U08724,1,5,0.5311520099639893,1
U08725,1,3,0.9079219102859497,1
U08726,1,5,0.46218276023864746,0
U08727,1,5,0.07890807092189789,0
U08728,1,5,0.8786287903785706,1
U08729,1,5,0.46242380142211914,0
U08730,1,1,0.27190858125686646,0
U08731,1,2,0.17444704473018646,0
U08732,1,5,0.40642833709716797,0
U08733,1,4,0.2462814599275589,0
U08734,1,2,0.9418740272521973,1
U08735,1,5,0.4657340347766876,0
U08736,1,2,0.21174398064613342,0
U08737,1,4,0.08278170973062515,0
U08738,1,4,0.18478286266326904,0
U08739,1,1,0.8976287245750427,1
U08740,1,4,0.37452033162117004,0
U08741,1,1,0.6140374541282654,1
U08742,1,4,0.6334704756736755,1
U08743,1,4,0.21928800642490387,0
U08744,1,2,0.7508235573768616,1
U08745,1,4,0.9353814125061035,1
U08746,1,4,0.7403150796890259,1
U08747,1,3,0.7550293207168579,1
U08748,1,2,0.7616658210754395,1
U08749,1,1,0.9489474296569824,1
U08750,1,4,0.3517221212387085,0
U08751,1,4,0.871117353439331,1
U08752,1,1,0.5841874480247498,1
U08753,1,2,0.8516676425933838,1
U08754,1,1,0.4249576926231384,0
U08755,1,4,0.7050187587738037,1
U08756,1,4,0.8815853595733643,1
U08757,1,5,0.9078769087791443,1
U08758,1,2,0.8764845728874207,1
U08759,1,1,0.19452017545700073,0
U08760,1,1,0.33061885833740234,0
U08761,1,2,0.908284604549408,1
U08762,1,3,0.6967580318450928,1
U08763,1,5,0.9070272445678711,1
U08764,1,2,0.816871702671051,1
U08765,1,1,0.8524337410926819,1
U08766,1,3,0.8575397729873657,1
U08767,1,5,0.7651091814041138,1
U08768,1,4,0.5232127904891968,1
U08769,1,1,0.9520098567008972,1
U08770,1,1,0.6666883230209351,1
U08771,1,3,0.8338443040847778,1
U08772,1,3,0.953839123249054,1
U08773,1,5,0.8340859413146973,1
U08774,1,3,0.9645028114318848,1
U08775,1,3,0.705561637878418,1
U08776,1,4,0.7241400480270386,1
U08777,1,3,0.03848394379019737,0
U08778,1,3,0.7994767427444458,1
U08779,1,1,0.9626876711845398,1
U08780,1,4,0.844224214553833,1
U08781,1,2,0.6732522249221802,1
U08782,1,1,0.9839911460876465,1
U08783,1,4,0.5986666679382324,1
U08784,1,1,0.9351156949996948,1
U08785,1,2,0.9068617224693298,1
U08786,1,4,0.9474965929985046,1
U08787,1,4,0.6049413084983826,1
U08788,1,2,0.9014452695846558,1
U08789,1,3,0.6617945432662964,1
U08790,1,2,0.9656978249549866,1
U08791,1,2,0.6007691025733948,1
U08792,1,3,0.4749304950237274,0
U08793,1,5,0.9741818308830261,1
U08794,1,3,0.8464028239250183,1
U08795,1,4,0.8433521389961243,1
U08796,1,4,0.17406103014945984,0
U08797,1,4,0.7325321435928345,1
U08798,1,1,0.3993751108646393,0
U08799,1,2,0.8574573397636414,1
U08800,1,5,0.2168484628200531,0
U08801,1,2,0.884975790977478,1
U08802,1,4,0.9069701433181763,1
U08803,1,4,0.8784090876579285,1
U08804,1,5,0.2689394950866699,0
U08805,1,4,0.6618216037750244,1
U08806,1,3,0.9625985622406006,1
U08807,1,2,0.9057750701904297,1
U08808,1,4,0.1880020946264267,0
U08809,1,1,0.7336573004722595,1
U08810,1,2,0.9768089652061462,1
U08811,1,3,0.8634533882141113,1
U08812,1,2,0.623945951461792,1
U08813,1,1,0.11367709189653397,0
U08814,1,3,0.7878774404525757,1
U08815,1,2,0.5942376852035522,1
U08816,1,5,0.6886024475097656,1
U08817,1,4,0.10009954869747162,0
U08818,1,4,0.23623214662075043,0
U08819,1,1,0.7990862131118774,1
U08820,1,5,0.9866510629653931,1
U08821,1,4,0.46287280321121216,0
U08822,1,4,0.7687888741493225,1
U08823,1,2,0.9259238243103027,1
U08824,1,2,0.34749138355255127,0
U08825,1,4,0.2817144989967346,0
U08826,1,2,0.7024250030517578,1
U08827,1,4,0.8539144992828369,1
U08828,1,1,0.5527552962303162,1
U08829,1,2,0.49426811933517456,0
U08830,1,5,0.5708407163619995,1
U08831,1,2,0.9553521871566772,1
U08832,1,4,0.3439514636993408,0
U08833,1,5,0.49322643876075745,0
U08834,1,4,0.2474750429391861,0
U08835,1,1,0.9842474460601807,1
U08836,1,3,0.05754954367876053,0
U08837,1,4,0.7199711799621582,1
U08838,1,5,0.939946174621582,1
U08839,1,4,0.7488397359848022,1
U08840,1,4,0.834134042263031,1
U08841,1,4,0.7153192162513733,1
U08842,1,5,0.9561600089073181,1
U08843,1,3,0.8517609238624573,1
U08844,1,2,0.4954681992530823,0
U08845,1,1,0.7896637916564941,1
U08846,1,5,0.6777981519699097,1
U08847,1,3,0.8654811382293701,1
U08848,1,3,0.8072119355201721,1
U08849,1,2,0.8831811547279358,1
U08850,1,5,0.45904862880706787,0
U08851,1,2,0.9660646915435791,1
U08852,1,1,0.6802557110786438,1
U08853,1,1,0.578406035900116,1
U08854,1,4,0.8504065871238708,1
U08855,1,3,0.1974758803844452,0
U08856,1,1,0.637898325920105,1
U08857,1,2,0.9429832100868225,1
U08858,1,5,0.7615237236022949,1
U08859,1,4,0.8176637887954712,1
U08860,1,5,0.4233453869819641,0
U08861,1,1,0.9193615317344666,1
U08862,1,5,0.8792946338653564,1
U08863,1,3,0.9956212639808655,1
U08864,1,1,0.24097703397274017,0
U08865,1,4,0.9174891710281372,1
U08866,1,4,0.7814990282058716,1
U08867,1,5,0.4695107340812683,0
U08868,1,4,0.7355464100837708,1
U08869,1,5,0.9018343687057495,1
U08870,1,4,0.5837021470069885,1
U08871,1,2,0.588622510433197,1
U08872,1,3,0.9299852848052979,1
U08873,1,4,0.30020228028297424,0
U08874,1,2,0.5542264580726624,1
U08875,1,4,0.9533904790878296,1
U08876,1,2,0.24584661424160004,0
U08877,1,2,0.6476479768753052,1
U08878,1,1,0.9408422708511353,1
U08879,1,1,0.978721022605896,1
U08880,1,3,0.8358190655708313,1
U08881,1,2,0.8907321691513062,1
U08882,1,4,0.4822227358818054,0
U08883,1,4,0.936221718788147,1
U08884,1,4,0.22482731938362122,0
U08885,1,4,0.9284847974777222,1
U08886,1,4,0.5588670969009399,1
U08887,1,5,0.7654329538345337,1
U08888,1,4,0.6190391778945923,1
U08889,1,4,0.6632918119430542,1
U08890,1,2,0.995796799659729,1
U08891,1,4,0.4434014558792114,0
U08892,1,1,0.8305565118789673,1
U08893,1,2,0.9809345602989197,1
U08894,1,2,0.5266591906547546,1
U08895,1,2,0.3027380704879761,0
U08896,1,4,0.9405272006988525,1
U08897,1,5,0.9558207988739014,1
U08898,1,3,0.9621463418006897,1
U08899,1,2,0.9734752774238586,1
U08900,1,2,0.1314147412776947,0
U08901,1,1,0.7334344387054443,1
U08902,1,3,0.6916372179985046,1
U08903,1,1,0.9101720452308655,1
U08904,1,3,0.4728042483329773,0
U08905,1,4,0.6767906546592712,1
U08906,1,4,0.8465015888214111,1
U08907,1,4,0.04199967905879021,0
U08908,1,1,0.8053469657897949,1
U08909,1,4,0.415106862783432,0
U08910,1,4,0.5296155214309692,1
U08911,1,4,0.11188607662916183,0
U08912,1,4,0.17720982432365417,0
U08913,1,4,0.7624512314796448,1
U08914,1,1,0.9276057481765747,1
U08915,1,4,0.20804890990257263,0
U08916,1,5,0.8403754234313965,1
U08917,1,2,0.9596002101898193,1
U08918,1,5,0.21121349930763245,0
U08919,1,5,0.2823852598667145,0
U08920,1,1,0.9919174909591675,1
U08921,1,3,0.8822495341300964,1
U08922,1,4,0.9110063314437866,1
U08923,1,4,0.8071768879890442,1
U08924,1,1,0.2472815215587616,0
U08925,1,4,0.11957517266273499,0
U08926,1,2,0.8734146356582642,1
U08927,1,3,0.2704886794090271,0
U08928,1,5,0.24285605549812317,0
U08929,1,5,0.08881846070289612,0
U08930,1,1,0.8945261836051941,1
U08931,1,5,0.7163701057434082,1
U08932,1,5,0.8824334740638733,1
U08933,1,1,0.16927869617938995,0
U08934,1,1,0.8231003284454346,1
U08935,1,3,0.8238221406936646,1
U08936,1,3,0.8855719566345215,1
U08937,1,1,0.8668884038925171,1
U08938,1,4,0.8480700254440308,1
U08939,1,4,0.5453458428382874,1
U08940,1,4,0.47410160303115845,0
U08941,1,1,0.3880856931209564,0
U08942,1,4,0.9698827266693115,1
U08943,1,5,0.20904064178466797,0
U08944,1,4,0.2510063350200653,0
U08945,1,3,0.9954106211662292,1
U08946,1,4,0.9515441060066223,1
U08947,1,2,0.8665972948074341,1
U08948,1,3,0.9248656034469604,1
U08949,1,2,0.29305151104927063,0
U08950,1,2,0.51361083984375,1
U08951,1,3,0.03442031517624855,0
U08952,1,4,0.9769130945205688,1
U08953,1,1,0.9545959234237671,1
U08954,1,4,0.951327919960022,1
U08955,1,1,0.9565406441688538,1
U08956,1,4,0.9810947775840759,1
U08957,1,5,0.8137824535369873,1
U08958,1,5,0.8616126179695129,1
U08959,1,5,0.9361609816551208,1
U08960,1,2,0.6635569930076599,1
U08961,1,1,0.535107433795929,1
U08962,1,1,0.8482606410980225,1
U08963,1,3,0.9898344278335571,1
U08964,1,1,0.32043755054473877,0
U08965,1,2,0.8197739124298096,1
U08966,1,2,0.2697007656097412,0
U08967,1,4,0.9628201723098755,1
U08968,1,4,0.8896209597587585,1
U08969,1,4,0.17245513200759888,0
U08970,1,5,0.9008837938308716,1
U08971,1,5,0.9876214265823364,1
U08972,1,5,0.7492234706878662,1
U08973,1,2,0.18592293560504913,0
U08974,1,3,0.37218302488327026,0
U08975,1,2,0.40026798844337463,0
U08976,1,5,0.778440535068512,1
U08977,1,2,0.8231156468391418,1
U08978,1,5,0.6850247979164124,1
U08979,1,5,0.681530237197876,1
U08980,1,4,0.9459575414657593,1
U08981,1,4,0.18652591109275818,0
U08982,1,3,0.5693264007568359,1
U08983,1,2,0.607642412185669,1
U08984,1,1,0.9314038157463074,1
U08985,1,4,0.8600331544876099,1
U08986,1,5,0.03912610188126564,0
U08987,1,4,0.3238242566585541,0
U08988,1,2,0.050684861838817596,0
U08989,1,5,0.46181559562683105,0
U08990,1,3,0.8761659860610962,1
U08991,1,1,0.9173017740249634,1
U08992,1,1,0.8574780821800232,1
U08993,1,1,0.6467465758323669,1
U08994,1,1,0.8338510394096375,1
U08995,1,5,0.8229523301124573,1
U08996,1,4,0.9343627691268921,1
U08997,1,3,0.1324404776096344,0
U08998,1,3,0.9776764512062073,1
U08999,1,2,0.9790675640106201,1
U09000,1,1,0.6322023868560791,1
U09001,1,1,0.30091556906700134,0
U09002,1,5,0.691122829914093,1
U09003,1,2,0.5313396453857422,1
U09004,1,3,0.08344957232475281,0
U09005,1,3,0.9175717830657959,1
U09006,1,5,0.9703256487846375,1
U09007,1,5,0.9023028612136841,1
U09008,1,4,0.2806345522403717,0
U09009,1,5,0.6034269332885742,1
U09010,1,1,0.8127564191818237,1
U09011,1,4,0.8648502826690674,1
U09012,1,4,0.4942792057991028,0
U09013,1,1,0.7122007608413696,1
U09014,1,5,0.7895691394805908,1
U09015,1,1,0.8112941980361938,1
U09016,1,5,0.036822058260440826,0
U09017,1,4,0.5085055232048035,1
U09018,1,5,0.9788947701454163,1
U09019,1,1,0.8760635852813721,1
U09020,1,1,0.6584587097167969,1
U09021,1,3,0.7508255243301392,1
U09022,1,1,0.8960028886795044,1
U09023,1,3,0.842862069606781,1
U09024,1,5,0.11783154308795929,0
U09025,1,1,0.35369783639907837,0
U09026,1,1,0.8944432735443115,1
U09027,1,5,0.9466369152069092,1
U09028,1,2,0.19093604385852814,0
U09029,1,4,0.727764904499054,1
U09030,1,4,0.6820403337478638,1
U09031,1,1,0.05969930440187454,0
U09032,1,1,0.8097236752510071,1
U09033,1,2,0.9854357242584229,1
U09034,1,1,0.8347040414810181,1
U09035,1,4,0.6404438018798828,1
U09036,1,4,0.8332899212837219,1
U09037,1,1,0.9564725756645203,1
U09038,1,3,0.2844841480255127,0
U09039,1,1,0.8141159415245056,1
U09040,1,1,0.37591779232025146,0
U09041,1,1,0.8844307661056519,1
U09042,1,1,0.03564443811774254,0
U09043,1,1,0.8829882144927979,1
U09044,1,1,0.06208205223083496,0
U09045,1,5,0.4712926745414734,0
U09046,1,5,0.9887991547584534,1
U09047,1,1,0.9943074584007263,1
U09048,1,3,0.9953618049621582,1
U09049,1,2,0.9465535879135132,1
U09050,1,1,0.6191258430480957,1
U09051,1,1,0.7093630433082581,1
U09052,1,4,0.284760445356369,0
U09053,1,4,0.8562867641448975,1
U09054,1,1,0.969133198261261,1
U09055,1,4,0.9169067740440369,1
U09056,1,4,0.958500325679779,1
U09057,1,4,0.5951998829841614,1
U09058,1,3,0.9504165053367615,1
U09059,1,1,0.751353919506073,1
U09060,1,4,0.8953290581703186,1
U09061,1,1,0.3382822275161743,0
U09062,1,1,0.9518466591835022,1
U09063,1,1,0.574115514755249,1
U09064,1,4,0.8038191795349121,1
U09065,1,4,0.8065791726112366,1
U09066,1,1,0.9459136128425598,1
U09067,1,4,0.6526398658752441,1
U09068,1,4,0.05183427408337593,0
U09069,1,2,0.9743363261222839,1
U09070,1,2,0.45654296875,0
U09071,1,2,0.770422101020813,1
U09072,1,2,0.3819940984249115,0
U09073,1,1,0.701484739780426,1
U09074,1,3,0.47429224848747253,0
U09075,1,5,0.5414450168609619,1
U09076,1,1,0.8457674980163574,1
U09077,1,4,0.3727400004863739,0
U09078,1,3,0.02908509597182274,0
U09079,1,3,0.8766961097717285,1
U09080,1,5,0.35728707909584045,0
U09081,1,3,0.837578296661377,1
U09082,1,4,0.9234893321990967,1
U09083,1,2,0.5180217623710632,1
U09084,1,3,0.12003923207521439,0
U09085,1,2,0.9386734962463379,1
U09086,1,1,0.860080897808075,1
U09087,1,4,0.17909123003482819,0
U09088,1,3,0.98481684923172,1
U09089,1,2,0.45124921202659607,0
U09090,1,2,0.3340300917625427,0
U09091,1,5,0.44645601511001587,0
U09092,1,1,0.5077251195907593,1
U09093,1,3,0.8541827201843262,1
U09094,1,2,0.6116342544555664,1
U09095,1,1,0.7649012207984924,1
U09096,1,2,0.9050469398498535,1
U09097,1,3,0.9662589430809021,1
U09098,1,2,0.8379181027412415,1
U09099,1,5,0.9928351640701294,1
U09100,1,3,0.9366934299468994,1
U09101,1,1,0.7103642821311951,1
U09102,1,5,0.9478020668029785,1
U09103,1,5,0.669386625289917,1
U09104,1,4,0.9738143682479858,1
U09105,1,4,0.5929945707321167,1
U09106,1,1,0.639976441860199,1
U09107,1,2,0.9105128049850464,1
U09108,1,3,0.5287215709686279,1
U09109,1,2,0.9953227043151855,1
U09110,1,4,0.7875533103942871,1
U09111,1,1,0.972088098526001,1
U09112,1,5,0.14237858355045319,0
U09113,1,5,0.9922575950622559,1
U09114,1,1,0.9315840005874634,1
U09115,1,4,0.8530170321464539,1
U09116,1,1,0.9582954049110413,1
U09117,1,4,0.5004714131355286,1
U09118,1,5,0.3118634819984436,0
U09119,1,3,0.9003576636314392,1
U09120,1,1,0.25320035219192505,0
U09121,1,3,0.802712082862854,1
U09122,1,5,0.17625389993190765,0
U09123,1,1,0.7357804775238037,1
U09124,1,4,0.7803906202316284,1
U09125,1,5,0.8181995749473572,1
U09126,1,4,0.13453997671604156,0
U09127,1,3,0.6088235378265381,1
U09128,1,3,0.6878297924995422,1
U09129,1,3,0.8143579959869385,1
U09130,1,4,0.816848635673523,1
U09131,1,1,0.5988579392433167,1
U09132,1,1,0.9116404056549072,1
U09133,1,3,0.8999677896499634,1
U09134,1,1,0.8202600479125977,1
U09135,1,5,0.9360882043838501,1
U09136,1,1,0.8122206926345825,1
U09137,1,4,0.10434923321008682,0
U09138,1,3,0.47365185618400574,0
U09139,1,2,0.40372776985168457,0
U09140,1,3,0.9463849663734436,1
U09141,1,3,0.9336521029472351,1
U09142,1,3,0.9880692958831787,1
U09143,1,5,0.5353229641914368,1
U09144,1,5,0.7468596696853638,1
U09145,1,4,0.683353066444397,1
U09146,1,4,0.8025453090667725,1
U09147,1,5,0.2377919703722,0
U09148,1,1,0.703363299369812,1
U09149,1,3,0.9937835931777954,1
U09150,1,4,0.9482832551002502,1
U09151,1,4,0.4327270984649658,0
U09152,1,3,0.6743755340576172,1
U09153,1,5,0.3197709321975708,0
U09154,1,4,0.9787105917930603,1
U09155,1,2,0.46692249178886414,0
U09156,1,1,0.21787488460540771,0
U09157,1,4,0.9533233046531677,1
U09158,1,5,0.5122942924499512,1
U09159,1,5,0.7714380621910095,1
U09160,1,4,0.6133712530136108,1
U09161,1,1,0.8311201333999634,1
U09162,1,2,0.8747144937515259,1
U09163,1,1,0.9226397275924683,1
U09164,1,4,0.9357718825340271,1
U09165,1,3,0.9771270155906677,1
U09166,1,5,0.8194360136985779,1
U09167,1,1,0.9087674021720886,1
U09168,1,4,0.8762801289558411,1
U09169,1,1,0.9903257489204407,1
U09170,1,2,0.8748340010643005,1
U09171,1,1,0.8960078954696655,1
U09172,1,5,0.8815902471542358,1
U09173,1,3,0.3115546703338623,0
U09174,1,4,0.2936249077320099,0
U09175,1,4,0.8276644945144653,1
U09176,1,1,0.2571113407611847,0
U09177,1,1,0.3257880210876465,0
U09178,1,1,0.9567393660545349,1
U09179,1,3,0.709718644618988,1
U09180,1,1,0.8746069669723511,1
U09181,1,4,0.9304928779602051,1
U09182,1,3,0.1696873903274536,0
U09183,1,4,0.8758739829063416,1
U09184,1,5,0.31733644008636475,0
U09185,1,3,0.34330183267593384,0
U09186,1,1,0.8999834656715393,1
U09187,1,1,0.855991005897522,1
U09188,1,1,0.9919338226318359,1
U09189,1,4,0.6146064400672913,1
U09190,1,1,0.988185703754425,1
U09191,1,5,0.38366496562957764,0
U09192,1,5,0.9593151211738586,1
U09193,1,4,0.06986180692911148,0
U09194,1,3,0.07707783579826355,0
U09195,1,1,0.9442062377929688,1
U09196,1,5,0.604360818862915,1
U09197,1,3,0.9800847172737122,1
U09198,1,5,0.9905277490615845,1
U09199,1,1,0.7998970746994019,1
U09200,1,1,0.9840356111526489,1
U09201,1,1,0.9759728908538818,1
U09202,1,1,0.9335606694221497,1
U09203,1,4,0.9524534344673157,1
U09204,1,4,0.5655624866485596,1
U09205,1,3,0.8022930026054382,1
U09206,1,3,0.9599041938781738,1
U09207,1,4,0.9805357456207275,1
U09208,1,3,0.880876898765564,1
U09209,1,2,0.3713720440864563,0
U09210,1,4,0.9267427921295166,1
U09211,1,1,0.9619772434234619,1
U09212,1,5,0.5683410167694092,1
U09213,1,3,0.9337409734725952,1
U09214,1,5,0.5160389542579651,1
U09215,1,4,0.026593176648020744,0
U09216,1,3,0.7589390277862549,1
U09217,1,1,0.8063722848892212,1
U09218,1,3,0.8842158913612366,1
U09219,1,4,0.7682958245277405,1
U09220,1,3,0.47236359119415283,0
U09221,1,5,0.5505875945091248,1
U09222,1,3,0.464643269777298,0
U09223,1,5,0.8814387321472168,1
U09224,1,4,0.7070927619934082,1
U09225,1,3,0.9959508180618286,1
U09226,1,1,0.34774845838546753,0
U09227,1,2,0.5927649736404419,1
U09228,1,4,0.941907525062561,1
U09229,1,2,0.8303247094154358,1
U09230,1,4,0.7953888177871704,1
U09231,1,3,0.39895838499069214,0
U09232,1,3,0.9145693778991699,1
U09233,1,2,0.2661890983581543,0
U09234,1,5,0.9502782821655273,1
U09235,1,1,0.8081820607185364,1
U09236,1,3,0.80966717004776,1
U09237,1,3,0.9733898043632507,1
U09238,1,4,0.005763839930295944,0
U09239,1,2,0.40816956758499146,0
U09240,1,4,0.7880923748016357,1
U09241,1,1,0.7351399660110474,1
U09242,1,2,0.6810533404350281,1
U09243,1,4,0.7740384936332703,1
U09244,1,5,0.9321508407592773,1
U09245,1,1,0.4555572271347046,0
U09246,1,1,0.36369162797927856,0
U09247,1,1,0.7609918117523193,1
U09248,1,5,0.1102077066898346,0
U09249,1,4,0.9642036557197571,1
U09250,1,4,0.3681660294532776,0
U09251,1,5,0.7241151332855225,1
U09252,1,3,0.2600860595703125,0
U09253,1,1,0.8091398477554321,1
U09254,1,4,0.22904503345489502,0
U09255,1,5,0.6716108322143555,1
U09256,1,1,0.7778325080871582,1
U09257,1,5,0.6499799489974976,1
U09258,1,3,0.8205245733261108,1
U09259,1,3,0.9197998046875,1
U09260,1,5,0.9277880191802979,1
U09261,1,4,0.9036033749580383,1
U09262,1,3,0.8800322413444519,1
U09263,1,4,0.6826444864273071,1
U09264,1,4,0.08695896714925766,0
U09265,1,4,0.7698297500610352,1
U09266,1,4,0.9806262254714966,1
U09267,1,5,0.925954282283783,1
U09268,1,4,0.4094007909297943,0
U09269,1,3,0.8444027304649353,1
U09270,1,4,0.8355315327644348,1
U09271,1,1,0.5866487622261047,1
U09272,1,1,0.3186843693256378,0
U09273,1,1,0.2812407910823822,0
U09274,1,4,0.7703782320022583,1
U09275,1,4,0.9589898586273193,1
U09276,1,1,0.9708324074745178,1
U09277,1,4,0.6536333560943604,1
U09278,1,1,0.9162469506263733,1
U09279,1,4,0.5142161250114441,1
U09280,1,5,0.13588570058345795,0
U09281,1,3,0.9207701683044434,1
U09282,1,2,0.15404444932937622,0
U09283,1,2,0.9871291518211365,1
U09284,1,5,0.48188477754592896,0
U09285,1,2,0.3097338080406189,0
U09286,1,4,0.5583696961402893,1
U09287,1,1,0.48960080742836,0
U09288,1,2,0.6340680718421936,1
U09289,1,3,0.6404775381088257,1
U09290,1,4,0.7954589128494263,1
U09291,1,4,0.5797560214996338,1
U09292,1,2,0.9888066053390503,1
U09293,1,4,0.24810324609279633,0
U09294,1,3,0.9731109738349915,1
U09295,1,1,0.24322505295276642,0
U09296,1,3,0.8654717206954956,1
U09297,1,1,0.8498320579528809,1
U09298,1,5,0.22869139909744263,0
U09299,1,2,0.7442371249198914,1
U09300,1,1,0.6479923129081726,1
U09301,1,1,0.828179121017456,1
U09302,1,3,0.017813006415963173,0
U09303,1,3,0.9901299476623535,1
U09304,1,1,0.2978439927101135,0
U09305,1,4,0.516890287399292,1
U09306,1,3,0.5731824636459351,1
U09307,1,1,0.8721825480461121,1
U09308,1,3,0.7453944683074951,1
U09309,1,3,0.9072357416152954,1
U09310,1,2,0.7454160451889038,1
U09311,1,3,0.7501486539840698,1
U09312,1,1,0.9357970356941223,1
U09313,1,4,0.2802361845970154,0
U09314,1,1,0.9320964813232422,1
U09315,1,5,0.6123940944671631,1
U09316,1,1,0.8655154705047607,1
U09317,1,5,0.04360080882906914,0
U09318,1,1,0.7659637331962585,1
U09319,1,3,0.6155257821083069,1
U09320,1,4,0.9221150875091553,1
U09321,1,5,0.9420152306556702,1
U09322,1,4,0.9209176301956177,1
U09323,1,1,0.5473099946975708,1
U09324,1,1,0.048926033079624176,0
U09325,1,3,0.9192649126052856,1
U09326,1,5,0.6623935699462891,1
U09327,1,1,0.8070287704467773,1
U09328,1,3,0.9126101732254028,1
U09329,1,2,0.9345596432685852,1
U09330,1,2,0.18627223372459412,0
U09331,1,1,0.7655022144317627,1
U09332,1,4,0.05787593498826027,0
U09333,1,4,0.05859433114528656,0
U09334,1,3,0.9774428606033325,1
U09335,1,2,0.962177038192749,1
U09336,1,5,0.9691345691680908,1
U09337,1,5,0.6729307174682617,1
U09338,1,3,0.9583938121795654,1
U09339,1,3,0.18309423327445984,0
U09340,1,1,0.856357753276825,1
U09341,1,3,0.9936655759811401,1
U09342,1,4,0.6091811656951904,1
U09343,1,4,0.2969959080219269,0
U09344,1,5,0.8492815494537354,1
U09345,1,3,0.9811496734619141,1
U09346,1,1,0.8992058634757996,1
U09347,1,3,0.828919529914856,1
U09348,1,1,0.8047864437103271,1
U09349,1,2,0.635310173034668,1
U09350,1,5,0.298475980758667,0
U09351,1,4,0.6923285722732544,1
U09352,1,5,0.9531583786010742,1
U09353,1,2,0.7169366478919983,1
U09354,1,4,0.9294803738594055,1
U09355,1,3,0.7540411949157715,1
U09356,1,3,0.5079400539398193,1
U09357,1,1,0.9792640209197998,1
U09358,1,5,0.2855518162250519,0
U09359,1,4,0.990995466709137,1
U09360,1,5,0.3022457957267761,0
U09361,1,4,0.30502209067344666,0
U09362,1,3,0.8776913285255432,1
U09363,1,5,0.9422562718391418,1
U09364,1,1,0.9586182832717896,1
U09365,1,3,0.8931484222412109,1
U09366,1,5,0.3421730101108551,0
U09367,1,1,0.7318280935287476,1
U09368,1,5,0.20230522751808167,0
U09369,1,3,0.9480951428413391,1
U09370,1,5,0.28832876682281494,0
U09371,1,1,0.9292054176330566,1
U09372,1,3,0.9951318502426147,1
U09373,1,3,0.9288579225540161,1
U09374,1,4,0.10841113328933716,0
U09375,1,4,0.91165691614151,1
U09376,1,1,0.9174794554710388,1
U09377,1,1,0.036817144602537155,0
U09378,1,1,0.43902587890625,0
U09379,1,1,0.3740978240966797,0
U09380,1,2,0.4418739676475525,0
U09381,1,1,0.8810288310050964,1
U09382,1,4,0.8755316734313965,1
U09383,1,1,0.8437590003013611,1
U09384,1,5,0.8640686869621277,1
U09385,1,4,0.17400893568992615,0
U09386,1,3,0.8100631833076477,1
U09387,1,1,0.9278690218925476,1
U09388,1,5,0.8305132389068604,1
U09389,1,2,0.5959312915802002,1
U09390,1,4,0.2719306945800781,0
U09391,1,1,0.7913840413093567,1
U09392,1,1,0.9726542830467224,1
U09393,1,2,0.5359359979629517,1
U09394,1,1,0.43107184767723083,0
U09395,1,2,0.8499795198440552,1
U09396,1,1,0.589743971824646,1
U09397,1,3,0.5817264318466187,1
U09398,1,5,0.9767205715179443,1
U09399,1,1,0.6550249457359314,1
U09400,1,1,0.6282781958580017,1
U09401,1,3,0.9827958345413208,1
U09402,1,3,0.7622746229171753,1
U09403,1,4,0.45513084530830383,0
U09404,1,4,0.7821624875068665,1
U09405,1,1,0.7866286039352417,1
U09406,1,5,0.9365680813789368,1
U09407,1,1,0.9341891407966614,1
U09408,1,4,0.3808971047401428,0
U09409,1,1,0.9826683402061462,1
U09410,1,3,0.6607055068016052,1
U09411,1,5,0.8863940834999084,1
U09412,1,5,0.9738572835922241,1
U09413,1,5,0.9609940648078918,1
U09414,1,3,0.9981571435928345,1
U09415,1,2,0.48033952713012695,0
U09416,1,1,0.8644445538520813,1
U09417,1,1,0.7321488857269287,1
U09418,1,3,0.36481091380119324,0
U09419,1,3,0.9514784216880798,1
U09420,1,1,0.9350327849388123,1
U09421,1,5,0.8825768232345581,1
U09422,1,3,0.9276252388954163,1
U09423,1,1,0.5827839374542236,1
U09424,1,3,0.9812817573547363,1
U09425,1,1,0.9106396436691284,1
U09426,1,3,0.9422177076339722,1
U09427,1,1,0.7944014072418213,1
U09428,1,1,0.8021652698516846,1
U09429,1,1,0.9365062713623047,1
U09430,1,4,0.9648205041885376,1
U09431,1,3,0.8820614218711853,1
U09432,1,4,0.19456620514392853,0
U09433,1,4,0.9869801998138428,1
U09434,1,5,0.7576287388801575,1
U09435,1,5,0.4772762954235077,0
U09436,1,1,0.9551915526390076,1
U09437,1,3,0.9600087404251099,1
U09438,1,4,0.12318451702594757,0
U09439,1,5,0.9911166429519653,1
U09440,1,4,0.7677434682846069,1
U09441,1,1,0.849664032459259,1
U09442,1,5,0.4668727219104767,0
U09443,1,1,0.8705623745918274,1
U09444,1,1,0.9789420962333679,1
U09445,1,1,0.9303620457649231,1
U09446,1,3,0.9743348360061646,1
U09447,1,2,0.8580690622329712,1
U09448,1,4,0.31894856691360474,0
U09449,1,3,0.3891456425189972,0
U09450,1,1,0.9023852944374084,1
U09451,1,5,0.979529619216919,1
U09452,1,2,0.970194399356842,1
U09453,1,3,0.95400470495224,1
U09454,1,3,0.965653657913208,1
U09455,1,1,0.8895793557167053,1
U09456,1,4,0.044481970369815826,0
U09457,1,3,0.7893190383911133,1
U09458,1,4,0.2764112651348114,0
U09459,1,3,0.9448205232620239,1
U09460,1,3,0.247763529419899,0
U09461,1,3,0.5321667194366455,1
U09462,1,2,0.41718438267707825,0
U09463,1,2,0.9817897081375122,1
U09464,1,5,0.6211981177330017,1
U09465,1,2,0.7411336898803711,1
U09466,1,1,0.7620838284492493,1
U09467,1,3,0.9735051393508911,1
U09468,1,1,0.9782711267471313,1
U09469,1,3,0.9780304431915283,1
U09470,1,1,0.8474527597427368,1
U09471,1,4,0.8584122061729431,1
U09472,1,1,0.7786999940872192,1
U09473,1,4,0.7954748868942261,1
U09474,1,5,0.952660083770752,1
U09475,1,4,0.7888574600219727,1
U09476,1,1,0.8393455743789673,1
U09477,1,1,0.9427886009216309,1
U09478,1,2,0.6168578863143921,1
U09479,1,2,0.8566626310348511,1
U09480,1,4,0.7507461905479431,1
U09481,1,3,0.9576513171195984,1
U09482,1,5,0.7959950566291809,1
U09483,1,3,0.08530323207378387,0
U09484,1,3,0.5636810064315796,1
U09485,1,3,0.9647065997123718,1
U09486,1,3,0.7820516228675842,1
U09487,1,1,0.742041826248169,1
U09488,1,3,0.9699482917785645,1
U09489,1,1,0.9895738363265991,1
U09490,1,5,0.32550132274627686,0
U09491,1,4,0.035431552678346634,0
U09492,1,4,0.7375533580780029,1
U09493,1,5,0.9259375333786011,1
U09494,1,1,0.9762264490127563,1
U09495,1,1,0.758094072341919,1
U09496,1,3,0.32557764649391174,0
U09497,1,5,0.6214804649353027,1
U09498,1,4,0.8307448625564575,1
U09499,1,1,0.6880846619606018,1
U09500,1,3,0.9843374490737915,1
U09501,1,1,0.5535968542098999,1
U09502,1,5,0.5891805291175842,1
U09503,1,5,0.7683539390563965,1
U09504,1,1,0.9572482109069824,1
U09505,1,5,0.05896401405334473,0
U09506,1,3,0.8658016920089722,1
U09507,1,3,0.989432692527771,1
U09508,1,1,0.5053159594535828,1
U09509,1,1,0.7291887998580933,1
U09510,1,5,0.9551429748535156,1
U09511,1,3,0.7421071529388428,1
U09512,1,5,0.2830298840999603,0
U09513,1,4,0.11352863907814026,0
U09514,1,3,0.8878729343414307,1
U09515,1,4,0.6974515914916992,1
U09516,1,2,0.6437618136405945,1
U09517,1,4,0.039322447031736374,0
U09518,1,3,0.7981679439544678,1
U09519,1,1,0.9381202459335327,1
U09520,1,2,0.47612035274505615,0
U09521,1,3,0.8541101217269897,1
U09522,1,5,0.958662211894989,1
U09523,1,1,0.8546409606933594,1
U09524,1,4,0.7249095439910889,1
U09525,1,5,0.37264877557754517,0
U09526,1,3,0.9697632193565369,1
U09527,1,5,0.6053624749183655,1
U09528,1,3,0.7090121507644653,1
U09529,1,4,0.37839505076408386,0
U09530,1,2,0.9330256581306458,1
U09531,1,3,0.9792388677597046,1
U09532,1,4,0.027916818857192993,0
U09533,1,4,0.24349361658096313,0
U09534,1,5,0.9424060583114624,1
U09535,1,1,0.8867716193199158,1
U09536,1,4,0.7832249402999878,1
U09537,1,5,0.9564253091812134,1
U09538,1,1,0.7313026785850525,1
U09539,1,1,0.5970478057861328,1
U09540,1,1,0.8960223197937012,1
U09541,1,1,0.8376837372779846,1
U09542,1,5,0.36187881231307983,0
U09543,1,5,0.07901401072740555,0
U09544,1,3,0.8212701678276062,1
U09545,1,4,0.7863029837608337,1
U09546,1,3,0.21967457234859467,0
U09547,1,5,0.6030634641647339,1
U09548,1,4,0.5457907915115356,1
U09549,1,2,0.9277245998382568,1
U09550,1,3,0.9554269909858704,1
U09551,1,3,0.9896696209907532,1
U09552,1,1,0.5181775093078613,1
U09553,1,2,0.7854130268096924,1
U09554,1,4,0.4107534885406494,0
U09555,1,2,0.29917219281196594,0
U09556,1,1,0.9966875314712524,1
U09557,1,1,0.9525227546691895,1
U09558,1,1,0.18778182566165924,0
U09559,1,3,0.2535441815853119,0
U09560,1,5,0.949135422706604,1
U09561,1,1,0.5287681221961975,1
U09562,1,3,0.7703234553337097,1
U09563,1,3,0.19223593175411224,0
U09564,1,4,0.854039192199707,1
U09565,1,4,0.6245800256729126,1
U09566,1,2,0.9592207670211792,1
U09567,1,1,0.6902326345443726,1
U09568,1,1,0.4994632303714752,0
U09569,1,5,0.16428910195827484,0
U09570,1,5,0.7318071126937866,1
U09571,1,2,0.5544852018356323,1
U09572,1,1,0.38836008310317993,0
U09573,1,3,0.3755464553833008,0
U09574,1,5,0.8742058277130127,1
U09575,1,3,0.4416704475879669,0
U09576,1,3,0.3186239004135132,0
U09577,1,5,0.8702645897865295,1
U09578,1,2,0.7057100534439087,1
U09579,1,2,0.729918897151947,1
U09580,1,3,0.8164300322532654,1
U09581,1,1,0.49247607588768005,0
U09582,1,4,0.8916642665863037,1
U09583,1,1,0.9654548168182373,1
U09584,1,5,0.2839025557041168,0
U09585,1,4,0.052297189831733704,0
U09586,1,1,0.7653232216835022,1
U09587,1,3,0.4179172217845917,0
U09588,1,3,0.998455286026001,1
U09589,1,4,0.7550347447395325,1
U09590,1,3,0.052862245589494705,0
U09591,1,5,0.5884160995483398,1
U09592,1,1,0.69910728931427,1
U09593,1,1,0.80520099401474,1
U09594,1,3,0.9881476759910583,1
U09595,1,1,0.5778069496154785,1
U09596,1,3,0.9586606621742249,1
U09597,1,2,0.16151799261569977,0
U09598,1,1,0.8180102109909058,1
U09599,1,1,0.6102718114852905,1
U09600,1,3,0.8913227915763855,1
U09601,1,4,0.2203105092048645,0
U09602,1,5,0.5160924196243286,1
U09603,1,1,0.08199414610862732,0
U09604,1,1,0.013183312490582466,0
U09605,1,3,0.9968780875205994,1
U09606,1,2,0.6557043790817261,1
U09607,1,5,0.6424356698989868,1
U09608,1,2,0.6845568418502808,1
U09609,1,4,0.11681415885686874,0
U09610,1,1,0.9946894645690918,1
U09611,1,3,0.2987898290157318,0
U09612,1,1,0.0704905316233635,0
U09613,1,3,0.631384551525116,1
U09614,1,4,0.2358759641647339,0
U09615,1,1,0.7805665731430054,1
U09616,1,1,0.8242059946060181,1
U09617,1,3,0.9132067561149597,1
U09618,1,3,0.9870663285255432,1
U09619,1,3,0.25774484872817993,0
U09620,1,1,0.07407426834106445,0
U09621,1,1,0.9493696689605713,1
U09622,1,4,0.40608343482017517,0
U09623,1,1,0.21849104762077332,0
U09624,1,1,0.07014266401529312,0
U09625,1,4,0.9468473792076111,1
U09626,1,3,0.952897310256958,1
U09627,1,5,0.9617761969566345,1
U09628,1,5,0.18119335174560547,0
U09629,1,3,0.9946912527084351,1
U09630,1,5,0.8991789817810059,1
U09631,1,1,0.6223912239074707,1
U09632,1,3,0.8732972145080566,1
U09633,1,1,0.786569356918335,1
U09634,1,5,0.1868617832660675,0
U09635,1,1,0.5550987124443054,1
U09636,1,2,0.26600751280784607,0
U09637,1,1,0.8895131945610046,1
U09638,1,5,0.4244728982448578,0
U09639,1,1,0.3525620996952057,0
U09640,1,5,0.6678500175476074,1
U09641,1,3,0.4145456552505493,0
U09642,1,3,0.3323002755641937,0
U09643,1,5,0.5952744483947754,1
U09644,1,1,0.8931160569190979,1
U09645,1,4,0.5461525917053223,1
U09646,1,4,0.9276013970375061,1
U09647,1,1,0.9552537202835083,1
U09648,1,2,0.6376481056213379,1
U09649,1,1,0.5140764713287354,1
U09650,1,3,0.8436720371246338,1
U09651,1,5,0.04318355768918991,0
U09652,1,1,0.31589213013648987,0
U09653,1,5,0.5391773581504822,1
U09654,1,4,0.8232777118682861,1
U09655,1,1,0.8132709860801697,1
U09656,1,1,0.6142329573631287,1
U09657,1,4,0.24307407438755035,0
U09658,1,3,0.3087199926376343,0
U09659,1,2,0.9873276352882385,1
U09660,1,5,0.9646904468536377,1
U09661,1,3,0.9872667789459229,1
U09662,1,5,0.9126172065734863,1
U09663,1,4,0.8907602429389954,1
U09664,1,3,0.9372056126594543,1
U09665,1,3,0.7371733784675598,1
U09666,1,5,0.860916018486023,1
U09667,1,1,0.8950680494308472,1
U09668,1,1,0.9055713415145874,1
U09669,1,1,0.43448203802108765,0
U09670,1,1,0.8294948935508728,1
U09671,1,1,0.758989691734314,1
U09672,1,4,0.9970340728759766,1
U09673,1,1,0.9252620935440063,1
U09674,1,3,0.418817400932312,0
U09675,1,5,0.9593228101730347,1
U09676,1,3,0.9495700001716614,1
U09677,1,3,0.9698108434677124,1
U09678,1,4,0.9102190136909485,1
U09679,1,1,0.9616793990135193,1
U09680,1,5,0.07703131437301636,0
U09681,1,4,0.20576488971710205,0
U09682,1,1,0.835122287273407,1
U09683,1,1,0.7814003825187683,1
U09684,1,1,0.7351253628730774,1
U09685,1,2,0.9616880416870117,1
U09686,1,5,0.638178825378418,1
U09687,1,3,0.8229226469993591,1
U09688,1,1,0.03199712932109833,0
U09689,1,4,0.9643052816390991,1
U09690,1,3,0.9461319446563721,1
U09691,1,5,0.8421509861946106,1
U09692,1,4,0.33895134925842285,0
U09693,1,3,0.48894059658050537,0
U09694,1,1,0.02534627541899681,0
U09695,1,1,0.43205344676971436,0
U09696,1,5,0.9918512105941772,1
U09697,1,5,0.6903724670410156,1
U09698,1,5,0.35685428977012634,0
U09699,1,4,0.475261926651001,0
U09700,1,2,0.9120721817016602,1
U09701,1,2,0.732252299785614,1
U09702,1,5,0.26585105061531067,0
U09703,1,1,0.45429033041000366,0
U09704,1,3,0.012409241870045662,0
U09705,1,1,0.6821672916412354,1
U09706,1,4,0.3768640458583832,0
U09707,1,1,0.7880631685256958,1
U09708,1,3,0.8328332304954529,1
U09709,1,5,0.9059776067733765,1
U09710,1,1,0.629721462726593,1
U09711,1,1,0.6846135258674622,1
U09712,1,1,0.9783143997192383,1
U09713,1,1,0.6788244843482971,1
U09714,1,5,0.543300449848175,1
U09715,1,3,0.587638258934021,1
U09716,1,1,0.9047921895980835,1
U09717,1,2,0.7044193148612976,1
U09718,1,5,0.8548698425292969,1
U09719,1,5,0.11991019546985626,0
U09720,1,1,0.0972977951169014,0
U09721,1,1,0.6180045008659363,1
U09722,1,5,0.021837962791323662,0
U09723,1,4,0.5669145584106445,1
U09724,1,1,0.847152590751648,1
U09725,1,5,0.25254756212234497,0
U09726,1,5,0.9504840970039368,1
U09727,1,1,0.3263024389743805,0
U09728,1,5,0.6592037081718445,1
U09729,1,3,0.987632691860199,1
U09730,1,4,0.34233856201171875,0
U09731,1,3,0.9410635232925415,1
U09732,1,3,0.8873212933540344,1
U09733,1,3,0.983320415019989,1
U09734,1,5,0.17565348744392395,0
U09735,1,5,0.7451475858688354,1
U09736,1,5,0.961391806602478,1
U09737,1,1,0.7981585264205933,1
U09738,1,5,0.8851250410079956,1
U09739,1,5,0.31890231370925903,0
U09740,1,5,0.8496472835540771,1
U09741,1,2,0.284949392080307,0
U09742,1,5,0.30924704670906067,0
U09743,1,1,0.944605827331543,1
U09744,1,2,0.9178499579429626,1
U09745,1,1,0.015916166827082634,0
U09746,1,5,0.9191750288009644,1
U09747,1,4,0.43009331822395325,0
U09748,1,3,0.7860055565834045,1
U09749,1,1,0.9892904162406921,1
U09750,1,2,0.8614372611045837,1
U09751,1,1,0.0805530846118927,0
U09752,1,4,0.8792048096656799,1
U09753,1,5,0.43961280584335327,0
U09754,1,5,0.7622241973876953,1
U09755,1,4,0.9211671948432922,1
U09756,1,3,0.952041506767273,1
U09757,1,3,0.6945834159851074,1
U09758,1,4,0.2117912471294403,0
U09759,1,5,0.9796440601348877,1
U09760,1,5,0.987539529800415,1
U09761,1,1,0.8324616551399231,1
U09762,1,1,0.3552986681461334,0
U09763,1,2,0.8511582612991333,1
U09764,1,5,0.6785153150558472,1
U09765,1,1,0.7642867565155029,1
U09766,1,5,0.9823999404907227,1
U09767,1,3,0.27959272265434265,0
U09768,1,3,0.7376964688301086,1
U09769,1,3,0.8769180774688721,1
U09770,1,3,0.9344339370727539,1
U09771,1,2,0.9241629242897034,1
U09772,1,1,0.22617527842521667,0
U09773,1,5,0.9528756141662598,1
U09774,1,4,0.19416266679763794,0
U09775,1,1,0.12258441001176834,0
U09776,1,5,0.236619770526886,0
U09777,1,2,0.7551246881484985,1
U09778,1,3,0.9867516756057739,1
U09779,1,5,0.23726341128349304,0
U09780,1,1,0.8042513728141785,1
U09781,1,2,0.3752269744873047,0
U09782,1,5,0.9385660290718079,1
U09783,1,3,0.8757621645927429,1
U09784,1,2,0.4661072790622711,0
U09785,1,1,0.8779662251472473,1
U09786,1,4,0.2866513133049011,0
U09787,1,3,0.3619595468044281,0
U09788,1,4,0.9499253034591675,1
U09789,1,3,0.08306819200515747,0
U09790,1,5,0.9507203102111816,1
U09791,1,3,0.9721711874008179,1
U09792,1,3,0.9798203110694885,1
U09793,1,5,0.2971572279930115,0
U09794,1,3,0.33017319440841675,0
U09795,1,2,0.9727709293365479,1
U09796,1,4,0.17394521832466125,0
U09797,1,5,0.9274390339851379,1
U09798,1,2,0.8709372878074646,1
U09799,1,2,0.46052974462509155,0
U09800,1,3,0.9974181652069092,1
U09801,1,5,0.9823743104934692,1
U09802,1,1,0.6020357608795166,1
U09803,1,5,0.8741976022720337,1
U09804,1,4,0.962738037109375,1
U09805,1,2,0.8592525720596313,1
U09806,1,4,0.5838937759399414,1
U09807,1,5,0.38858193159103394,0
U09808,1,4,0.7511187791824341,1
U09809,1,2,0.4843936264514923,0
U09810,1,3,0.4290144443511963,0
U09811,1,1,0.8879250288009644,1
U09812,1,1,0.9828978776931763,1
U09813,1,3,0.7544970512390137,1
U09814,1,4,0.9076249599456787,1
U09815,1,2,0.8707437515258789,1
U09816,1,1,0.9482892751693726,1
U09817,1,3,0.9623339176177979,1
U09818,1,2,0.8977724313735962,1
U09819,1,4,0.2361757755279541,0
U09820,1,2,0.46995577216148376,0
U09821,1,4,0.8310876488685608,1
U09822,1,1,0.10985814034938812,0
U09823,1,2,0.9969349503517151,1
U09824,1,3,0.9038927555084229,1
U09825,1,3,0.24634122848510742,0
U09826,1,2,0.89327472448349,1
U09827,1,3,0.0596175491809845,0
U09828,1,5,0.5442832708358765,1
U09829,1,3,0.996924877166748,1
U09830,1,3,0.5657545328140259,1
U09831,1,1,0.8397288918495178,1
U09832,1,5,0.8805538415908813,1
U09833,1,3,0.7673106789588928,1
U09834,1,1,0.8969762325286865,1
U09835,1,1,0.5989301204681396,1
U09836,1,3,0.9064689874649048,1
U09837,1,3,0.4685860574245453,0
U09838,1,5,0.4472947120666504,0
U09839,1,4,0.5191500782966614,1
U09840,1,2,0.7765024900436401,1
U09841,1,3,0.9385051131248474,1
U09842,1,1,0.8184714317321777,1
U09843,1,5,0.6834512948989868,1
U09844,1,2,0.8049797415733337,1
U09845,1,1,0.10992322117090225,0
U09846,1,1,0.12198925018310547,0
U09847,1,5,0.6224970817565918,1
U09848,1,5,0.6354387998580933,1
U09849,1,3,0.0795261338353157,0
U09850,1,5,0.4553183913230896,0
U09851,1,5,0.9032524228096008,1
U09852,1,3,0.15935775637626648,0
U09853,1,5,0.9788511991500854,1
U09854,1,1,0.8197013139724731,1
U09855,1,5,0.9403099417686462,1
U09856,1,1,0.8670022487640381,1
U09857,1,5,0.5815488696098328,1
U09858,1,5,0.9464644193649292,1
U09859,1,3,0.9532439708709717,1
U09860,1,4,0.8671239614486694,1
U09861,1,1,0.9591935873031616,1
U09862,1,1,0.9005467295646667,1
U09863,1,4,0.03421527147293091,0
U09864,1,3,0.9765340089797974,1
U09865,1,1,0.44573983550071716,0
U09866,1,3,0.09999971836805344,0
U09867,1,5,0.12856623530387878,0
U09868,1,1,0.8562347888946533,1
U09869,1,1,0.7154083251953125,1
U09870,1,1,0.32743194699287415,0
U09871,1,3,0.9008532762527466,1
U09872,1,5,0.8119903802871704,1
U09873,1,1,0.7151291370391846,1
U09874,1,1,0.9101409912109375,1
U09875,1,3,0.9504785537719727,1
U09876,1,1,0.6461648941040039,1
U09877,1,5,0.24555446207523346,0
U09878,1,5,0.7230430841445923,1
U09879,1,3,0.056648559868335724,0
U09880,1,1,0.490732878446579,0
U09881,1,2,0.6488690972328186,1
U09882,1,3,0.49159714579582214,0
U09883,1,5,0.941284716129303,1
U09884,1,5,0.766079306602478,1
U09885,1,5,0.9364511966705322,1
U09886,1,3,0.43451589345932007,0
U09887,1,1,0.9545171856880188,1
U09888,1,3,0.9308385848999023,1
U09889,1,4,0.5511097311973572,1
U09890,1,1,0.8423824310302734,1
U09891,1,5,0.4044833481311798,0
U09892,1,5,0.636640191078186,1
U09893,1,1,0.9156270027160645,1
U09894,1,1,0.8050956726074219,1
U09895,1,3,0.07263152301311493,0
U09896,1,3,0.5865473747253418,1
U09897,1,1,0.9064501523971558,1
U09898,1,3,0.9321756362915039,1
U09899,1,4,0.5080857872962952,1
U09900,1,5,0.7487956881523132,1
U09901,1,4,0.3086921274662018,0
U09902,1,2,0.7352187037467957,1
U09903,1,1,0.7790026068687439,1
U09904,1,2,0.9872618913650513,1
U09905,1,1,0.9453734755516052,1
U09906,1,5,0.6834819912910461,1
U09907,1,1,0.8282017111778259,1
U09908,1,5,0.3805586099624634,0
U09909,1,2,0.21778932213783264,0
U09910,1,3,0.9057960510253906,1
U09911,1,5,0.6091116666793823,1
U09912,1,5,0.7669951915740967,1
U09913,1,5,0.7082651257514954,1
U09914,1,4,0.7776187658309937,1
U09915,1,1,0.20060864090919495,0
U09916,1,3,0.9663454294204712,1
U09917,1,3,0.9881323575973511,1
U09918,1,4,0.8749586939811707,1
U09919,1,5,0.18765734136104584,0
U09920,1,1,0.5289242267608643,1
U09921,1,1,0.19710415601730347,0
U09922,1,1,0.3144097328186035,0
U09923,1,3,0.929091215133667,1
U09924,1,1,0.8198886513710022,1
U09925,1,2,0.8637180328369141,1
U09926,1,1,0.8885352611541748,1
U09927,1,5,0.9077081680297852,1
U09928,1,1,0.5583587884902954,1
U09929,1,2,0.8904486894607544,1
U09930,1,4,0.920765221118927,1
U09931,1,5,0.8713091611862183,1
U09932,1,3,0.571125864982605,1
U09933,1,3,0.4815252721309662,0
U09934,1,1,0.6364930868148804,1
U09935,1,3,0.16552822291851044,0
U09936,1,2,0.4271942973136902,0
U09937,1,1,0.587017297744751,1
U09938,1,4,0.8052862882614136,1
U09939,1,4,0.9715814590454102,1
U09940,1,2,0.5814834237098694,1
U09941,1,2,0.6542668342590332,1
U09942,1,2,0.9923990964889526,1
U09943,1,5,0.752116858959198,1
U09944,1,5,0.6493064165115356,1
U09945,1,1,0.9163259863853455,1
U09946,1,2,0.04974016174674034,0
U09947,1,1,0.9825400114059448,1
U09948,1,1,0.8499017953872681,1
U09949,1,1,0.9475255012512207,1
U09950,1,5,0.14858469367027283,0
U09951,1,4,0.9405400156974792,1
U09952,1,2,0.9669697284698486,1
U09953,1,2,0.09146334230899811,0
U09954,1,5,0.2628466486930847,0
U09955,1,3,0.8771491646766663,1
U09956,1,5,0.7570556402206421,1
U09957,1,4,0.27482521533966064,0
U09958,1,1,0.7706273198127747,1
U09959,1,5,0.14789733290672302,0
U09960,1,5,0.9429308176040649,1
U09961,1,2,0.4500207304954529,0
U09962,1,1,0.04656463861465454,0
U09963,1,1,0.932442843914032,1
U09964,1,5,0.14467349648475647,0
U09965,1,5,0.47410768270492554,0
U09966,1,3,0.3446280062198639,0
U09967,1,1,0.03724844008684158,0
U09968,1,4,0.8355247378349304,1
U09969,1,1,0.1357080042362213,0
U09970,1,5,0.31791171431541443,0
U09971,1,2,0.8537697792053223,1
U09972,1,5,0.4394308030605316,0
U09973,1,2,0.8747128844261169,1
U09974,1,5,0.4442583918571472,0
U09975,1,1,0.8608047962188721,1
U09976,1,5,0.7396345138549805,1
U09977,1,4,0.2052229642868042,0
U09978,1,3,0.9861657023429871,1
U09979,1,5,0.8110081553459167,1
U09980,1,3,0.9454035758972168,1
U09981,1,5,0.5542160272598267,1
U09982,1,5,0.030313946306705475,0
U09983,1,3,0.9909289479255676,1
U09984,1,4,0.03558167815208435,0
U09985,1,2,0.562797486782074,1
U09986,1,1,0.8931626081466675,1
U09987,1,5,0.795363187789917,1
U09988,1,3,0.9910248517990112,1
U09989,1,1,0.5789229273796082,1
U09990,1,5,0.49954140186309814,0
U09991,1,3,0.5595716238021851,1
U09992,1,5,0.7319404482841492,1
U09993,1,1,0.20181801915168762,0
U09994,1,1,0.9350307583808899,1
U09995,1,2,0.979112982749939,1
U09996,1,3,0.6953063011169434,1
U09997,1,3,0.9495412111282349,1
U09998,1,5,0.6435582041740417,1
U09999,1,5,0.9027186036109924,1
U10000,1,1,0.08301588892936707,0
U10001,0,4,0.4195860028266907,0
U10002,0,4,0.022966649383306503,0
U10003,0,4,0.10908598452806473,0
U10004,0,4,0.05354240536689758,0
U10005,0,4,0.049554210156202316,0
U10006,0,4,0.07388196140527725,0
U10007,0,4,0.12643954157829285,0
U10008,0,4,0.28314268589019775,0
U10009,0,4,0.034366339445114136,0
U10010,0,4,0.1722809076309204,0
U10011,0,4,0.37801599502563477,0
U10012,0,4,0.08224313706159592,0
U10013,0,4,0.603002667427063,1
U10014,0,4,0.1530960500240326,0
U10015,0,4,0.20293262600898743,0
U10016,0,4,0.012120004743337631,0
U10017,0,4,0.07316289097070694,0
U10018,0,4,0.15418091416358948,0
U10019,0,4,0.027319498360157013,0
U10020,0,4,0.01705833524465561,0
U10021,0,1,0.504334568977356,1
U10022,0,1,0.211147740483284,0
U10023,0,1,0.15257489681243896,0
U10024,0,1,0.02789759263396263,0
U10025,0,1,0.10921972990036011,0
U10026,0,1,0.32607418298721313,0
U10027,0,1,0.5944268107414246,1
U10028,0,1,0.8007332682609558,1
U10029,0,1,0.18304410576820374,0
U10030,0,1,0.37889185547828674,0
U10031,0,1,0.48765069246292114,0
U10032,0,1,0.09301877021789551,0
U10033,0,1,0.0617188885807991,0
U10034,0,1,0.28912413120269775,0
U10035,0,1,0.540915846824646,1
U10036,0,1,0.23539119958877563,0
U10037,0,1,0.48403429985046387,0
U10038,0,1,0.4501759707927704,0
U10039,0,1,0.23678407073020935,0
U10040,0,1,0.060020413249731064,0
U10041,0,2,0.4299020767211914,0
U10042,0,2,0.10280222445726395,0
U10043,0,2,0.5968039035797119,1
U10044,0,2,0.43929392099380493,0
U10045,0,2,0.5749609470367432,1
U10046,0,2,0.10716145485639572,0
U10047,0,2,0.028465531766414642,0
U10048,0,2,0.15880447626113892,0
U10049,0,2,0.0813601166009903,0
U10050,0,2,0.35060760378837585,0
U10051,0,2,0.10991161316633224,0
U10052,0,2,0.42452070116996765,0
U10053,0,2,0.05724123865365982,0
U10054,0,2,0.03688765689730644,0
U10055,0,2,0.02205022983253002,0
U10056,0,2,0.05294415354728699,0
U10057,0,2,0.05920889973640442,0
U10058,0,2,0.06942271441221237,0
U10059,0,2,0.21921905875205994,0
U10060,0,2,0.21664917469024658,0
U10061,0,2,0.06751632690429688,0
U10062,0,2,0.01798705756664276,0
U10063,0,2,0.03580370917916298,0
U10064,0,2,0.020231984555721283,0
U10065,0,2,0.0037177468184381723,0
U10066,0,2,0.04425876587629318,0
U10067,0,2,0.007223968394100666,0
U10068,0,2,0.009757027961313725,0
U10069,0,2,0.0343315489590168,0
U10070,0,2,0.019017856568098068,0
U10071,0,2,0.03960994631052017,0
U10072,0,2,0.03504686430096626,0
U10073,0,2,0.0056284149177372456,0
U10074,0,2,0.01674068346619606,0
U10075,0,2,0.018185297027230263,0
U10076,0,2,0.010581833310425282,0
U10077,0,2,0.03383609279990196,0
U10078,0,2,0.01821025274693966,0
U10079,0,2,0.08951587229967117,0
U10080,0,2,0.017531247809529305,0
U10081,0,1,0.0038708362262696028,0
U10082,0,1,0.002202023984864354,0
U10083,0,1,0.0030667432583868504,0
U10084,0,1,0.009445995092391968,0
U10085,0,1,0.020219752565026283,0
U10086,0,1,0.007791811600327492,0
U10087,0,1,0.011433945037424564,0
U10088,0,1,0.0036575368139892817,0
U10089,0,1,0.002045556902885437,0
U10090,0,1,0.002767115831375122,0
U10091,0,1,0.0036361594684422016,0
U10092,0,1,0.0054060970433056355,0
U10093,0,1,0.003483013017103076,0
U10094,0,1,0.002409982727840543,0
U10095,0,1,0.0029857633635401726,0
U10096,0,1,0.002511231927201152,0
U10097,0,1,0.0033840308897197247,0
U10098,0,3,0.002634334145113826,0
U10099,0,3,0.0019613471813499928,0
U10100,0,3,0.005142120644450188,0
U10101,0,3,0.01978168450295925,0
U10102,0,3,0.0029524988494813442,0
U10103,0,3,0.0016706795431673527,0
U10104,0,3,0.003966052085161209,0
U10105,0,3,0.002400335157290101,0
U10106,0,3,0.007742948830127716,0
U10107,0,3,0.0012047969503328204,0
U10108,0,3,0.0008990975329652429,0
U10109,0,3,0.0035747920628637075,0
U10110,0,3,0.0008975699311122298,0
U10111,0,3,0.0006579853361472487,0
U10112,0,3,0.003158991225063801,0
U10113,0,3,0.004264244344085455,0
U10114,0,3,0.0017102072015404701,0
U10115,0,3,0.00407913513481617,0
U10116,0,3,0.0012272881576791406,0
U10117,0,3,0.013612687587738037,0
U10118,0,5,0.10732028633356094,0
U10119,0,5,0.9488200545310974,1
U10120,0,5,0.7975394129753113,1
U10121,0,5,0.6301919221878052,1
U10122,0,5,0.44265395402908325,0
U10123,0,5,0.07124754041433334,0
U10124,0,5,0.9125089645385742,1
U10125,0,5,0.864851713180542,1
U10126,0,5,0.1809435486793518,0
U10127,0,5,0.39306801557540894,0
U10128,0,5,0.9823341369628906,1
U10129,0,5,0.9537917971611023,1
U10130,0,5,0.7619492411613464,1
U10131,0,5,0.48427897691726685,0
U10132,0,5,0.13389307260513306,0
U10133,0,5,0.1327391117811203,0
U10134,0,5,0.12193197011947632,0
U10135,0,5,0.06239283084869385,0
U10136,0,5,0.5983894467353821,1
U10137,0,5,0.33904391527175903,0
U10138,0,4,0.037569016218185425,0
U10139,0,4,0.8068839311599731,1
U10140,0,4,0.8273848295211792,1
U10141,0,4,0.13623303174972534,0
U10142,0,4,0.6173547506332397,1
U10143,0,4,0.6623181700706482,1
U10144,0,4,0.6348271369934082,1
U10145,0,4,0.711974024772644,1
U10146,0,4,0.5836998224258423,1
U10147,0,4,0.1849951148033142,0
U10148,0,4,0.07555494457483292,0
U10149,0,4,0.6925255060195923,1
U10150,0,4,0.5575318336486816,1
U10151,0,4,0.6081963777542114,1
U10152,0,4,0.06780105829238892,0
U10153,0,4,0.6511494517326355,1
U10154,0,4,0.6559039354324341,1
U10155,0,4,0.2671325206756592,0
U10156,0,4,0.6149032115936279,1
U10157,0,4,0.4114949107170105,0
U10158,0,1,0.07294602692127228,0
U10159,0,1,0.07618135213851929,0
U10160,0,1,0.08293658494949341,0
U10161,0,4,0.13791248202323914,0
U10162,0,4,0.009816396981477737,0
U10163,0,4,0.015780970454216003,0
U10164,0,4,0.027447421103715897,0
U10165,0,4,0.011927911080420017,0
U10166,0,4,0.012148500420153141,0
U10167,0,4,0.17421966791152954,0
U10168,0,4,0.012848424725234509,0
U10169,0,4,0.048272036015987396,0
U10170,0,4,0.07326860725879669,0
U10171,0,4,0.02611132711172104,0
U10172,0,4,0.0319497250020504,0
U10173,0,4,0.08932702988386154,0
U10174,0,4,0.03747415170073509,0
U10175,0,4,0.034556519240140915,0
U10176,0,4,0.0359782949090004,0
U10177,0,4,0.014011561870574951,0
U10178,0,4,0.017190352082252502,0
U10179,0,4,0.0440140962600708,0
U10180,0,4,0.05438913032412529,0
U10181,0,1,0.015132581815123558,0
U10182,0,1,0.19085447490215302,0
U10183,0,1,0.10051140189170837,0
U10184,0,1,0.02010377310216427,0
U10185,0,1,0.08335219323635101,0
U10186,0,1,0.1668282151222229,0
U10187,0,1,0.006714898627251387,0
U10188,0,1,0.4144873023033142,0
U10189,0,1,0.09450879693031311,0
U10190,0,1,0.045125674456357956,0
U10191,0,1,0.014230867847800255,0
U10192,0,1,0.044940873980522156,0
U10193,0,1,0.2982998192310333,0
U10194,0,1,0.05725758895277977,0
U10195,0,1,0.019792061299085617,0
U10196,0,1,0.00999605655670166,0
U10197,0,1,0.07546655833721161,0
U10198,0,1,0.014873752370476723,0
U10199,0,1,0.11238681524991989,0
U10200,0,1,0.2448207139968872,0
U10201,0,5,0.05946378409862518,0
U10202,0,5,0.012927736155688763,0
U10203,0,5,0.017567401751875877,0
U10204,0,5,0.01913508214056492,0
U10205,0,5,0.17573267221450806,0
U10206,0,5,0.02781141921877861,0
U10207,0,5,0.05544942244887352,0
U10208,0,5,0.011827463284134865,0
U10209,0,5,0.08720408380031586,0
U10210,0,5,0.06432535499334335,0
U10211,0,5,0.021992012858390808,0
U10212,0,5,0.052090685814619064,0
U10213,0,5,0.03669092059135437,0
U10214,0,5,0.009103430435061455,0
U10215,0,5,0.07056781649589539,0
U10216,0,5,0.05814928933978081,0
U10217,0,5,0.02889455482363701,0
U10218,0,5,0.01824609562754631,0
U10219,0,5,0.03339541703462601,0
U10220,0,5,0.08226702362298965,0
U10221,0,4,0.045157551765441895,0
U10222,0,4,0.05161842703819275,0
U10223,0,4,0.10561574250459671,0
U10224,0,4,0.1243370920419693,0
U10225,0,4,0.03503546491265297,0
U10226,0,4,0.06698977947235107,0
U10227,0,4,0.06572796404361725,0
U10228,0,4,0.012258046306669712,0
U10229,0,4,0.04703435301780701,0
U10230,0,4,0.03864419460296631,0
U10231,0,4,0.2514752745628357,0
U10232,0,4,0.10232068598270416,0
U10233,0,4,0.024327851831912994,0
U10234,0,4,0.04152843356132507,0
U10235,0,4,0.06439831852912903,0
U10236,0,4,0.09563364088535309,0
U10237,0,4,0.018102826550602913,0
U10238,0,4,0.05493471771478653,0
U10239,0,4,0.2164296656847,0
U10240,0,4,0.11542276293039322,0
U10241,0,1,0.0074173882603645325,0
U10242,0,1,0.02010227181017399,0
U10243,0,1,0.009391311556100845,0
U10244,0,1,0.006931142415851355,0
U10245,0,1,0.007747146300971508,0
U10246,0,1,0.009212944656610489,0
U10247,0,1,0.0038841026835143566,0
U10248,0,1,0.027757706120610237,0
U10249,0,1,0.009512953460216522,0
U10250,0,1,0.02378089725971222,0
U10251,0,1,0.007017695810645819,0
U10252,0,1,0.011911164037883282,0
U10253,0,1,0.0022975190076977015,0
U10254,0,1,0.020127084106206894,0
U10255,0,1,0.008598584681749344,0
U10256,0,1,0.03053984045982361,0
U10257,0,1,0.011728313751518726,0
U10258,0,1,0.012216338887810707,0
U10259,0,1,0.012827442027628422,0
U10260,0,1,0.003483711276203394,0
U10261,0,5,0.3756776750087738,0
U10262,0,5,0.5769928693771362,1
U10263,0,5,0.4915744662284851,0
U10264,0,5,0.4179806113243103,0
U10265,0,5,0.5633707642555237,1
U10266,0,5,0.6850142478942871,1
U10267,0,5,0.6949161291122437,1
U10268,0,5,0.839483916759491,1
U10269,0,5,0.6261378526687622,1
U10270,0,5,0.31613245606422424,0
U10271,0,5,0.7898052930831909,1
U10272,0,5,0.576714813709259,1
U10273,0,5,0.8844317197799683,1
U10274,0,5,0.7032122015953064,1
U10275,0,5,0.4536805748939514,0
U10276,0,5,0.681186854839325,1
U10277,0,5,0.8582349419593811,1
U10278,0,5,0.7806658148765564,1
U10279,0,5,0.5414175987243652,1
U10280,0,5,0.39573317766189575,0
U10281,0,1,0.21519143879413605,0
U10282,0,1,0.06219998747110367,0
U10283,0,1,0.007538890466094017,0
U10284,0,1,0.03217479959130287,0
U10285,0,1,0.7507168650627136,1
U10286,0,1,0.20939584076404572,0
U10287,0,1,0.20938587188720703,0
U10288,0,1,0.007584749720990658,0
U10289,0,1,0.010890980251133442,0
U10290,0,1,0.012847451493144035,0
U10291,0,1,0.03587356582283974,0
U10292,0,1,0.03271005302667618,0
U10293,0,1,0.03868688642978668,0
U10294,0,1,0.028226694092154503,0
U10295,0,1,0.016287177801132202,0
U10296,0,1,0.375926673412323,0
U10297,0,1,0.009432394988834858,0
U10298,0,1,0.018993478268384933,0
U10299,0,1,0.005632023327052593,0
U10300,0,1,0.027360420674085617,0
U10301,0,5,0.635367751121521,1
U10302,0,5,0.575588583946228,1
U10303,0,5,0.0069863516837358475,0
U10304,0,5,0.7949886918067932,1
U10305,0,5,0.019085386767983437,0
U10306,0,5,0.8257718086242676,1
U10307,0,5,0.47951170802116394,0
U10308,0,5,0.03431683033704758,0
U10309,0,5,0.43263617157936096,0
U10310,0,5,0.6458728909492493,1
U10311,0,5,0.8523439168930054,1
U10312,0,5,0.41125237941741943,0
U10313,0,5,0.8307477831840515,1
U10314,0,5,0.8895206451416016,1
U10315,0,5,0.7209242582321167,1
U10316,0,5,0.4642905294895172,0
U10317,0,5,0.8552526235580444,1
U10318,0,5,0.011759962886571884,0
U10319,0,5,0.25229164958000183,0
U10320,0,5,0.7523322701454163,1
U10321,0,5,0.11074326187372208,0
U10322,0,5,0.09989451617002487,0
U10323,0,5,0.1188696026802063,0
U10324,0,5,0.04647137224674225,0
U10325,0,5,0.10352621972560883,0
U10326,0,5,0.1849987506866455,0
U10327,0,5,0.01944529451429844,0
U10328,0,5,0.02887605130672455,0
U10329,0,5,0.4045962393283844,0
U10330,0,5,0.09886486828327179,0
U10331,0,5,0.1525508165359497,0
U10332,0,5,0.025379298254847527,0
U10333,0,5,0.014901021495461464,0
U10334,0,5,0.011762700043618679,0
U10335,0,5,0.08266542851924896,0
U10336,0,5,0.036550894379615784,0
U10337,0,5,0.16881787776947021,0
U10338,0,5,0.04195927456021309,0
U10339,0,5,0.2335832118988037,0
U10340,0,5,0.3109508454799652,0
U10341,0,3,0.011392557993531227,0
U10342,0,3,0.054678644984960556,0
U10343,0,3,0.19349245727062225,0
U10344,0,3,0.008891654200851917,0
U10345,0,3,0.00413235230371356,0
U10346,0,3,0.38576218485832214,0
U10347,0,3,0.008845511823892593,0
U10348,0,3,0.6655797362327576,1
U10349,0,3,0.5293879508972168,1
U10350,0,3,0.004601290449500084,0
U10351,0,3,0.05598440021276474,0
U10352,0,3,0.1464553326368332,0
U10353,0,3,0.00855517853051424,0
U10354,0,3,0.04718365520238876,0
U10355,0,3,0.006572325248271227,0
U10356,0,3,0.6758889555931091,1
U10357,0,3,0.059546053409576416,0
U10358,0,3,0.05390007421374321,0
U10359,0,3,0.7782164216041565,1
U10360,0,3,0.4667477011680603,0
U10361,0,1,0.002938104560598731,0
U10362,0,1,0.014311468228697777,0
U10363,0,1,0.0021334397606551647,0
U10364,0,1,0.013414498418569565,0
U10365,0,1,0.014920065179467201,0
U10366,0,1,0.7501707673072815,1
U10367,0,1,0.0036110607907176018,0
U10368,0,1,0.011048050597310066,0
U10369,0,1,0.0808083787560463,0
U10370,0,1,0.01845448650419712,0
U10371,0,1,0.007693985011428595,0
U10372,0,1,0.006446089595556259,0
U10373,0,1,0.015409328043460846,0
U10374,0,1,0.00948931835591793,0
U10375,0,1,0.008155104704201221,0
U10376,0,1,0.004193685948848724,0
U10377,0,1,0.027651969343423843,0
U10378,0,1,0.47604525089263916,0
U10379,0,1,0.03188521787524223,0
U10380,0,1,0.30740758776664734,0
U10381,0,5,0.5148482918739319,1
U10382,0,5,0.03650627285242081,0
U10383,0,5,0.14730851352214813,0
U10384,0,5,0.014325400814414024,0
U10385,0,5,0.010952594690024853,0
U10386,0,5,0.13643121719360352,0
U10387,0,5,0.2374785989522934,0
U10388,0,5,0.05540239065885544,0
U10389,0,5,0.020307114347815514,0
U10390,0,5,0.007990415208041668,0
U10391,0,5,0.007908894680440426,0
U10392,0,5,0.08923552930355072,0
U10393,0,5,0.5117884874343872,1
U10394,0,5,0.013789375312626362,0
U10395,0,5,0.027752377092838287,0
U10396,0,5,0.3711705803871155,0
U10397,0,5,0.04303097724914551,0
U10398,0,5,0.11479473114013672,0
U10399,0,5,0.056586600840091705,0
U10400,0,5,0.043752096593379974,0
U10401,0,2,0.013593906536698341,0
U10402,0,2,0.008658891543745995,0
U10403,0,2,0.0031853860709816217,0
U10404,0,2,0.00558930728584528,0
U10405,0,2,0.02458423189818859,0
U10406,0,2,0.003790999995544553,0
U10407,0,2,0.013161520473659039,0
U10408,0,2,0.007874364964663982,0
U10409,0,2,0.0033343166578561068,0
U10410,0,2,0.01270018145442009,0
U10411,0,2,0.0019939870107918978,0
U10412,0,2,0.010607711039483547,0
U10413,0,2,0.032617487013339996,0
U10414,0,2,0.008348380215466022,0
U10415,0,2,0.003815089352428913,0
U10416,0,2,0.027206938713788986,0
U10417,0,2,0.011727151460945606,0
U10418,0,2,0.005086126271635294,0
U10419,0,2,0.0034383642487227917,0
U10420,0,2,0.15967711806297302,0
U10421,0,2,0.05168252810835838,0
U10422,0,2,0.2122289538383484,0
U10423,0,2,0.36683759093284607,0
U10424,0,2,0.3133222460746765,0
U10425,0,2,0.21969030797481537,0
U10426,0,2,0.23314017057418823,0
U10427,0,2,0.20322422683238983,0
U10428,0,2,0.07329663634300232,0
U10429,0,2,0.04700944200158119,0
U10430,0,2,0.06429028511047363,0
U10431,0,2,0.1010250672698021,0
U10432,0,2,0.20344242453575134,0
U10433,0,2,0.2788837254047394,0
U10434,0,2,0.08850661665201187,0
U10435,0,2,0.005183474160730839,0
U10436,0,2,0.42106834053993225,0
U10437,0,2,0.15662828087806702,0
U10438,0,2,0.12318442016839981,0
U10439,0,2,0.008550139144062996,0
U10440,0,2,0.06939592212438583,0
U10441,0,2,0.02128901705145836,0
U10442,0,2,0.016781991347670555,0
U10443,0,2,0.00881382916122675,0
U10444,0,2,0.006879280786961317,0
U10445,0,2,0.16395244002342224,0
U10446,0,2,0.006946093402802944,0
U10447,0,2,0.0036405124701559544,0
U10448,0,2,0.0014548406470566988,0
U10449,0,2,0.2713789939880371,0
U10450,0,2,0.02159690484404564,0
U10451,0,2,0.03790946677327156,0
U10452,0,2,0.0573636069893837,0
U10453,0,2,0.014827389270067215,0
U10454,0,2,0.009244376793503761,0
U10455,0,2,0.0179736390709877,0
U10456,0,2,0.0038002924993634224,0
U10457,0,2,0.027937084436416626,0
U10458,0,2,0.013716830871999264,0
U10459,0,2,0.00922374427318573,0
U10460,0,2,0.012921498157083988,0
U10461,0,5,0.053725868463516235,0
U10462,0,5,0.013012658804655075,0
U10463,0,5,0.042519461363554,0
U10464,0,5,0.034768324345350266,0
U10465,0,5,0.03460540249943733,0
U10466,0,5,0.04214825853705406,0
U10467,0,5,0.05471032112836838,0
U10468,0,3,0.9488868713378906,1
U10469,0,3,0.008720343932509422,0
U10470,0,3,0.14631235599517822,0
U10471,0,3,0.076148122549057,0
U10472,0,3,0.428029865026474,0
U10473,0,3,0.2568262219429016,0
U10474,0,3,0.0861828550696373,0
U10475,0,3,0.06792175024747849,0
U10476,0,3,0.4544053077697754,0
U10477,0,3,0.17252832651138306,0
U10478,0,3,0.0656999796628952,0
U10479,0,3,0.03761058673262596,0
U10480,0,3,0.18699529767036438,0
U10481,0,3,0.17754706740379333,0
U10482,0,3,0.6294528245925903,1
U10483,0,3,0.09849870204925537,0
U10484,0,3,0.26082172989845276,0
U10485,0,3,0.8496295213699341,1
U10486,0,3,0.2621888816356659,0
U10487,0,3,0.2606894075870514,0
U10488,0,4,0.7293587327003479,1
U10489,0,4,0.6771416068077087,1
U10490,0,4,0.747483491897583,1
U10491,0,4,0.8369840383529663,1
U10492,0,4,0.737851083278656,1
U10493,0,4,0.7222234010696411,1
U10494,0,4,0.7297286987304688,1
U10495,0,4,0.6816844940185547,1
U10496,0,4,0.7334194779396057,1
U10497,0,4,0.867606520652771,1
U10498,0,4,0.725896954536438,1
U10499,0,4,0.6466237306594849,1
U10500,0,4,0.7502340078353882,1
U10501,0,4,0.7150943875312805,1
U10502,0,4,0.6821293830871582,1
U10503,0,4,0.90167236328125,1
U10504,0,4,0.842443585395813,1
U10505,0,4,0.7338851094245911,1
U10506,0,4,0.7637205719947815,1
U10507,0,4,0.7321560978889465,1
U10508,0,3,0.042710475623607635,0
U10509,0,3,0.0226291511207819,0
U10510,0,3,0.049869947135448456,0
U10511,0,3,0.020195577293634415,0
U10512,0,3,0.4861961007118225,0
U10513,0,3,0.0510699488222599,0
U10514,0,3,0.023107051849365234,0
U10515,0,3,0.045571595430374146,0
U10516,0,3,0.08273445814847946,0
U10517,0,3,0.011384766548871994,0
U10518,0,3,0.07974015176296234,0
U10519,0,3,0.028435690328478813,0
U10520,0,3,0.016794811934232712,0
U10521,0,3,0.009574574418365955,0
U10522,0,3,0.11810757219791412,0
U10523,0,3,0.18010100722312927,0
U10524,0,3,0.04741963744163513,0
U10525,0,3,0.04156423360109329,0
U10526,0,3,0.3274270296096802,0
U10527,0,3,0.21924325823783875,0
U10528,0,2,0.07212510704994202,0
U10529,0,2,0.26253458857536316,0
U10530,0,2,0.14684662222862244,0
U10531,0,2,0.23277434706687927,0
U10532,0,2,0.10339315235614777,0
U10533,0,2,0.4126390814781189,0
U10534,0,2,0.1616196632385254,0
U10535,0,2,0.4662500321865082,0
U10536,0,2,0.3632635474205017,0
U10537,0,2,0.11710408329963684,0
U10538,0,2,0.09062974154949188,0
U10539,0,2,0.13080768287181854,0
U10540,0,2,0.17557232081890106,0
U10541,0,2,0.2308153510093689,0
U10542,0,2,0.5230225324630737,1
U10543,0,2,0.1655460000038147,0
U10544,0,2,0.13543570041656494,0
U10545,0,2,0.054894983768463135,0
U10546,0,4,0.022411998361349106,0
U10547,0,4,0.026635389775037766,0
U10548,0,4,0.10678943991661072,0
U10549,0,4,0.039286572486162186,0
U10550,0,4,0.009447603486478329,0
U10551,0,4,0.005130745470523834,0
U10552,0,4,0.005000576376914978,0
U10553,0,4,0.005525669082999229,0
U10554,0,4,0.01044407393783331,0
U10555,0,4,0.09412337839603424,0
U10556,0,4,0.008912722580134869,0
U10557,0,4,0.001517464523203671,0
U10558,0,4,0.0069631957449018955,0
U10559,0,4,0.18864533305168152,0
U10560,0,4,0.007602271623909473,0
U10561,0,4,0.14426720142364502,0
U10562,0,4,0.008360505104064941,0
U10563,0,4,0.00469290092587471,0
U10564,0,4,0.004162569064646959,0
U10565,0,4,0.03197667375206947,0
U10566,0,2,0.3507269620895386,0
U10567,0,2,0.321879118680954,0
U10568,0,2,0.03406079486012459,0
U10569,0,2,0.08553534746170044,0
U10570,0,2,0.042979538440704346,0
U10571,0,2,0.059427015483379364,0
U10572,0,2,0.07835335284471512,0
U10573,0,2,0.19242089986801147,0
U10574,0,2,0.3177124559879303,0
U10575,0,2,0.08987653255462646,0
U10576,0,2,0.02815329283475876,0
U10577,0,2,0.053763989359140396,0
U10578,0,2,0.011648958548903465,0
U10579,0,2,0.26481789350509644,0
U10580,0,2,0.6405702829360962,1
U10581,0,2,0.029694316908717155,0
U10582,0,2,0.055521342903375626,0
U10583,0,2,0.027423912659287453,0
U10584,0,2,0.02981606125831604,0
U10585,0,2,0.022372495383024216,0
U10586,0,4,0.14445573091506958,0
U10587,0,4,0.1830294132232666,0
U10588,0,4,0.2824057936668396,0
U10589,0,4,0.3586406111717224,0
U10590,0,4,0.7615822553634644,1
U10591,0,4,0.4769023656845093,0
U10592,0,4,0.2161976397037506,0
U10593,0,4,0.07893572747707367,0
U10594,0,4,0.6238982677459717,1
U10595,0,4,0.2559465169906616,0
U10596,0,4,0.6498851180076599,1
U10597,0,4,0.19139382243156433,0
U10598,0,4,0.11952152103185654,0
U10599,0,4,0.08886485546827316,0
U10600,0,4,0.39773622155189514,0
U10601,0,4,0.7778575420379639,1
U10602,0,4,0.6542927622795105,1
U10603,0,4,0.8209819197654724,1
U10604,0,4,0.16029991209506989,0
U10605,0,4,0.13120624423027039,0
U10606,0,2,0.003563757985830307,0
U10607,0,2,0.010505777783691883,0
U10608,0,2,0.007493763230741024,0
U10609,0,2,0.007882704958319664,0
U10610,0,2,0.06988084316253662,0
U10611,0,2,0.03315076231956482,0
U10612,0,2,0.06607130914926529,0
U10613,0,2,0.005598127841949463,0
U10614,0,2,0.00459552276879549,0
U10615,0,2,0.010423353873193264,0
U10616,0,2,0.013963595032691956,0
U10617,0,2,0.053495753556489944,0
U10618,0,2,0.004075387958437204,0
U10619,0,2,0.004438435193151236,0
U10620,0,2,0.17060109972953796,0
U10621,0,2,0.7853636741638184,1
U10622,0,2,0.12957966327667236,0
U10623,0,2,0.012312999926507473,0
U10624,0,2,0.005206088535487652,0
U10625,0,2,0.09200331568717957,0
U10626,0,2,0.9695535898208618,1
U10627,0,2,0.17838788032531738,0
U10628,0,2,0.07880765944719315,0
U10629,0,2,0.007890771143138409,0
U10630,0,2,0.4425828456878662,0
U10631,0,2,0.09178143739700317,0
U10632,0,2,0.8436087965965271,1
U10633,0,2,0.03529633209109306,0
U10634,0,2,0.09764266014099121,0
U10635,0,2,0.6982182264328003,1
U10636,0,2,0.0035534012131392956,0
U10637,0,2,0.007705106399953365,0
U10638,0,2,0.6405034065246582,1
U10639,0,2,0.008240562863647938,0
U10640,0,2,0.9463656544685364,1
U10641,0,2,0.015091638080775738,0
U10642,0,2,0.01261946838349104,0
U10643,0,2,0.9489737749099731,1
U10644,0,2,0.13752871751785278,0
U10645,0,2,0.03047163598239422,0
U10646,0,1,0.008632151409983635,0
U10647,0,1,0.22089222073554993,0
U10648,0,1,0.708026647567749,1
U10649,0,1,0.017071057111024857,0
U10650,0,1,0.2461213767528534,0
U10651,0,1,0.0051001375541090965,0
U10652,0,1,0.0269240140914917,0
U10653,0,1,0.008751511573791504,0
U10654,0,1,0.6943684816360474,1
U10655,0,1,0.028017209842801094,0
U10656,0,1,0.046414975076913834,0
U10657,0,1,0.02627955749630928,0
U10658,0,1,0.060429517179727554,0
U10659,0,1,0.14605948328971863,0
U10660,0,1,0.09541098773479462,0
U10661,0,1,0.4703678488731384,0
U10662,0,1,0.008693943731486797,0
U10663,0,1,0.002028353977948427,0
U10664,0,1,0.8672982454299927,1
U10665,0,1,0.06001085788011551,0
U10666,0,2,0.022601649165153503,0
U10667,0,2,0.0366433821618557,0
U10668,0,2,0.04292844235897064,0
U10669,0,2,0.011805452406406403,0
U10670,0,2,0.023339610546827316,0
U10671,0,2,0.017385074868798256,0
U10672,0,2,0.04030509293079376,0
U10673,0,2,0.009780075401067734,0
U10674,0,2,0.029596220701932907,0
U10675,0,2,0.013037022203207016,0
U10676,0,2,0.022868379950523376,0
U10677,0,2,0.03598883002996445,0
U10678,0,2,0.01900683343410492,0
U10679,0,2,0.04634842276573181,0
U10680,0,2,0.011917190626263618,0
U10681,0,2,0.01927698403596878,0
U10682,0,2,0.012326033785939217,0
U10683,0,2,0.027229182422161102,0
U10684,0,2,0.02756195142865181,0
U10685,0,2,0.006240251008421183,0
U10686,0,2,0.06359976530075073,0
U10687,0,2,0.002682069316506386,0
U10688,0,2,0.009106104262173176,0
U10689,0,2,0.0011500624241307378,0
U10690,0,2,0.030865885317325592,0
U10691,0,2,0.0021623645443469286,0
U10692,0,2,0.0037889881059527397,0
U10693,0,2,0.07151742279529572,0
U10694,0,2,0.007800511550158262,0
U10695,0,2,0.08056606352329254,0
U10696,0,2,0.02991941012442112,0
U10697,0,2,0.027468595653772354,0
U10698,0,2,0.034330666065216064,0
U10699,0,2,0.002996607683598995,0
U10700,0,2,0.004826994612812996,0
U10701,0,2,0.005850641988217831,0
U10702,0,2,0.02550303004682064,0
U10703,0,2,0.010158717632293701,0
U10704,0,2,0.018205350264906883,0
U10705,0,2,0.0017084337305277586,0
U10706,0,2,0.053438521921634674,0
U10707,0,2,0.17261208593845367,0
U10708,0,2,0.42581671476364136,0
U10709,0,2,0.31149324774742126,0
U10710,0,2,0.168901726603508,0
U10711,0,2,0.16057881712913513,0
U10712,0,2,0.006365824490785599,0
U10713,0,2,0.03115738369524479,0
U10714,0,2,0.7377029061317444,1
U10715,0,2,0.08620024472475052,0
U10716,0,2,0.21821001172065735,0
U10717,0,2,0.005606635473668575,0
U10718,0,2,0.0043442328460514545,0
U10719,0,2,0.11074186116456985,0
U10720,0,2,0.7264035940170288,1
U10721,0,2,0.48620596528053284,0
U10722,0,2,0.02830297127366066,0
U10723,0,2,0.8527964353561401,1
U10724,0,2,0.003512726631015539,0
U10725,0,2,0.047208938747644424,0
U10726,0,3,0.7620065808296204,1
U10727,0,3,0.5818158388137817,1
U10728,0,3,0.4620841145515442,0
U10729,0,3,0.7036304473876953,1
U10730,0,3,0.06720618158578873,0
U10731,0,3,0.4151056408882141,0
U10732,0,3,0.07806752622127533,0
U10733,0,3,0.524369478225708,1
U10734,0,3,0.6468626260757446,1
U10735,0,3,0.19597020745277405,0
U10736,0,3,0.30858686566352844,0
U10737,0,3,0.04451434686779976,0
U10738,0,3,0.015964895486831665,0
U10739,0,3,0.048417456448078156,0
U10740,0,3,0.6500259637832642,1
U10741,0,3,0.13035139441490173,0
U10742,0,3,0.07561984658241272,0
U10743,0,3,0.16181680560112,0
U10744,0,3,0.025527752935886383,0
U10745,0,3,0.026895644143223763,0
U10746,0,3,0.6163613200187683,1
U10747,0,3,0.17994581162929535,0
U10748,0,3,0.029290806502103806,0
U10749,0,3,0.027343299239873886,0
U10750,0,3,0.013718869537115097,0
U10751,0,3,0.02087811753153801,0
U10752,0,3,0.10403642058372498,0
U10753,0,3,0.011223661713302135,0
U10754,0,3,0.11999949812889099,0
U10755,0,3,0.004944579675793648,0
U10756,0,3,0.9837259650230408,1
U10757,0,3,0.1694599986076355,0
U10758,0,3,0.019949067384004593,0
U10759,0,3,0.005578705109655857,0
U10760,0,3,0.012154536321759224,0
U10761,0,3,0.013034561648964882,0
U10762,0,3,0.08665136992931366,0
U10763,0,3,0.013860429637134075,0
U10764,0,3,0.008914386853575706,0
U10765,0,3,0.16923700273036957,0
U10766,0,1,0.00204873108305037,0
U10767,0,1,0.0015253296587616205,0
U10768,0,1,0.0030776422936469316,0
U10769,0,1,0.0064972518011927605,0
U10770,0,1,0.015496223233640194,0
U10771,0,1,0.006462724879384041,0
U10772,0,1,0.0009124759817495942,0
U10773,0,1,0.010374895296990871,0
U10774,0,1,0.03320953994989395,0
U10775,0,1,0.0034429761581122875,0
U10776,0,1,0.0032166517339646816,0
U10777,0,1,0.0030284379608929157,0
U10778,0,1,0.008105969056487083,0
U10779,0,1,0.11838877201080322,0
U10780,0,1,0.0021490268409252167,0
U10781,0,1,0.3273818790912628,0
U10782,0,1,0.008721779100596905,0
U10783,0,1,0.021151341497898102,0
U10784,0,1,0.006407052278518677,0
U10785,0,1,0.0034384806640446186,0
U10786,0,3,0.16875936090946198,0
U10787,0,3,0.01460929773747921,0
U10788,0,3,0.018876321613788605,0
U10789,0,3,0.044282376766204834,0
U10790,0,3,0.06304949522018433,0
U10791,0,3,0.023838279768824577,0
U10792,0,3,0.008690553717315197,0
U10793,0,3,0.013341700658202171,0
U10794,0,3,0.06918197870254517,0
U10795,0,3,0.12794435024261475,0
U10796,0,3,0.02087673917412758,0
U10797,0,3,0.01734035275876522,0
U10798,0,3,0.002169010229408741,0
U10799,0,3,0.040258295834064484,0
U10800,0,3,0.019300077110528946,0
U10801,0,3,0.017467353492975235,0
U10802,0,3,0.26257574558258057,0
U10803,0,3,0.14253482222557068,0
U10804,0,3,0.25168082118034363,0
U10805,0,3,0.2480475902557373,0
U10806,0,1,0.06813746690750122,0
U10807,0,1,0.05450461059808731,0
U10808,0,1,0.022700902074575424,0
U10809,0,1,0.05243579298257828,0
U10810,0,1,0.036206357181072235,0
U10811,0,1,0.04446367174386978,0
U10812,0,1,0.3333246111869812,0
U10813,0,1,0.041857361793518066,0
U10814,0,1,0.03346327319741249,0
U10815,0,1,0.029136665165424347,0
U10816,0,1,0.030978484079241753,0
U10817,0,1,0.025128699839115143,0
U10818,0,1,0.25569644570350647,0
U10819,0,1,0.13147568702697754,0
U10820,0,1,0.06430934369564056,0
U10821,0,1,0.11456307023763657,0
U10822,0,1,0.06417183578014374,0
U10823,0,1,0.015560949221253395,0
U10824,0,1,0.23220784962177277,0
U10825,0,1,0.08801491558551788,0
U10826,0,3,0.0033287343103438616,0
U10827,0,3,0.03292939066886902,0
U10828,0,3,0.012960848398506641,0
U10829,0,3,0.028531085699796677,0
U10830,0,3,0.0311348345130682,0
U10831,0,3,0.02285725250840187,0
U10832,0,3,0.00739175034686923,0
U10833,0,3,0.030709147453308105,0
U10834,0,3,0.045103516429662704,0
U10835,0,3,0.042586155235767365,0
U10836,0,3,0.07731589674949646,0
U10837,0,3,0.0247720405459404,0
U10838,0,3,0.0051991562359035015,0
U10839,0,3,0.026892900466918945,0
U10840,0,3,0.010582593269646168,0
U10841,0,3,0.021984800696372986,0
U10842,0,3,0.007550341542810202,0
U10843,0,3,0.009916068986058235,0
U10844,0,3,0.005108187440782785,0
U10845,0,3,0.1312534511089325,0
U10846,0,3,0.025900980457663536,0
U10847,0,3,0.007029937580227852,0
U10848,0,3,0.2631233334541321,0
U10849,0,3,0.172707661986351,0
U10850,0,3,0.4087919592857361,0
U10851,0,3,0.07085384428501129,0
U10852,0,3,0.0734543576836586,0
U10853,0,3,0.015604306943714619,0
U10854,0,3,0.03683379292488098,0
U10855,0,3,0.11606152355670929,0
U10856,0,3,0.07240543514490128,0
U10857,0,3,0.026440242305397987,0
U10858,0,3,0.042851485311985016,0
U10859,0,3,0.010434037074446678,0
U10860,0,3,0.5849618911743164,1
U10861,0,3,0.03259085863828659,0
U10862,0,3,0.02453557401895523,0
U10863,0,3,0.01011981163173914,0
U10864,0,3,0.01465712208300829,0
U10865,0,3,0.02909374237060547,0
U10866,0,1,0.13487417995929718,0
U10867,0,1,0.7379163503646851,1
U10868,0,1,0.2228449136018753,0
U10869,0,1,0.6390852332115173,1
U10870,0,1,0.9372265934944153,1
U10871,0,1,0.6066910028457642,1
U10872,0,1,0.03718859329819679,0
U10873,0,1,0.7595289945602417,1
U10874,0,1,0.4962496757507324,0
U10875,0,1,0.7278647422790527,1
U10876,0,1,0.42512792348861694,0
U10877,0,1,0.7806308269500732,1
U10878,0,1,0.1577741503715515,0
U10879,0,1,0.806294322013855,1
U10880,0,1,0.16400039196014404,0
U10881,0,1,0.48856276273727417,0
U10882,0,1,0.41784900426864624,0
U10883,0,1,0.5078720450401306,1
U10884,0,1,0.7982155084609985,1
U10885,0,1,0.5748799443244934,1
U10886,0,4,0.11657081544399261,0
U10887,0,4,0.2413794845342636,0
U10888,0,4,0.1863919347524643,0
U10889,0,4,0.1215357631444931,0
U10890,0,4,0.4412594735622406,0
U10891,0,4,0.22586290538311005,0
U10892,0,4,0.014296400360763073,0
U10893,0,4,0.045895665884017944,0
U10894,0,4,0.1155543327331543,0
U10895,0,4,0.36625444889068604,0
U10896,0,4,0.014518908224999905,0
U10897,0,4,0.0011857327772304416,0
U10898,0,4,0.0045197829604148865,0
U10899,0,4,0.10444389283657074,0
U10900,0,4,0.30155062675476074,0
U10901,0,4,0.3390243351459503,0
U10902,0,4,0.11853010952472687,0
U10903,0,4,0.16222262382507324,0
U10904,0,4,0.1473129838705063,0
U10905,0,4,0.09045525640249252,0
U10906,0,4,0.833613395690918,1
U10907,0,4,0.9601214528083801,1
U10908,0,4,0.9051498174667358,1
U10909,0,4,0.8352420926094055,1
U10910,0,4,0.939219057559967,1
U10911,0,4,0.9477872848510742,1
U10912,0,4,0.9766920208930969,1
U10913,0,1,0.5841240286827087,1
U10914,0,1,0.8230107426643372,1
U10915,0,1,0.6513258814811707,1
U10916,0,1,0.594659686088562,1
U10917,0,3,0.23664185404777527,0
U10918,0,3,0.11075073480606079,0
U10919,0,3,0.0010055520106106997,0
U10920,0,3,0.005668713711202145,0
U10921,0,3,0.020858971402049065,0
U10922,0,3,0.014443855732679367,0
U10923,0,3,0.002057234523817897,0
U10924,0,3,0.008573750965297222,0
U10925,0,3,0.36781784892082214,0
U10926,0,3,0.0012067969655618072,0
U10927,0,3,0.0008938930695876479,0
U10928,0,3,0.014145567081868649,0
U10929,0,3,0.028958162292838097,0
U10930,0,3,0.0009129645768553019,0
U10931,0,3,0.3486129939556122,0
U10932,0,3,0.1706673800945282,0
U10933,0,3,0.0034461289178580046,0
U10934,0,3,0.05089530348777771,0
U10935,0,3,0.14311645925045013,0
U10936,0,3,0.003525121370330453,0
U10937,0,1,0.34121572971343994,0
U10938,0,1,0.17303164303302765,0
U10939,0,1,0.07334403693675995,0
U10940,0,1,0.08313211798667908,0
U10941,0,1,0.08753734827041626,0
U10942,0,1,0.6879940629005432,1
U10943,0,1,0.803980827331543,1
U10944,0,1,0.05691651254892349,0
U10945,0,1,0.6042866706848145,1
U10946,0,1,0.657963752746582,1
U10947,0,1,0.3189724385738373,0
U10948,0,1,0.8114603161811829,1
U10949,0,1,0.5960874557495117,1
U10950,0,1,0.7718895673751831,1
U10951,0,1,0.3264578878879547,0
U10952,0,1,0.2124617099761963,0
U10953,0,1,0.10546038299798965,0
U10954,0,1,0.07461389899253845,0
U10955,0,1,0.5258016586303711,1
U10956,0,1,0.17090897262096405,0
U10957,0,1,0.13204434514045715,0
U10958,0,1,0.06174217537045479,0
U10959,0,1,0.09539929032325745,0
U10960,0,1,0.05171272158622742,0
U10961,0,1,0.0760272890329361,0
U10962,0,1,0.07754775881767273,0
U10963,0,1,0.022038832306861877,0
U10964,0,1,0.026554128155112267,0
U10965,0,1,0.05414189398288727,0
U10966,0,1,0.07560893893241882,0
U10967,0,1,0.08494158089160919,0
U10968,0,1,0.23764023184776306,0
U10969,0,1,0.0917426198720932,0
U10970,0,1,0.13224098086357117,0
U10971,0,1,0.0756160318851471,0
U10972,0,1,0.08095072954893112,0
U10973,0,1,0.14109459519386292,0
U10974,0,1,0.0706062987446785,0
U10975,0,1,0.09465599060058594,0
U10976,0,1,0.17707207798957825,0
U10977,0,5,0.030734214931726456,0
U10978,0,5,0.06196501478552818,0
U10979,0,5,0.10900156199932098,0
U10980,0,5,0.08406621962785721,0
U10981,0,5,0.5952980518341064,1
U10982,0,5,0.025793001055717468,0
U10983,0,5,0.11076657474040985,0
U10984,0,5,0.07847455888986588,0
U10985,0,5,0.3504960536956787,0
U10986,0,5,0.48202115297317505,0
U10987,0,5,0.07893377542495728,0
U10988,0,5,0.020080041140317917,0
U10989,0,5,0.2921261489391327,0
U10990,0,5,0.210622176527977,0
U10991,0,5,0.0388813354074955,0
U10992,0,5,0.02682955004274845,0
U10993,0,5,0.15931245684623718,0
U10994,0,5,0.09419429302215576,0
U10995,0,5,0.008699621073901653,0
U10996,0,5,0.120872363448143,0
U10997,0,5,0.23994113504886627,0
U10998,0,5,0.11936996877193451,0
U10999,0,5,0.053042396903038025,0
U11000,0,5,0.07349686324596405,0
U11001,0,5,0.09487451612949371,0
U11002,0,5,0.05463417246937752,0
U11003,0,5,0.10506953299045563,0
U11004,0,5,0.0631474182009697,0
U11005,0,5,0.06791891157627106,0
U11006,0,5,0.01477360911667347,0
U11007,0,5,0.03626222908496857,0
U11008,0,5,0.1572260558605194,0
U11009,0,5,0.010647735558450222,0
U11010,0,5,0.1752280294895172,0
U11011,0,5,0.29290714859962463,0
U11012,0,5,0.08228177577257156,0
U11013,0,5,0.021574458107352257,0
U11014,0,5,0.05317240580916405,0
U11015,0,5,0.0774604007601738,0
U11016,0,5,0.1901600956916809,0
U11017,0,1,0.37862828373908997,0
U11018,0,1,0.09290614724159241,0
U11019,0,1,0.1434279978275299,0
U11020,0,1,0.051707834005355835,0
U11021,0,1,0.23503252863883972,0
U11022,0,1,0.13879960775375366,0
U11023,0,1,0.7284018993377686,1
U11024,0,1,0.8150900602340698,1
U11025,0,1,0.6806381940841675,1
U11026,0,1,0.27376657724380493,0
U11027,0,1,0.8383923768997192,1
U11028,0,1,0.8880234956741333,1
U11029,0,1,0.6660454273223877,1
U11030,0,1,0.9292747974395752,1
U11031,0,1,0.6167891621589661,1
U11032,0,1,0.1383572667837143,0
U11033,0,1,0.14115434885025024,0
U11034,0,1,0.025020768865942955,0
U11035,0,1,0.09794972836971283,0
U11036,0,1,0.43217119574546814,0
U11037,0,2,0.690290093421936,1
U11038,0,2,0.0996258556842804,0
U11039,0,2,0.9454140663146973,1
U11040,0,2,0.8325031995773315,1
U11041,0,2,0.9702004194259644,1
U11042,0,2,0.7197778224945068,1
U11043,0,2,0.7582494616508484,1
U11044,0,2,0.08058159053325653,0
U11045,0,2,0.06555645167827606,0
U11046,0,2,0.10560047626495361,0
U11047,0,2,0.6841049194335938,1
U11048,0,2,0.9407092928886414,1
U11049,0,2,0.9234578609466553,1
U11050,0,2,0.9749110341072083,1
U11051,0,2,0.3016020357608795,0
U11052,0,2,0.892523467540741,1
U11053,0,2,0.6538493633270264,1
U11054,0,2,0.023080794140696526,0
U11055,0,2,0.920727014541626,1
U11056,0,2,0.5785728693008423,1
U11057,0,1,0.03937327489256859,0
U11058,0,1,0.015348034910857677,0
U11059,0,1,0.01573370210826397,0
U11060,0,1,0.03487984836101532,0
U11061,0,1,0.025062065571546555,0
U11062,0,1,0.020939763635396957,0
U11063,0,1,0.005996548570692539,0
U11064,0,1,0.022783976048231125,0
U11065,0,1,0.003049614140763879,0
U11066,0,1,0.0688335970044136,0
U11067,0,1,0.011583555489778519,0
U11068,0,1,0.00476957019418478,0
U11069,0,1,0.0378059521317482,0
U11070,0,1,0.03428875654935837,0
U11071,0,1,0.031877078115940094,0
U11072,0,1,0.044902872294187546,0
U11073,0,1,0.01815931499004364,0
U11074,0,1,0.020522644743323326,0
U11075,0,1,0.007013772614300251,0
U11076,0,1,0.020258057862520218,0
U11077,0,3,0.0034161279909312725,0
U11078,0,3,0.015544379130005836,0
U11079,0,3,0.006509329658001661,0
U11080,0,3,0.007849175482988358,0
U11081,0,3,0.005211593583226204,0
U11082,0,3,0.005066364537924528,0
U11083,0,3,0.005851333495229483,0
U11084,0,3,0.00838299747556448,0
U11085,0,3,0.01204158365726471,0
U11086,0,3,0.006752133369445801,0
U11087,0,3,0.006843980401754379,0
U11088,0,3,0.0037865350022912025,0
U11089,0,3,0.007573491893708706,0
U11090,0,3,0.007338648661971092,0
U11091,0,3,0.004596359562128782,0
U11092,0,3,0.0051847281865775585,0
U11093,0,3,0.0028957233298569918,0
U11094,0,3,0.2723413109779358,0
U11095,0,3,0.005248973146080971,0
U11096,0,3,0.006406151223927736,0
U11097,0,3,0.8852906227111816,1
U11098,0,3,0.04632449150085449,0
U11099,0,3,0.028234470635652542,0
U11100,0,3,0.10632211714982986,0
U11101,0,3,0.3074699640274048,0
U11102,0,3,0.03276326134800911,0
U11103,0,3,0.10419353097677231,0
U11104,0,3,0.05211486667394638,0
U11105,0,3,0.0694730207324028,0
U11106,0,3,0.04724135622382164,0
U11107,0,3,0.024807577952742577,0
U11108,0,3,0.026879919692873955,0
U11109,0,3,0.1577835977077484,0
U11110,0,3,0.11284381151199341,0
U11111,0,3,0.07884655892848969,0
U11112,0,3,0.032542884349823,0
U11113,0,3,0.052383873611688614,0
U11114,0,3,0.07173331826925278,0
U11115,0,3,0.08856342732906342,0
U11116,0,3,0.47107580304145813,0
U11117,0,1,0.23880574107170105,0
U11118,0,1,0.08939676731824875,0
U11119,0,1,0.07977117598056793,0
U11120,0,1,0.03141426667571068,0
U11121,0,1,0.09627345204353333,0
U11122,0,1,0.023320261389017105,0
U11123,0,1,0.5412216782569885,1
U11124,0,1,0.04007862135767937,0
U11125,0,1,0.01117776706814766,0
U11126,0,1,0.007877497002482414,0
U11127,0,1,0.10136627405881882,0
U11128,0,1,0.015873432159423828,0
U11129,0,1,0.615004301071167,1
U11130,0,1,0.01624087244272232,0
U11131,0,1,0.016883833333849907,0
U11132,0,1,0.06797222048044205,0
U11133,0,1,0.4526796042919159,0
U11134,0,1,0.1618531346321106,0
U11135,0,1,0.007617451716214418,0
U11136,0,1,0.03835240751504898,0
U11137,0,4,0.24143728613853455,0
U11138,0,4,0.0180914718657732,0
U11139,0,4,0.8552348613739014,1
U11140,0,4,0.865376889705658,1
U11141,0,4,0.020976899191737175,0
U11142,0,4,0.9696645736694336,1
U11143,0,4,0.06791069358587265,0
U11144,0,4,0.20924609899520874,0
U11145,0,4,0.008017191663384438,0
U11146,0,4,0.8484950661659241,1
U11147,0,4,0.007751503027975559,0
U11148,0,4,0.02221662923693657,0
U11149,0,4,0.004164845682680607,0
U11150,0,4,0.5991889238357544,1
U11151,0,4,0.8375034928321838,1
U11152,0,4,0.019108789041638374,0
U11153,0,4,0.8548369407653809,1
U11154,0,4,0.00939181912690401,0
U11155,0,4,0.00897014606744051,0
U11156,0,4,0.8378271460533142,1
U11157,0,4,0.12388228625059128,0
U11158,0,4,0.014251245185732841,0
U11159,0,4,0.026550156995654106,0
U11160,0,4,0.0027174276765435934,0
U11161,0,4,0.0676722452044487,0
U11162,0,4,0.03994039446115494,0
U11163,0,4,0.0038009420968592167,0
U11164,0,4,0.047487773001194,0
U11165,0,4,0.12400904297828674,0
U11166,0,4,0.05310938134789467,0
U11167,0,4,0.020302562043070793,0
U11168,0,4,0.07455994188785553,0
U11169,0,4,0.23255574703216553,0
U11170,0,4,0.12340645492076874,0
U11171,0,4,0.046473097056150436,0
U11172,0,4,0.05501065403223038,0
U11173,0,4,0.04092378169298172,0
U11174,0,4,0.14045843482017517,0
U11175,0,4,0.027159549295902252,0
U11176,0,4,0.014589956030249596,0
U11177,0,4,0.023773346096277237,0
U11178,0,4,0.0073166280053555965,0
U11179,0,4,0.03269229456782341,0
U11180,0,4,0.0791403129696846,0
U11181,0,4,0.013655126094818115,0
U11182,0,4,0.008957517333328724,0
U11183,0,4,0.010518488474190235,0
U11184,0,4,0.035460151731967926,0
U11185,0,4,0.00481499033048749,0
U11186,0,4,0.02018621936440468,0
U11187,0,4,0.003296620910987258,0
U11188,0,4,0.007865159772336483,0
U11189,0,4,0.11310384422540665,0
U11190,0,4,0.04217464476823807,0
U11191,0,4,0.021519305184483528,0
U11192,0,4,0.0593864805996418,0
U11193,0,4,0.004801516886800528,0
U11194,0,4,0.516841471195221,1
U11195,0,4,0.03342648223042488,0
U11196,0,4,0.06684768199920654,0
U11197,0,2,0.022976577281951904,0
U11198,0,2,0.11616186052560806,0
U11199,0,2,0.038420043885707855,0
U11200,0,2,0.08689229190349579,0
U11201,0,2,0.10814828425645828,0
U11202,0,2,0.31230074167251587,0
U11203,0,2,0.05779319256544113,0
U11204,0,2,0.39620235562324524,0
U11205,0,2,0.08033113181591034,0
U11206,0,2,0.027062587440013885,0
U11207,0,2,0.15274469554424286,0
U11208,0,2,0.09838256239891052,0
U11209,0,2,0.43414050340652466,0
U11210,0,2,0.23609448969364166,0
U11211,0,2,0.11935901641845703,0
U11212,0,2,0.03085613250732422,0
U11213,0,2,0.06777539849281311,0
U11214,0,2,0.3344155550003052,0
U11215,0,2,0.1879187971353531,0
U11216,0,2,0.33677905797958374,0
U11217,0,4,0.017696350812911987,0
U11218,0,4,0.19682344794273376,0
U11219,0,4,0.00984889455139637,0
U11220,0,4,0.0008728879038244486,0
U11221,0,4,0.09011882543563843,0
U11222,0,4,0.007156779989600182,0
U11223,0,4,0.3427378833293915,0
U11224,0,4,0.0032607067842036486,0
U11225,0,4,0.028418438509106636,0
U11226,0,4,0.3273780345916748,0
U11227,0,4,0.8016973733901978,1
U11228,0,4,0.011841746047139168,0
U11229,0,4,0.0025353552773594856,0
U11230,0,4,0.0034557085018604994,0
U11231,0,4,0.15159204602241516,0
U11232,0,4,0.7326056361198425,1
U11233,0,4,0.14239872992038727,0
U11234,0,4,0.00732414098456502,0
U11235,0,4,0.009161426685750484,0
U11236,0,4,0.27108895778656006,0
U11237,0,4,0.4183008670806885,0
U11238,0,4,0.04413451999425888,0
U11239,0,4,0.12337279319763184,0
U11240,0,4,0.46423208713531494,0
U11241,0,4,0.00390431797131896,0
U11242,0,4,0.09984709322452545,0
U11243,0,4,0.026074016466736794,0
U11244,0,4,0.006264473777264357,0
U11245,0,4,0.030258823186159134,0
U11246,0,4,0.7986814975738525,1
U11247,0,4,0.029791230335831642,0
U11248,0,4,0.0833529531955719,0
U11249,0,4,0.03283398970961571,0
U11250,0,4,0.13130778074264526,0
U11251,0,4,0.0034075623843818903,0
U11252,0,4,0.007696447893977165,0
U11253,0,4,0.008845639415085316,0
U11254,0,4,0.014953471720218658,0
U11255,0,4,0.1857517659664154,0
U11256,0,4,0.7977299094200134,1
U11257,0,1,0.01714787259697914,0
U11258,0,1,0.01536678895354271,0
U11259,0,1,0.1307258903980255,0
U11260,0,1,0.021359523758292198,0
U11261,0,3,0.005279484670609236,0
U11262,0,3,0.005733089987188578,0
U11263,0,3,0.005437106359750032,0
U11264,0,3,0.006321229040622711,0
U11265,0,3,0.006296461448073387,0
U11266,0,3,0.006837256718426943,0
U11267,0,3,0.005713938735425472,0
U11268,0,3,0.00849226489663124,0
U11269,0,3,0.04401900991797447,0
U11270,0,3,0.008707871660590172,0
U11271,0,3,0.009976068511605263,0
U11272,0,3,0.005503577645868063,0
U11273,0,3,0.005842709448188543,0
U11274,0,3,0.012591710314154625,0
U11275,0,3,0.02285977452993393,0
U11276,0,3,0.0021511088125407696,0
U11277,0,3,0.006176882889121771,0
U11278,0,3,0.00787922739982605,0
U11279,0,3,0.02724466659128666,0
U11280,0,3,0.02340473234653473,0
U11281,0,3,0.17968960106372833,0
U11282,0,3,0.013194885104894638,0
U11283,0,3,0.5813788175582886,1
U11284,0,3,0.09112183749675751,0
U11285,0,3,0.011637413874268532,0
U11286,0,3,0.008869470097124577,0
U11287,0,3,0.4655974805355072,0
U11288,0,3,0.013302724808454514,0
U11289,0,3,0.00855804979801178,0
U11290,0,3,0.00820973515510559,0
U11291,0,3,0.019388673827052116,0
U11292,0,3,0.036486588418483734,0
U11293,0,3,0.9509379863739014,1
U11294,0,3,0.27821749448776245,0
U11295,0,3,0.6149734258651733,1
U11296,0,3,0.39035701751708984,0
U11297,0,3,0.010296727530658245,0
U11298,0,3,0.02349909022450447,0
U11299,0,3,0.014927462674677372,0
U11300,0,3,0.013910406269133091,0
U11301,0,4,0.029707282781600952,0
U11302,0,4,0.006741401273757219,0
U11303,0,4,0.003991357516497374,0
U11304,0,4,0.03398020565509796,0
U11305,0,4,0.01601000875234604,0
U11306,0,4,0.1914617270231247,0
U11307,0,4,0.004327763337641954,0
U11308,0,4,0.020583337172865868,0
U11309,0,4,0.0034141798969358206,0
U11310,0,4,0.04973747208714485,0
U11311,0,4,0.03816045820713043,0
U11312,0,4,0.010081060230731964,0
U11313,0,4,0.07526244223117828,0
U11314,0,4,0.017243392765522003,0
U11315,0,4,0.04472246766090393,0
U11316,0,4,0.012055935338139534,0
U11317,0,4,0.008448850363492966,0
U11318,0,4,0.021145518869161606,0
U11319,0,4,0.041712436825037,0
U11320,0,4,0.016917157918214798,0
U11321,0,3,0.4347403347492218,0
U11322,0,3,0.8360119462013245,1
U11323,0,3,0.6050125360488892,1
U11324,0,3,0.923958957195282,1
U11325,0,3,0.6589539051055908,1
U11326,0,3,0.7925896644592285,1
U11327,0,3,0.568558931350708,1
U11328,0,3,0.3041744828224182,0
U11329,0,3,0.8403642177581787,1
U11330,0,3,0.7374886274337769,1
U11331,0,3,0.2551109194755554,0
U11332,0,3,0.5098807215690613,1
U11333,0,3,0.9376829266548157,1
U11334,0,3,0.7903719544410706,1
U11335,0,3,0.4423796832561493,0
U11336,0,3,0.43809282779693604,0
U11337,0,3,0.5574114322662354,1
U11338,0,3,0.5990802049636841,1
U11339,0,3,0.6298990249633789,1
U11340,0,3,0.5018068552017212,1
U11341,0,4,0.008360931649804115,0
U11342,0,4,0.02161189168691635,0
U11343,0,4,0.08108468353748322,0
U11344,0,4,0.016487501561641693,0
U11345,0,4,0.03168134391307831,0
U11346,0,4,0.005336555186659098,0
U11347,0,4,0.039995189756155014,0
U11348,0,4,0.031242046505212784,0
U11349,0,4,0.012211577035486698,0
U11350,0,4,0.03164168819785118,0
U11351,0,4,0.047513216733932495,0
U11352,0,4,0.026751060038805008,0
U11353,0,4,0.01861600950360298,0
U11354,0,4,0.07606091350317001,0
U11355,0,4,0.019163543358445168,0
U11356,0,4,0.06756530702114105,0
U11357,0,4,0.008550926111638546,0
U11358,0,4,0.008604033850133419,0
U11359,0,4,0.021446023136377335,0
U11360,0,4,0.07938826084136963,0
U11361,0,1,0.006894683465361595,0
U11362,0,1,0.010186765342950821,0
U11363,0,1,0.0049075656570494175,0
U11364,0,1,0.006686067208647728,0
U11365,0,1,0.030285505577921867,0
U11366,0,1,0.020148562267422676,0
U11367,0,1,0.00962807983160019,0
U11368,0,1,0.011126626282930374,0
U11369,0,1,0.002264720154926181,0
U11370,0,1,0.004754832945764065,0
U11371,0,1,0.003918821923434734,0
U11372,0,1,0.010909372009336948,0
U11373,0,1,0.009302901104092598,0
U11374,0,1,0.00907883606851101,0
U11375,0,1,0.009241195395588875,0
U11376,0,1,0.007670023012906313,0
U11377,0,1,0.013753773644566536,0
U11378,0,1,0.01873212680220604,0
U11379,0,1,0.0044121285900473595,0
U11380,0,1,0.005481238476932049,0
U11381,0,4,0.030454454943537712,0
U11382,0,4,0.009043673984706402,0
U11383,0,4,0.006850094068795443,0
U11384,0,4,0.03499144688248634,0
U11385,0,4,0.04031031206250191,0
U11386,0,4,0.03422442451119423,0
U11387,0,4,0.1815551519393921,0
U11388,0,4,0.026240814477205276,0
U11389,0,4,0.03023277223110199,0
U11390,0,4,0.007899004966020584,0
U11391,0,4,0.027956930920481682,0
U11392,0,4,0.2082192599773407,0
U11393,0,4,0.023440806195139885,0
U11394,0,4,0.026202891021966934,0
U11395,0,4,0.034945327788591385,0
U11396,0,4,0.019503284245729446,0
U11397,0,4,0.028031568974256516,0
U11398,0,4,0.008425215259194374,0
U11399,0,4,0.141124427318573,0
U11400,0,4,0.006419384386390448,0
U11401,0,4,0.05895629897713661,0
U11402,0,4,0.034753236919641495,0
U11403,0,4,0.25229427218437195,0
U11404,0,4,0.19320455193519592,0
U11405,0,4,0.00700113782659173,0
U11406,0,4,0.06814182549715042,0
U11407,0,4,0.05697890743613243,0
U11408,0,4,0.024144064635038376,0
U11409,0,4,0.07398070394992828,0
U11410,0,4,0.42413103580474854,0
U11411,0,4,0.09484075009822845,0
U11412,0,4,0.019739681854844093,0
U11413,0,4,0.07262536138296127,0
U11414,0,4,0.07064234465360641,0
U11415,0,4,0.11888453364372253,0
U11416,0,4,0.0246659517288208,0
U11417,0,4,0.08981640636920929,0
U11418,0,4,0.1508312225341797,0
U11419,0,4,0.023540901020169258,0
U11420,0,4,0.14214596152305603,0
U11421,0,5,0.03522837162017822,0
U11422,0,5,0.25838160514831543,0
U11423,0,5,0.03511163592338562,0
U11424,0,5,0.022418467327952385,0
U11425,0,5,0.06378635764122009,0
U11426,0,5,0.008279523812234402,0
U11427,0,5,0.035328399389982224,0
U11428,0,5,0.003956143744289875,0
U11429,0,5,0.00773589638993144,0
U11430,0,5,0.010622945614159107,0
U11431,0,5,0.010305497795343399,0
U11432,0,5,0.1364433765411377,0
U11433,0,5,0.0065507530234754086,0
U11434,0,5,0.12227964401245117,0
U11435,0,5,0.10285225510597229,0
U11436,0,5,0.01243759784847498,0
U11437,0,5,0.08957843482494354,0
U11438,0,5,0.10473302751779556,0
U11439,0,5,0.01942497305572033,0
U11440,0,5,0.004085948690772057,0
U11441,0,4,0.03076912835240364,0
U11442,0,4,0.0029848453123122454,0
U11443,0,4,0.020052986219525337,0
U11444,0,4,0.11560787260532379,0
U11445,0,4,0.028041986748576164,0
U11446,0,4,0.015133239328861237,0
U11447,0,4,0.0031814309768378735,0
U11448,0,4,0.0034970291890203953,0
U11449,0,4,0.024541517719626427,0
U11450,0,4,0.010580682195723057,0
U11451,0,4,0.008826488628983498,0
U11452,0,4,0.010908465832471848,0
U11453,0,4,0.01023124810308218,0
U11454,0,4,0.010654531419277191,0
U11455,0,4,0.03917834907770157,0
U11456,0,4,0.048588626086711884,0
U11457,0,4,0.028672590851783752,0
U11458,0,4,0.0055944728665053844,0
U11459,0,4,0.04081644490361214,0
U11460,0,4,0.057133037596940994,0
U11461,0,3,0.33157843351364136,0
U11462,0,3,0.36704105138778687,0
U11463,0,3,0.23397397994995117,0
U11464,0,3,0.11590620875358582,0
U11465,0,3,0.09151735156774521,0
U11466,0,3,0.15284636616706848,0
U11467,0,3,0.20812028646469116,0
U11468,0,3,0.3364260196685791,0
U11469,0,3,0.16241198778152466,0
U11470,0,3,0.26661741733551025,0
U11471,0,3,0.11252998560667038,0
U11472,0,3,0.07526708394289017,0
U11473,0,3,0.10780658572912216,0
U11474,0,3,0.20454846322536469,0
U11475,0,3,0.22271674871444702,0
U11476,0,3,0.3629167675971985,0
U11477,0,3,0.16592733561992645,0
U11478,0,3,0.5032188892364502,1
U11479,0,3,0.08550052344799042,0
U11480,0,3,0.2408757507801056,0
U11481,0,3,0.02331734448671341,0
U11482,0,3,0.01425015926361084,0
U11483,0,3,0.07247312366962433,0
U11484,0,3,0.010980485938489437,0
U11485,0,3,0.010542450472712517,0
U11486,0,3,0.030801091343164444,0
U11487,0,3,0.06807353347539902,0
U11488,0,3,0.1546795666217804,0
U11489,0,3,0.020817257463932037,0
U11490,0,3,0.02575666829943657,0
U11491,0,3,0.07453899085521698,0
U11492,0,3,0.14650410413742065,0
U11493,0,3,0.01017061434686184,0
U11494,0,3,0.01277683675289154,0
U11495,0,3,0.017181899398565292,0
U11496,0,3,0.006845532450824976,0
U11497,0,3,0.01599484495818615,0
U11498,0,3,0.04860936850309372,0
U11499,0,3,0.14806704223155975,0
U11500,0,3,0.028088832274079323,0
U11501,0,3,0.1848638355731964,0
U11502,0,3,0.12984515726566315,0
U11503,0,3,0.09640809893608093,0
U11504,0,3,0.0839395597577095,0
U11505,0,3,0.10845230519771576,0
U11506,0,3,0.20820292830467224,0
U11507,0,3,0.521242082118988,1
U11508,0,3,0.24890393018722534,0
U11509,0,3,0.32626885175704956,0
U11510,0,3,0.5752101540565491,1
U11511,0,3,0.055018454790115356,0
U11512,0,3,0.4185670018196106,0
U11513,0,3,0.6628198027610779,1
U11514,0,3,0.13338932394981384,0
U11515,0,3,0.19037963449954987,0
U11516,0,3,0.1834239661693573,0
U11517,0,3,0.12522371113300323,0
U11518,0,3,0.5024147033691406,1
U11519,0,3,0.050241805613040924,0
U11520,0,3,0.38310641050338745,0
U11521,0,2,0.024724701419472694,0
U11522,0,2,0.0060242945328354836,0
U11523,0,2,0.006424489431083202,0
U11524,0,2,0.010427841916680336,0
U11525,0,2,0.0024884347803890705,0
U11526,0,2,0.013850247487425804,0
U11527,0,2,0.004098236560821533,0
U11528,0,2,0.012927384115755558,0
U11529,0,2,0.007260560989379883,0
U11530,0,2,0.01037297397851944,0
U11531,0,2,0.005776749923825264,0
U11532,0,2,0.012655157595872879,0
U11533,0,2,0.012453077360987663,0
U11534,0,2,0.005143499933183193,0
U11535,0,2,0.005776252131909132,0
U11536,0,2,0.003913316410034895,0
U11537,0,2,0.01233135350048542,0
U11538,0,2,0.0064093186520040035,0
U11539,0,2,0.01991412229835987,0
U11540,0,2,0.003889859886839986,0
U11541,0,2,0.31036537885665894,0
U11542,0,2,0.14478202164173126,0
U11543,0,2,0.8031761646270752,1
U11544,0,2,0.17587333917617798,0
U11545,0,2,0.4069882333278656,0
U11546,0,2,0.8058093190193176,1
U11547,0,2,0.21994733810424805,0
U11548,0,2,0.7088657021522522,1
U11549,0,2,0.21758584678173065,0
U11550,0,2,0.09822021424770355,0
U11551,0,2,0.09360051900148392,0
U11552,0,2,0.07650972157716751,0
U11553,0,2,0.028740186244249344,0
U11554,0,2,0.09495198726654053,0
U11555,0,2,0.0784398764371872,0
U11556,0,2,0.3677832782268524,0
U11557,0,2,0.31946641206741333,0
U11558,0,2,0.47443515062332153,0
U11559,0,2,0.29492682218551636,0
U11560,0,2,0.17773619294166565,0
U11561,0,1,0.025656649842858315,0
U11562,0,1,0.037868794053792953,0
U11563,0,1,0.04534122347831726,0
U11564,0,1,0.4030970335006714,0
U11565,0,1,0.07000166177749634,0
U11566,0,1,0.004757400136440992,0
U11567,0,1,0.0727764368057251,0
U11568,0,1,0.04522954300045967,0
U11569,0,1,0.1272251009941101,0
U11570,0,1,0.009132208302617073,0
U11571,0,1,0.264304518699646,0
U11572,0,1,0.09673622250556946,0
U11573,0,1,0.09171105921268463,0
U11574,0,1,0.05421590805053711,0
U11575,0,1,0.11952140182256699,0
U11576,0,1,0.00827560294419527,0
U11577,0,1,0.020306997001171112,0
U11578,0,1,0.014586779288947582,0
U11579,0,1,0.010855442844331264,0
U11580,0,1,0.011351417750120163,0
U11581,0,1,0.003207508008927107,0
U11582,0,1,0.013819830492138863,0
U11583,0,1,0.013445476070046425,0
U11584,0,1,0.008027556352317333,0
U11585,0,1,0.004339873790740967,0
U11586,0,1,0.011670442298054695,0
U11587,0,1,0.014212683774530888,0
U11588,0,1,0.004874407779425383,0
U11589,0,1,0.005828596651554108,0
U11590,0,1,0.09417605400085449,0
U11591,0,1,0.011466524563729763,0
U11592,0,1,0.0024660287890583277,0
U11593,0,1,0.010053982026875019,0
U11594,0,1,0.025324111804366112,0
U11595,0,1,0.08772358298301697,0
U11596,0,1,0.005472897086292505,0
U11597,0,1,0.027489088475704193,0
U11598,0,1,0.0047712442465126514,0
U11599,0,1,0.018050264567136765,0
U11600,0,1,0.007627520710229874,0
U11601,0,5,0.11685633659362793,0
U11602,0,5,0.00926119089126587,0
U11603,0,5,0.02434801310300827,0
U11604,0,5,0.009656282141804695,0
U11605,0,5,0.01573915034532547,0
U11606,0,5,0.003372414968907833,0
U11607,0,5,0.0239518191665411,0
U11608,0,5,0.7899147272109985,1
U11609,0,5,0.03559764474630356,0
U11610,0,5,0.03557094931602478,0
U11611,0,5,0.36412569880485535,0
U11612,0,5,0.006941370200365782,0
U11613,0,5,0.0765983909368515,0
U11614,0,5,0.012791037559509277,0
U11615,0,5,0.021228505298495293,0
U11616,0,5,0.11817704141139984,0
U11617,0,5,0.009074628353118896,0
U11618,0,5,0.001630869461223483,0
U11619,0,5,0.04965178668498993,0
U11620,0,5,0.050536397844552994,0
U11621,0,2,0.023257752880454063,0
U11622,0,2,0.010531571693718433,0
U11623,0,2,0.3902779817581177,0
U11624,0,2,0.007070690393447876,0
U11625,0,2,0.011167927645146847,0
U11626,0,2,0.9461485743522644,1
U11627,0,2,0.05373988300561905,0
U11628,0,2,0.043752722442150116,0
U11629,0,2,0.007714604027569294,0
U11630,0,2,0.01693449169397354,0
U11631,0,2,0.019449573010206223,0
U11632,0,2,0.018458815291523933,0
U11633,0,2,0.206991046667099,0
U11634,0,2,0.7875168919563293,1
U11635,0,2,0.923537015914917,1
U11636,0,2,0.24698272347450256,0
U11637,0,2,0.5395063161849976,1
U11638,0,2,0.007329938933253288,0
U11639,0,2,0.05241287499666214,0
U11640,0,2,0.2811249792575836,0
U11641,0,1,0.1179262101650238,0
U11642,0,1,0.0884401798248291,0
U11643,0,1,0.014739454723894596,0
U11644,0,1,0.014503862708806992,0
U11645,0,1,0.028204796835780144,0
U11646,0,1,0.07810400426387787,0
U11647,0,1,0.010036129504442215,0
U11648,0,1,0.007312069181352854,0
U11649,0,1,0.1478683203458786,0
U11650,0,1,0.0648374855518341,0
U11651,0,1,0.2259046733379364,0
U11652,0,1,0.020131785422563553,0
U11653,0,1,0.5014511942863464,1
U11654,0,1,0.027915285900235176,0
U11655,0,1,0.004552348982542753,0
U11656,0,1,0.060827869921922684,0
U11657,0,1,0.044325120747089386,0
U11658,0,1,0.030996190384030342,0
U11659,0,1,0.16379618644714355,0
U11660,0,1,0.005655443295836449,0
U11661,0,5,0.16581979393959045,0
U11662,0,5,0.2608044445514679,0
U11663,0,5,0.02665317989885807,0
U11664,0,5,0.01786499284207821,0
U11665,0,5,0.16827410459518433,0
U11666,0,5,0.06318600475788116,0
U11667,0,5,0.08027727901935577,0
U11668,0,5,0.153872549533844,0
U11669,0,5,0.17557302117347717,0
U11670,0,5,0.017884651198983192,0
U11671,0,5,0.025808684527873993,0
U11672,0,5,0.04577166587114334,0
U11673,0,5,0.31127744913101196,0
U11674,0,5,0.2539394199848175,0
U11675,0,5,0.6231428384780884,1
U11676,0,5,0.059871856123209,0
U11677,0,5,0.001823226804845035,0
U11678,0,5,0.0024460148997604847,0
U11679,0,5,0.34825170040130615,0
U11680,0,5,0.1650141179561615,0
U11681,0,5,0.09766361117362976,0
U11682,0,5,0.05244001746177673,0
U11683,0,5,0.14330247044563293,0
U11684,0,5,0.47302931547164917,0
U11685,0,5,0.0033167973160743713,0
U11686,0,5,0.00307650794275105,0
U11687,0,5,0.0204414501786232,0
U11688,0,5,0.3486507534980774,0
U11689,0,5,0.03745429962873459,0
U11690,0,5,0.15190428495407104,0
U11691,0,5,0.1673884093761444,0
U11692,0,5,0.3010755479335785,0
U11693,0,5,0.052134815603494644,0
U11694,0,2,0.6744430661201477,1
U11695,0,2,0.26241758465766907,0
U11696,0,2,0.6502436399459839,1
U11697,0,2,0.5514023900032043,1
U11698,0,2,0.016428975388407707,0
U11699,0,2,0.0014687863877043128,0
U11700,0,2,0.060482971370220184,0
U11701,0,2,0.5721175670623779,1
U11702,0,2,0.006871385499835014,0
U11703,0,2,0.054883524775505066,0
U11704,0,2,0.012304915115237236,0
U11705,0,2,0.03681715577840805,0
U11706,0,2,0.0065336995758116245,0
U11707,0,2,0.03953760489821434,0
U11708,0,2,0.012967830523848534,0
U11709,0,2,0.0050325170159339905,0
U11710,0,2,0.15140891075134277,0
U11711,0,2,0.012768136337399483,0
U11712,0,2,0.09547095745801926,0
U11713,0,2,0.5643348097801208,1
U11714,0,5,0.0056730471551418304,0
U11715,0,5,0.018731508404016495,0
U11716,0,5,0.16084876656532288,0
U11717,0,5,0.0052777249366045,0
U11718,0,5,0.015435075387358665,0
U11719,0,5,0.005811294075101614,0
U11720,0,5,0.019016480073332787,0
U11721,0,5,0.004379595629870892,0
U11722,0,5,0.0024936541449278593,0
U11723,0,5,0.021458672359585762,0
U11724,0,5,0.07341893762350082,0
U11725,0,5,0.012961172498762608,0
U11726,0,5,0.337385892868042,0
U11727,0,5,0.00218833121471107,0
U11728,0,5,0.041768163442611694,0
U11729,0,5,0.11937190592288971,0
U11730,0,5,0.09382238984107971,0
U11731,0,5,0.018216736614704132,0
U11732,0,5,0.003925730474293232,0
U11733,0,5,0.1593703031539917,0
U11734,0,1,0.7187533378601074,1
U11735,0,1,0.8978694677352905,1
U11736,0,1,0.45771485567092896,0
U11737,0,1,0.7963441014289856,1
U11738,0,1,0.801598072052002,1
U11739,0,1,0.9034028053283691,1
U11740,0,1,0.7086018323898315,1
U11741,0,1,0.9094940423965454,1
U11742,0,1,0.7713277339935303,1
U11743,0,1,0.7037013173103333,1
U11744,0,1,0.9559797048568726,1
U11745,0,1,0.815627932548523,1
U11746,0,1,0.8467311859130859,1
U11747,0,1,0.734761655330658,1
U11748,0,1,0.7795830965042114,1
U11749,0,1,0.7885118722915649,1
U11750,0,1,0.9187440872192383,1
U11751,0,1,0.7790277004241943,1
U11752,0,1,0.697189450263977,1
U11753,0,1,0.7925480008125305,1
U11754,0,5,0.007749681361019611,0
U11755,0,5,0.01059560663998127,0
U11756,0,5,0.0028930199332535267,0
U11757,0,5,0.002907875692471862,0
U11758,0,5,0.03259701281785965,0
U11759,0,5,0.8308873772621155,1
U11760,0,5,0.793836236000061,1
U11761,0,5,0.005034324247390032,0
U11762,0,5,0.8171283602714539,1
U11763,0,5,0.007787991315126419,0
U11764,0,5,0.003579989541321993,0
U11765,0,5,0.005544717889279127,0
U11766,0,5,0.01882757991552353,0
U11767,0,5,0.0052454289980232716,0
U11768,0,5,0.0068223560228943825,0
U11769,0,5,0.007732558064162731,0
U11770,0,5,0.022897373884916306,0
U11771,0,5,0.005010703578591347,0
U11772,0,5,0.0063579934649169445,0
U11773,0,5,0.002106150845065713,0
U11774,0,2,0.801344096660614,1
U11775,0,2,0.7315616011619568,1
U11776,0,2,0.46879738569259644,0
U11777,0,2,0.548511266708374,1
U11778,0,2,0.4430695176124573,0
U11779,0,2,0.2531455457210541,0
U11780,0,2,0.3081968426704407,0
U11781,0,2,0.8431728482246399,1
U11782,0,2,0.3433375358581543,0
U11783,0,2,0.9842709302902222,1
U11784,0,2,0.46923828125,0
U11785,0,2,0.7185109257698059,1
U11786,0,2,0.6853489875793457,1
U11787,0,2,0.10355536639690399,0
U11788,0,2,0.31261366605758667,0
U11789,0,2,0.38824462890625,0
U11790,0,2,0.14781691133975983,0
U11791,0,2,0.3542705476284027,0
U11792,0,2,0.4165326654911041,0
U11793,0,2,0.590471625328064,1
U11794,0,4,0.09081877768039703,0
U11795,0,4,0.020377498120069504,0
U11796,0,4,0.19199702143669128,0
U11797,0,4,0.02753126434981823,0
U11798,0,4,0.9259471893310547,1
U11799,0,4,0.031812071800231934,0
U11800,0,4,0.7563768625259399,1
U11801,0,4,0.12247434258460999,0
U11802,0,4,0.004063858650624752,0
U11803,0,4,0.9569898843765259,1
U11804,0,4,0.019733965396881104,0
U11805,0,4,0.03146835416555405,0
U11806,0,4,0.008616982027888298,0
U11807,0,4,0.12496364861726761,0
U11808,0,4,0.2152235507965088,0
U11809,0,4,0.035820044577121735,0
U11810,0,4,0.046601541340351105,0
U11811,0,4,0.00838945060968399,0
U11812,0,4,0.1503744125366211,0
U11813,0,4,0.06716814637184143,0
U11814,0,4,0.0043366290628910065,0
U11815,0,4,0.016594402492046356,0
U11816,0,4,0.012996713630855083,0
U11817,0,4,0.003564255079254508,0
U11818,0,4,0.009708285331726074,0
U11819,0,4,0.028533082455396652,0
U11820,0,4,0.038831502199172974,0
U11821,0,4,0.005117896944284439,0
U11822,0,4,0.007761149201542139,0
U11823,0,4,0.030828295275568962,0
U11824,0,4,0.010030265897512436,0
U11825,0,4,0.044234804809093475,0
U11826,0,4,0.05642979219555855,0
U11827,0,4,0.022001640871167183,0
U11828,0,4,0.009110774844884872,0
U11829,0,4,0.013915259391069412,0
U11830,0,4,0.039096347987651825,0
U11831,0,4,0.011427389457821846,0
U11832,0,4,0.0074893152341246605,0
U11833,0,4,0.0029349196702241898,0
U11834,0,1,0.011462384834885597,0
U11835,0,1,0.8909338116645813,1
U11836,0,1,0.2361665666103363,0
U11837,0,1,0.07139942795038223,0
U11838,0,1,0.9334069490432739,1
U11839,0,1,0.009055391885340214,0
U11840,0,1,0.08748818188905716,0
U11841,0,1,0.042047031223773956,0
U11842,0,1,0.19286899268627167,0
U11843,0,1,0.011655950918793678,0
U11844,0,1,0.06171097978949547,0
U11845,0,1,0.06234520673751831,0
U11846,0,1,0.0438576266169548,0
U11847,0,1,0.7449828386306763,1
U11848,0,1,0.6961286067962646,1
U11849,0,1,0.17935781180858612,0
U11850,0,1,0.06973378360271454,0
U11851,0,1,0.8323370218276978,1
U11852,0,1,0.08855649083852768,0
U11853,0,1,0.004890756215900183,0
U11854,0,5,0.8416528105735779,1
U11855,0,5,0.3799816966056824,0
U11856,0,5,0.09735853970050812,0
U11857,0,5,0.619523286819458,1
U11858,0,5,0.8768385052680969,1
U11859,0,5,0.3653160333633423,0
U11860,0,5,0.5130793452262878,1
U11861,0,5,0.7628357410430908,1
U11862,0,5,0.14723286032676697,0
U11863,0,5,0.37182989716529846,0
U11864,0,5,0.5652807950973511,1
U11865,0,5,0.5330697298049927,1
U11866,0,5,0.37893104553222656,0
U11867,0,5,0.38029417395591736,0
U11868,0,5,0.7082691788673401,1
U11869,0,5,0.7117977738380432,1
U11870,0,5,0.5562920570373535,1
U11871,0,5,0.7993198037147522,1
U11872,0,5,0.5356540679931641,1
U11873,0,5,0.6753153800964355,1
U11874,0,3,0.036971814930438995,0
U11875,0,3,0.8092632293701172,1
U11876,0,3,0.8372042179107666,1
U11877,0,3,0.08950825780630112,0
U11878,0,3,0.843962550163269,1
U11879,0,3,0.3177526295185089,0
U11880,0,3,0.7434011697769165,1
U11881,0,3,0.9404399394989014,1
U11882,0,3,0.02271958626806736,0
U11883,0,3,0.42208924889564514,0
U11884,0,3,0.8314896821975708,1
U11885,0,3,0.8563787937164307,1
U11886,0,3,0.9696006774902344,1
U11887,0,3,0.2651265561580658,0
U11888,0,3,0.12579354643821716,0
U11889,0,3,0.8846054077148438,1
U11890,0,3,0.20369449257850647,0
U11891,0,3,0.4627740979194641,0
U11892,0,3,0.24204251170158386,0
U11893,0,3,0.43056923151016235,0
U11894,0,1,0.18557116389274597,0
U11895,0,1,0.006045226939022541,0
U11896,0,1,0.004429053980857134,0
U11897,0,1,0.010344692505896091,0
U11898,0,1,0.005317156668752432,0
U11899,0,1,0.014845876023173332,0
U11900,0,1,0.007206817623227835,0
U11901,0,1,0.00471310643479228,0
U11902,0,1,0.008783742785453796,0
U11903,0,1,0.015005330555140972,0
U11904,0,1,0.0036505567841231823,0
U11905,0,1,0.017863953486084938,0
U11906,0,1,0.006293964572250843,0
U11907,0,1,0.05122344568371773,0
U11908,0,1,0.011308536864817142,0
U11909,0,1,0.028736136853694916,0
U11910,0,1,0.007427454460412264,0
U11911,0,1,0.01633799634873867,0
U11912,0,1,0.17960232496261597,0
U11913,0,1,0.007017953786998987,0
U11914,0,5,0.004575334955006838,0
U11915,0,5,0.04759524017572403,0
U11916,0,5,0.005379608832299709,0
U11917,0,5,0.03421299159526825,0
U11918,0,5,0.00907119456678629,0
U11919,0,5,0.00885836686939001,0
U11920,0,5,0.030567150563001633,0
U11921,0,5,0.02367381751537323,0
U11922,0,5,0.014520318247377872,0
U11923,0,5,0.00734044099226594,0
U11924,0,5,0.01975134015083313,0
U11925,0,5,0.021947268396615982,0
U11926,0,5,0.005651731975376606,0
U11927,0,5,0.00588951027020812,0
U11928,0,5,0.031348347663879395,0
U11929,0,5,0.012161735445261002,0
U11930,0,5,0.009224655106663704,0
U11931,0,5,0.012709702365100384,0
U11932,0,5,0.03273538500070572,0
U11933,0,5,0.020456310361623764,0
U11934,0,1,0.019490955397486687,0
U11935,0,1,0.026789136230945587,0
U11936,0,1,0.010690027847886086,0
U11937,0,1,0.01071523129940033,0
U11938,0,1,0.016109835356473923,0
U11939,0,1,0.013773215003311634,0
U11940,0,1,0.007976743392646313,0
U11941,0,1,0.01980743557214737,0
U11942,0,1,0.011825636960566044,0
U11943,0,1,0.018924426287412643,0
U11944,0,1,0.01146291010081768,0
U11945,0,1,0.019306480884552002,0
U11946,0,1,0.017354493960738182,0
U11947,0,1,0.10784360766410828,0
U11948,0,1,0.012831363826990128,0
U11949,0,1,0.005243323743343353,0
U11950,0,1,0.15558375418186188,0
U11951,0,1,0.00992641132324934,0
U11952,0,1,0.012593175284564495,0
U11953,0,1,0.004718912299722433,0
U11954,0,5,0.7406030893325806,1
U11955,0,5,0.20003587007522583,0
U11956,0,5,0.030664430931210518,0
U11957,0,5,0.9344912767410278,1
U11958,0,5,0.19972515106201172,0
U11959,0,5,0.14424067735671997,0
U11960,0,5,0.9441437721252441,1
U11961,0,5,0.7750701308250427,1
U11962,0,5,0.9587785005569458,1
U11963,0,5,0.17779482901096344,0
U11964,0,5,0.0417080894112587,0
U11965,0,5,0.6870967149734497,1
U11966,0,5,0.5224162340164185,1
U11967,0,5,0.2001848816871643,0
U11968,0,5,0.34600353240966797,0
U11969,0,5,0.015016715042293072,0
U11970,0,5,0.7648866176605225,1
U11971,0,5,0.5591942071914673,1
U11972,0,5,0.354794979095459,0
U11973,0,5,0.3615908622741699,0
U11974,0,2,0.0021875083912163973,0
U11975,0,2,0.003080009249970317,0
U11976,0,2,0.0030513054225593805,0
U11977,0,2,0.009409242309629917,0
U11978,0,2,0.012370086275041103,0
U11979,0,2,0.004734095185995102,0
U11980,0,2,0.002375358249992132,0
U11981,0,2,0.022701788693666458,0
U11982,0,2,0.00811566412448883,0
U11983,0,2,0.034739501774311066,0
U11984,0,2,0.0025528832338750362,0
U11985,0,2,0.010169907473027706,0
U11986,0,2,0.004752257838845253,0
U11987,0,2,0.009988612495362759,0
U11988,0,2,0.005512419156730175,0
U11989,0,2,0.007942656986415386,0
U11990,0,2,0.005188043229281902,0
U11991,0,2,0.00245988043025136,0
U11992,0,2,0.0090525783598423,0
U11993,0,2,0.0021996565628796816,0
U11994,0,5,0.06425394862890244,0
U11995,0,5,0.1512555480003357,0
U11996,0,5,0.007974933832883835,0
U11997,0,5,0.020871572196483612,0
U11998,0,5,0.028371339663863182,0
U11999,0,5,0.08188024163246155,0
U12000,0,5,0.06982079893350601,0
U12001,0,5,0.02783017046749592,0
U12002,0,5,0.0566234216094017,0
U12003,0,5,0.17522241175174713,0
U12004,0,5,0.03818727657198906,0
U12005,0,5,0.04938502237200737,0
U12006,0,5,0.057127807289361954,0
U12007,0,5,0.02404312789440155,0
U12008,0,5,0.002968644257634878,0
U12009,0,5,0.24161340296268463,0
U12010,0,5,0.06884558498859406,0
U12011,0,5,0.016494443640112877,0
U12012,0,5,0.01051335595548153,0
U12013,0,5,0.11416292935609818,0
U12014,0,2,0.004364917520433664,0
U12015,0,2,0.017697498202323914,0
U12016,0,2,0.0020894042681902647,0
U12017,0,2,0.003650608006864786,0
U12018,0,2,0.007043630350381136,0
U12019,0,2,0.0064771645702421665,0
U12020,0,2,0.0035019065253436565,0
U12021,0,2,0.001131831668317318,0
U12022,0,2,0.0028490847907960415,0
U12023,0,2,0.0005881073884665966,0
U12024,0,2,0.0012743471888825297,0
U12025,0,2,0.4375866651535034,0
U12026,0,2,0.006591855548322201,0
U12027,0,2,0.012465531006455421,0
U12028,0,2,0.0061919838190078735,0
U12029,0,2,0.0019759449642151594,0
U12030,0,2,0.0028081992641091347,0
U12031,0,2,0.004784320946782827,0
U12032,0,2,0.06488350033760071,0
U12033,0,2,0.004898289684206247,0
U12034,0,5,0.0221084151417017,0
U12035,0,5,0.13840392231941223,0
U12036,0,5,0.005732840392738581,0
U12037,0,5,0.01568409614264965,0
U12038,0,5,0.037665046751499176,0
U12039,0,5,0.006463140249252319,0
U12040,0,5,0.6220716238021851,1
U12041,0,5,0.9462456703186035,1
U12042,0,5,0.902155876159668,1
U12043,0,5,0.13537652790546417,0
U12044,0,5,0.02588803507387638,0
U12045,0,5,0.0237722210586071,0
U12046,0,5,0.008299602195620537,0
U12047,0,5,0.0030869331676512957,0
U12048,0,5,0.012007184326648712,0
U12049,0,5,0.029346799477934837,0
U12050,0,5,0.07610885053873062,0
U12051,0,5,0.01115948986262083,0
U12052,0,5,0.1257496476173401,0
U12053,0,5,0.2507108151912689,0
U12054,0,4,0.008343496359884739,0
U12055,0,4,0.0028902380727231503,0
U12056,0,4,0.0031497813761234283,0
U12057,0,4,0.006865639705210924,0
U12058,0,4,0.5732302069664001,1
U12059,0,4,0.019916918128728867,0
U12060,0,4,0.02037693001329899,0
U12061,0,4,0.1673651784658432,0
U12062,0,4,0.0056948415003716946,0
U12063,0,4,0.27228599786758423,0
U12064,0,4,0.01994876004755497,0
U12065,0,4,0.0021537260618060827,0
U12066,0,4,0.2407539188861847,0
U12067,0,4,0.005683057475835085,0
U12068,0,4,0.0016478331526741385,0
U12069,0,4,0.014003685675561428,0
U12070,0,4,0.01624162867665291,0
U12071,0,4,0.22659975290298462,0
U12072,0,4,0.019788160920143127,0
U12073,0,4,0.06374175101518631,0
U12074,0,2,0.08469532430171967,0
U12075,0,2,0.011025759391486645,0
U12076,0,2,0.13431493937969208,0
U12077,0,2,0.011650912463665009,0
U12078,0,2,0.005685621406883001,0
U12079,0,2,0.17889294028282166,0
U12080,0,2,0.002467970596626401,0
U12081,0,2,0.007863789796829224,0
U12082,0,2,0.5706618428230286,1
U12083,0,2,0.021555691957473755,0
U12084,0,2,0.036937180906534195,0
U12085,0,2,0.17824679613113403,0
U12086,0,2,0.006599227897822857,0
U12087,0,2,0.003899593837559223,0
U12088,0,2,0.0795467346906662,0
U12089,0,2,0.005431353580206633,0
U12090,0,2,0.026883140206336975,0
U12091,0,2,0.0188745129853487,0
U12092,0,2,0.04918387159705162,0
U12093,0,2,0.1386077105998993,0
U12094,0,1,0.02918209321796894,0
U12095,0,1,0.039139650762081146,0
U12096,0,1,0.018159274011850357,0
U12097,0,1,0.04925470054149628,0
U12098,0,1,0.04898068308830261,0
U12099,0,1,0.03523940593004227,0
U12100,0,1,0.04716472327709198,0
U12101,0,1,0.03634708374738693,0
U12102,0,1,0.03816526383161545,0
U12103,0,1,0.04998389258980751,0
U12104,0,1,0.03455881029367447,0
U12105,0,1,0.02751958929002285,0
U12106,0,1,0.03137221932411194,0
U12107,0,1,0.04049127176403999,0
U12108,0,1,0.01752084493637085,0
U12109,0,1,0.037805091589689255,0
U12110,0,1,0.02856779843568802,0
U12111,0,1,0.03588955104351044,0
U12112,0,1,0.04083583503961563,0
U12113,0,1,0.032318778336048126,0
U12114,0,5,0.05172768235206604,0
U12115,0,5,0.010208017192780972,0
U12116,0,5,0.11558624356985092,0
U12117,0,5,0.009540354833006859,0
U12118,0,5,0.012184398248791695,0
U12119,0,5,0.03608381748199463,0
U12120,0,5,0.16396008431911469,0
U12121,0,5,0.02370261214673519,0
U12122,0,5,0.6312217116355896,1
U12123,0,5,0.04526763781905174,0
U12124,0,5,0.2853960692882538,0
U12125,0,5,0.21787521243095398,0
U12126,0,5,0.130777046084404,0
U12127,0,5,0.15616753697395325,0
U12128,0,5,0.004310179501771927,0
U12129,0,5,0.013403208926320076,0
U12130,0,5,0.31289955973625183,0
U12131,0,5,0.034246888011693954,0
U12132,0,5,0.04964350908994675,0
U12133,0,5,0.022404510527849197,0
U12134,0,1,0.6550402045249939,1
U12135,0,1,0.4994067847728729,0
U12136,0,1,0.09207938611507416,0
U12137,0,1,0.9798932671546936,1
U12138,0,1,0.06224910914897919,0
U12139,0,1,0.0676882341504097,0
U12140,0,1,0.5995979905128479,1
U12141,0,1,0.03295983374118805,0
U12142,0,1,0.2962206304073334,0
U12143,0,1,0.08080598711967468,0
U12144,0,1,0.5073155164718628,1
U12145,0,1,0.045326028019189835,0
U12146,0,1,0.08179942518472672,0
U12147,0,1,0.02902517467737198,0
U12148,0,1,0.07216987013816833,0
U12149,0,1,0.044834643602371216,0
U12150,0,1,0.7581039667129517,1
U12151,0,1,0.4750570058822632,0
U12152,0,1,0.63250732421875,1
U12153,0,1,0.10314062982797623,0
U12154,0,5,0.04198794439435005,0
U12155,0,5,0.039008501917123795,0
U12156,0,5,0.03775496408343315,0
U12157,0,5,0.028225842863321304,0
U12158,0,5,0.045278243720531464,0
U12159,0,5,0.032333746552467346,0
U12160,0,5,0.05479633808135986,0
U12161,0,1,0.7762774229049683,1
U12162,0,1,0.2965984344482422,0
U12163,0,1,0.7912687659263611,1
U12164,0,1,0.9345654249191284,1
U12165,0,1,0.8894954323768616,1
U12166,0,1,0.5279970169067383,1
U12167,0,1,0.760662317276001,1
U12168,0,1,0.35779523849487305,0
U12169,0,1,0.909756064414978,1
U12170,0,1,0.961186945438385,1
U12171,0,1,0.8490699529647827,1
U12172,0,1,0.08572394400835037,0
U12173,0,1,0.5489578247070312,1
U12174,0,1,0.5792059898376465,1
U12175,0,1,0.8579404354095459,1
U12176,0,1,0.23907485604286194,0
U12177,0,1,0.6807845830917358,1
U12178,0,1,0.3770486116409302,0
U12179,0,1,0.9252969026565552,1
U12180,0,1,0.697148859500885,1
U12181,0,5,0.08460009098052979,0
U12182,0,5,0.8169587850570679,1
U12183,0,5,0.09873439371585846,0
U12184,0,5,0.2017267942428589,0
U12185,0,5,0.7631221413612366,1
U12186,0,5,0.06432008743286133,0
U12187,0,5,0.9450865983963013,1
U12188,0,5,0.8128100633621216,1
U12189,0,5,0.17005109786987305,0
U12190,0,5,0.04191390052437782,0
U12191,0,5,0.0791553184390068,0
U12192,0,5,0.22869902849197388,0
U12193,0,5,0.7275340557098389,1
U12194,0,5,0.5899274945259094,1
U12195,0,5,0.010509264655411243,0
U12196,0,5,0.13830158114433289,0
U12197,0,5,0.05269834026694298,0
U12198,0,5,0.05068107694387436,0
U12199,0,5,0.2825545370578766,0
U12200,0,5,0.3104161322116852,0
U12201,0,5,0.019376542419195175,0
U12202,0,5,0.009374963119626045,0
U12203,0,5,0.021829338744282722,0
U12204,0,5,0.007942123338580132,0
U12205,0,5,0.0016358696157112718,0
U12206,0,5,0.03723428398370743,0
U12207,0,5,0.05009658262133598,0
U12208,0,5,0.010233160108327866,0
U12209,0,5,0.003879753639921546,0
U12210,0,5,0.004060152918100357,0
U12211,0,5,0.011407139711081982,0
U12212,0,5,0.3037113845348358,0
U12213,0,5,0.007165298331528902,0
U12214,0,5,0.008741708472371101,0
U12215,0,5,0.005699916742742062,0
U12216,0,5,0.004847797565162182,0
U12217,0,5,0.007543274667114019,0
U12218,0,5,0.009252696298062801,0
U12219,0,5,0.011974921450018883,0
U12220,0,5,0.05769694223999977,0
U12221,0,3,0.22005927562713623,0
U12222,0,3,0.24261990189552307,0
U12223,0,3,0.17157769203186035,0
U12224,0,3,0.10826881974935532,0
U12225,0,3,0.16057848930358887,0
U12226,0,3,0.10603460669517517,0
U12227,0,3,0.18508145213127136,0
U12228,0,3,0.19093075394630432,0
U12229,0,3,0.14535802602767944,0
U12230,0,3,0.2329566329717636,0
U12231,0,3,0.22707954049110413,0
U12232,0,3,0.2790888547897339,0
U12233,0,3,0.5491613149642944,1
U12234,0,3,0.2420862913131714,0
U12235,0,3,0.1479019820690155,0
U12236,0,3,0.16934998333454132,0
U12237,0,3,0.17228034138679504,0
U12238,0,3,0.4249252676963806,0
U12239,0,3,0.40112411975860596,0
U12240,0,3,0.2416052520275116,0
U12241,0,3,0.0040038106963038445,0
U12242,0,3,0.006200031377375126,0
U12243,0,3,0.004716693889349699,0
U12244,0,3,0.005952098406851292,0
U12245,0,3,0.006415816955268383,0
U12246,0,3,0.058494932949543,0
U12247,0,3,0.2021501362323761,0
U12248,0,3,0.003989811521023512,0
U12249,0,3,0.016446780413389206,0
U12250,0,3,0.17477911710739136,0
U12251,0,3,0.009799476712942123,0
U12252,0,3,0.008269768208265305,0
U12253,0,3,0.015207411721348763,0
U12254,0,3,0.04750002920627594,0
U12255,0,3,0.18022513389587402,0
U12256,0,3,0.010546722449362278,0
U12257,0,3,0.4614301323890686,0
U12258,0,3,0.976018488407135,1
U12259,0,3,0.043150436133146286,0
U12260,0,3,0.0024509450886398554,0
U12261,0,5,0.0014664229238405824,0
U12262,0,5,0.0006297052605077624,0
U12263,0,5,0.01250776182860136,0
U12264,0,5,0.007624690420925617,0
U12265,0,5,0.011969910934567451,0
U12266,0,5,0.0029700526501983404,0
U12267,0,5,0.020090028643608093,0
U12268,0,5,0.028484169393777847,0
U12269,0,5,0.019313868135213852,0
U12270,0,5,0.12622074782848358,0
U12271,0,5,0.01733410730957985,0
U12272,0,5,0.018936151638627052,0
U12273,0,5,0.002619270235300064,0
U12274,0,5,0.029115423560142517,0
U12275,0,5,0.06617088615894318,0
U12276,0,5,0.023339716717600822,0
U12277,0,5,0.011278877034783363,0
U12278,0,5,0.06565586477518082,0
U12279,0,5,0.00860552303493023,0
U12280,0,5,0.012792898342013359,0
U12281,0,3,0.006743932608515024,0
U12282,0,3,0.035818569362163544,0
U12283,0,3,0.0012451200745999813,0
U12284,0,3,0.01951189525425434,0
U12285,0,3,0.020301733165979385,0
U12286,0,3,0.1499495655298233,0
U12287,0,3,0.040339067578315735,0
U12288,0,3,0.0012156438315287232,0
U12289,0,3,0.07473277300596237,0
U12290,0,3,0.002578765619546175,0
U12291,0,3,0.05265577882528305,0
U12292,0,3,0.10784392058849335,0
U12293,0,3,0.001401571906171739,0
U12294,0,3,0.000976423907559365,0
U12295,0,3,0.003233319381251931,0
U12296,0,3,0.003854359732940793,0
U12297,0,3,0.013776980340480804,0
U12298,0,3,0.045654863119125366,0
U12299,0,3,0.004875305108726025,0
U12300,0,3,0.06462573260068893,0
U12301,0,2,0.019227350130677223,0
U12302,0,2,0.043471068143844604,0
U12303,0,2,0.9797803163528442,1
U12304,0,2,0.05488075315952301,0
U12305,0,2,0.9748518466949463,1
U12306,0,2,0.14691416919231415,0
U12307,0,2,0.0718364417552948,0
U12308,0,2,0.13619893789291382,0
U12309,0,2,0.020884141325950623,0
U12310,0,2,0.05031479150056839,0
U12311,0,2,0.03158017247915268,0
U12312,0,2,0.02307983487844467,0
U12313,0,2,0.1290956288576126,0
U12314,0,2,0.020761488005518913,0
U12315,0,2,0.10376650094985962,0
U12316,0,2,0.0391002781689167,0
U12317,0,2,0.06397300958633423,0
U12318,0,2,0.6397507786750793,1
U12319,0,2,0.024993132799863815,0
U12320,0,2,0.01380972284823656,0
U12321,0,3,0.7302855253219604,1
U12322,0,3,0.7599804997444153,1
U12323,0,3,0.5672957301139832,1
U12324,0,3,0.4420950412750244,0
U12325,0,3,0.9679082036018372,1
U12326,0,3,0.9377729892730713,1
U12327,0,3,0.8069264888763428,1
U12328,0,3,0.3674789071083069,0
U12329,0,3,0.9016929864883423,1
U12330,0,3,0.6951701641082764,1
U12331,0,3,0.9205254316329956,1
U12332,0,3,0.7821267247200012,1
U12333,0,3,0.885697066783905,1
U12334,0,3,0.5481794476509094,1
U12335,0,3,0.8705697059631348,1
U12336,0,3,0.37522774934768677,0
U12337,0,3,0.6092480421066284,1
U12338,0,3,0.7465695738792419,1
U12339,0,3,0.9220180511474609,1
U12340,0,3,0.7980077266693115,1
U12341,0,5,0.5822478532791138,1
U12342,0,5,0.0138242794200778,0
U12343,0,5,0.291890025138855,0
U12344,0,5,0.19870924949645996,0
U12345,0,5,0.9085736274719238,1
U12346,0,5,0.8068022131919861,1
U12347,0,5,0.923833966255188,1
U12348,0,5,0.2147582769393921,0
U12349,0,5,0.39120805263519287,0
U12350,0,5,0.10459493100643158,0
U12351,0,5,0.5731886625289917,1
U12352,0,5,0.23201000690460205,0
U12353,0,5,0.5787453055381775,1
U12354,0,5,0.42529037594795227,0
U12355,0,5,0.004973256029188633,0
U12356,0,5,0.5381731986999512,1
U12357,0,5,0.003586512291803956,0
U12358,0,5,0.008896601386368275,0
U12359,0,5,0.10003063082695007,0
U12360,0,5,0.46604597568511963,0
U12361,0,1,0.3117816150188446,0
U12362,0,1,0.4665898084640503,0
U12363,0,1,0.8819171786308289,1
U12364,0,3,0.032611873000860214,0
U12365,0,3,0.027701394632458687,0
U12366,0,3,0.2540879547595978,0
U12367,0,3,0.05101686716079712,0
U12368,0,3,0.012472184374928474,0
U12369,0,3,0.6316577196121216,1
U12370,0,3,0.023591777309775352,0
U12371,0,3,0.4796333909034729,0
U12372,0,3,0.1328546702861786,0
U12373,0,3,0.29224488139152527,0
U12374,0,3,0.025076571851968765,0
U12375,0,3,0.518824577331543,1
U12376,0,3,0.4514049291610718,0
U12377,0,3,0.3700372576713562,0
U12378,0,3,0.8424764275550842,1
U12379,0,3,0.18227225542068481,0
U12380,0,3,0.09657041728496552,0
U12381,0,3,0.6682642698287964,1
U12382,0,3,0.034173596650362015,0
U12383,0,3,0.01884358748793602,0
U12384,0,3,0.06396513432264328,0
U12385,0,3,0.0471983477473259,0
U12386,0,3,0.9507673978805542,1
U12387,0,3,0.10464344918727875,0
U12388,0,3,0.03231534734368324,0
U12389,0,3,0.11015870422124863,0
U12390,0,3,0.01411566324532032,0
U12391,0,3,0.07123228162527084,0
U12392,0,3,0.045807890594005585,0
U12393,0,3,0.04833252727985382,0
U12394,0,3,0.15060988068580627,0
U12395,0,3,0.08838526904582977,0
U12396,0,3,0.08331631124019623,0
U12397,0,3,0.3538548946380615,0
U12398,0,3,0.032280873507261276,0
U12399,0,3,0.09008236229419708,0
U12400,0,3,0.08808518946170807,0
U12401,0,3,0.622859001159668,1
U12402,0,3,0.13594666123390198,0
U12403,0,3,0.21175281703472137,0
U12404,0,1,0.03702935203909874,0
U12405,0,3,0.001595636596903205,0
U12406,0,5,0.7978162169456482,1
U12407,0,4,0.10412803292274475,0
U12408,0,3,0.13062217831611633,0
U12409,0,5,0.01926632970571518,0
U12410,0,4,0.4680466055870056,0
U12411,0,4,0.4653812646865845,0
U12412,0,3,0.7448792457580566,1
U12413,0,5,0.038491830229759216,0
U12414,0,3,0.8708111047744751,1
U12415,0,2,0.56439208984375,1
U12416,0,5,0.008994060568511486,0
U12417,0,2,0.1605042815208435,0
U12418,0,1,0.02160205878317356,0
U12419,0,3,0.13944163918495178,0
U12420,0,5,0.0037772557698190212,0
U12421,0,4,0.060547374188899994,0
U12422,0,3,0.7098724246025085,1
U12423,0,3,0.06953734159469604,0
U12424,0,2,0.40192750096321106,0
U12425,0,4,0.04758293554186821,0
U12426,0,4,0.055022574961185455,0
U12427,0,3,0.20839247107505798,0
U12428,0,4,0.0072698649019002914,0
U12429,0,5,0.3797983229160309,0
U12430,0,3,0.5623064041137695,1
U12431,0,4,0.004404843784868717,0
U12432,0,5,0.0032494328916072845,0
U12433,0,3,0.017551297321915627,0
U12434,0,4,0.02365359291434288,0
U12435,0,3,0.01936938613653183,0
U12436,0,1,0.9227943420410156,1
U12437,0,2,0.83241868019104,1
U12438,0,4,0.11413662135601044,0
U12439,0,4,0.14430320262908936,0
U12440,0,5,0.055803082883358,0
U12441,0,5,0.6412746906280518,1
U12442,0,5,0.004103140905499458,0
U12443,0,3,0.10300406813621521,0
U12444,0,3,0.011957168579101562,0
U12445,0,1,0.022562790662050247,0
U12446,0,4,0.06734782457351685,0
U12447,0,5,0.23793219029903412,0
U12448,0,3,0.5515897870063782,1
U12449,0,1,0.09259823709726334,0
U12450,0,3,0.0029646502807736397,0
U12451,0,3,0.008748416788876057,0
U12452,0,3,0.07745996117591858,0
U12453,0,1,0.7519184350967407,1
U12454,0,5,0.024367034435272217,0
U12455,0,4,0.07079234719276428,0
U12456,0,1,0.00552294310182333,0
U12457,0,5,0.6787315011024475,1
U12458,0,4,0.0594809353351593,0
U12459,0,3,0.40909814834594727,0
U12460,0,3,0.12077051401138306,0
U12461,0,1,0.0037986263632774353,0
U12462,0,4,0.023081099614501,0
U12463,0,2,0.7517713904380798,1
U12464,0,3,0.05628809332847595,0
U12465,0,3,0.06703609228134155,0
U12466,0,5,0.02434757724404335,0
U12467,0,5,0.019294260069727898,0
U12468,0,2,0.007404138799756765,0
U12469,0,3,0.020915552973747253,0
U12470,0,3,0.04135686159133911,0
U12471,0,1,0.046572476625442505,0
U12472,0,1,0.016359401866793633,0
U12473,0,2,0.013855515979230404,0
U12474,0,3,0.3650262951850891,0
U12475,0,4,0.002461787313222885,0
U12476,0,5,0.017418615520000458,0
U12477,0,1,0.004180843476206064,0
U12478,0,2,0.009074061177670956,0
U12479,0,2,0.08091545850038528,0
U12480,0,5,0.061074670404195786,0
U12481,0,2,0.9714323282241821,1
U12482,0,2,0.003269097302109003,0
U12483,0,2,0.49565163254737854,0
U12484,0,5,0.018372582271695137,0
U12485,0,5,0.004370245151221752,0
U12486,0,5,0.5817249417304993,1
U12487,0,5,0.5209802389144897,1
U12488,0,4,0.014333493076264858,0
U12489,0,5,0.00443256227299571,0
U12490,0,2,0.7302941083908081,1
U12491,0,4,0.046521417796611786,0
U12492,0,2,0.015085767954587936,0
U12493,0,5,0.8845857381820679,1
U12494,0,1,0.02428789623081684,0
U12495,0,5,0.26694226264953613,0
U12496,0,2,0.48938146233558655,0
U12497,0,2,0.0016843045596033335,0
U12498,0,1,0.07387825846672058,0
U12499,0,4,0.0038877229671925306,0
U12500,0,4,0.005013590678572655,0
U12501,0,2,0.01179715245962143,0
U12502,0,5,0.17875781655311584,0
U12503,0,4,0.017472170293331146,0
U12504,0,2,0.011069376952946186,0
U12505,0,3,0.3321647644042969,0
U12506,0,1,0.02218950353562832,0
U12507,0,3,0.03690679743885994,0
U12508,0,4,0.0057237409055233,0
U12509,0,5,0.003857164643704891,0
U12510,0,2,0.03465888276696205,0
U12511,0,5,0.03462959825992584,0
U12512,0,5,0.07559539377689362,0
U12513,0,1,0.04608282819390297,0
U12514,0,3,0.09148156642913818,0
U12515,0,1,0.03271469473838806,0
U12516,0,2,0.30478784441947937,0
U12517,0,4,0.012196756899356842,0
U12518,0,1,0.008878707885742188,0
U12519,0,5,0.03988853096961975,0
U12520,0,5,0.0015118865994736552,0
U12521,0,5,0.17218723893165588,0
U12522,0,4,0.04840468987822533,0
U12523,0,3,0.6379464268684387,1
U12524,0,1,0.24691832065582275,0
U12525,0,5,0.9364126920700073,1
U12526,0,2,0.00911745522171259,0
U12527,0,3,0.10928022861480713,0
U12528,0,5,0.006186794023960829,0
U12529,0,4,0.01310252770781517,0
U12530,0,4,0.04064725339412689,0
U12531,0,5,0.5222952961921692,1
U12532,0,2,0.4161134660243988,0
U12533,0,5,0.1237391009926796,0
U12534,0,4,0.010541876778006554,0
U12535,0,5,0.21902954578399658,0
U12536,0,5,0.03976431116461754,0
U12537,0,5,0.13919512927532196,0
U12538,0,3,0.0011706515215337276,0
U12539,0,3,0.034579336643218994,0
U12540,0,4,0.01445242203772068,0
U12541,0,2,0.05859694629907608,0
U12542,0,5,0.2260485589504242,0
U12543,0,4,0.34513598680496216,0
U12544,0,1,0.015714960172772408,0
U12545,0,5,0.4069657623767853,0
U12546,0,2,0.029936883598566055,0
U12547,0,2,0.008661720901727676,0
U12548,0,2,0.004722044337540865,0
U12549,0,2,0.12088823318481445,0
U12550,0,3,0.023272354155778885,0
U12551,0,5,0.04943472146987915,0
U12552,0,2,0.16207362711429596,0
U12553,0,1,0.031025076285004616,0
U12554,0,5,0.011613158509135246,0
U12555,0,4,0.06565552204847336,0
U12556,0,3,0.012315030209720135,0
U12557,0,2,0.03369518741965294,0
U12558,0,4,0.22277459502220154,0
U12559,0,3,0.00826205313205719,0
U12560,0,3,0.0007293120725080371,0
U12561,0,2,0.21273955702781677,0
U12562,0,2,0.020718906074762344,0
U12563,0,4,0.46635109186172485,0
U12564,0,3,0.037962138652801514,0
U12565,0,2,0.004351039417088032,0
U12566,0,2,0.06280163675546646,0
U12567,0,3,0.001140473410487175,0
U12568,0,4,0.17429301142692566,0
U12569,0,4,0.15150175988674164,0
U12570,0,5,0.02725629135966301,0
U12571,0,5,0.015195022337138653,0
U12572,0,4,0.3833058476448059,0
U12573,0,3,0.012546608224511147,0
U12574,0,1,0.033423542976379395,0
U12575,0,2,0.25196078419685364,0
U12576,0,1,0.0038056718185544014,0
U12577,0,3,0.08359668403863907,0
U12578,0,3,0.03140917792916298,0
U12579,0,2,0.03190214931964874,0
U12580,0,1,0.0026219708379358053,0
U12581,0,5,0.030641790479421616,0
U12582,0,2,0.0323588103055954,0
U12583,0,3,0.028721025213599205,0
U12584,0,4,0.023092076182365417,0
U12585,0,2,0.007617499679327011,0
U12586,0,4,0.0031070641707628965,0
U12587,0,5,0.019266793504357338,0
U12588,0,5,0.18522152304649353,0
U12589,0,2,0.0366687998175621,0
U12590,0,2,0.0049060736782848835,0
U12591,0,1,0.033724039793014526,0
U12592,0,5,0.8278929591178894,1
U12593,0,3,0.013303816318511963,0
U12594,0,5,0.008459740318357944,0
U12595,0,3,0.1787329912185669,0
U12596,0,2,0.14887692034244537,0
U12597,0,5,0.5546076893806458,1
U12598,0,2,0.1422004997730255,0
U12599,0,2,0.8596111536026001,1
U12600,0,2,0.024979008361697197,0
U12601,0,4,0.028279094025492668,0
U12602,0,5,0.19084694981575012,0
U12603,0,3,0.10820289701223373,0
U12604,0,4,0.21547146141529083,0
U12605,0,3,0.7774339914321899,1
U12606,0,3,0.0014198952121660113,0
U12607,0,5,0.03386937826871872,0
U12608,0,2,0.005588704254478216,0
U12609,0,5,0.011794772930443287,0
U12610,0,1,0.03307250142097473,0
U12611,0,2,0.0825650691986084,0
U12612,0,4,0.05961745232343674,0
U12613,0,2,0.0031830999068915844,0
U12614,0,4,0.012699520215392113,0
U12615,0,3,0.05846581980586052,0
U12616,0,3,0.08013205230236053,0
U12617,0,2,0.3504348695278168,0
U12618,0,5,0.048707976937294006,0
U12619,0,1,0.24899594485759735,0
U12620,0,1,0.26456451416015625,0
U12621,0,5,0.3658474087715149,0
U12622,0,1,0.010781174525618553,0
U12623,0,4,0.011263822205364704,0
U12624,0,5,0.36783987283706665,0
U12625,0,5,0.0038215008098632097,0
U12626,0,1,0.0016953280428424478,0
U12627,0,2,0.05949468910694122,0
U12628,0,3,0.04020257666707039,0
U12629,0,4,0.016686677932739258,0
U12630,0,1,0.08704155683517456,0
U12631,0,2,0.08994017541408539,0
U12632,0,4,0.00991132203489542,0
U12633,0,1,0.009819524362683296,0
U12634,0,1,0.0014633594546467066,0
U12635,0,1,0.20481404662132263,0
U12636,0,2,0.7415474057197571,1
U12637,0,4,0.3035833537578583,0
U12638,0,3,0.14581727981567383,0
U12639,0,1,0.5094001293182373,1
U12640,0,5,0.5455573797225952,1
U12641,0,1,0.3515382707118988,0
U12642,0,5,0.008873162791132927,0
U12643,0,2,0.9005281925201416,1
U12644,0,3,0.0009941027965396643,0
U12645,0,4,0.017985813319683075,0
U12646,0,2,0.025133857503533363,0
U12647,0,4,0.8305264711380005,1
U12648,0,1,0.023247595876455307,0
U12649,0,5,0.031088832765817642,0
U12650,0,2,0.4034721851348877,0
U12651,0,5,0.008612921461462975,0
U12652,0,1,0.10260108858346939,0
U12653,0,5,0.014994664117693901,0
U12654,0,3,0.13908329606056213,0
U12655,0,3,0.21601654589176178,0
U12656,0,2,0.4450061619281769,0
U12657,0,3,0.2143699824810028,0
U12658,0,2,0.005717948544770479,0
U12659,0,3,0.5642297863960266,1
U12660,0,5,0.33078712224960327,0
U12661,0,5,0.0008076101657934487,0
U12662,0,5,0.15614387392997742,0
U12663,0,5,0.2252333015203476,0
U12664,0,3,0.0016799719305709004,0
U12665,0,1,0.0031989135313779116,0
U12666,0,3,0.2463836669921875,0
U12667,0,1,0.04058694839477539,0
U12668,0,1,0.007632828783243895,0
U12669,0,2,0.032517194747924805,0
U12670,0,1,0.0198076032102108,0
U12671,0,3,0.07599269598722458,0
U12672,0,4,0.17154207825660706,0
U12673,0,4,0.004865282215178013,0
U12674,0,2,0.028751296922564507,0
U12675,0,5,0.13582010567188263,0
U12676,0,1,0.004039023071527481,0
U12677,0,2,0.007768501061946154,0
U12678,0,1,0.05262957885861397,0
U12679,0,3,0.02548864483833313,0
U12680,0,1,0.006083539221435785,0
U12681,0,1,0.08507703244686127,0
U12682,0,4,0.0700482502579689,0
U12683,0,2,0.3447268605232239,0
U12684,0,1,0.03982242941856384,0
U12685,0,1,0.0017979301046580076,0
U12686,0,3,0.05394856631755829,0
U12687,0,3,0.1371985375881195,0
U12688,0,2,0.05104370415210724,0
U12689,0,3,0.19647154211997986,0
U12690,0,3,0.07749618589878082,0
U12691,0,4,0.07746167480945587,0
U12692,0,4,0.041495032608509064,0
U12693,0,1,0.024447748437523842,0
U12694,0,1,0.0032619365956634283,0
U12695,0,5,0.4463328421115875,0
U12696,0,3,0.017648033797740936,0
U12697,0,3,0.6348434090614319,1
U12698,0,2,0.009084176272153854,0
U12699,0,1,0.49660032987594604,0
U12700,0,5,0.01639358140528202,0
U12701,0,4,0.1568882018327713,0
U12702,0,3,0.007740802597254515,0
U12703,0,3,0.2136370837688446,0
U12704,0,4,0.1759430319070816,0
U12705,0,4,0.14032544195652008,0
U12706,0,3,0.09209921211004257,0
U12707,0,4,0.016318099573254585,0
U12708,0,3,0.0013246361631900072,0
U12709,0,3,0.12933307886123657,0
U12710,0,2,0.016520816832780838,0
U12711,0,5,0.003931109327822924,0
U12712,0,1,0.019330553710460663,0
U12713,0,3,0.06040754169225693,0
U12714,0,2,0.01298245508223772,0
U12715,0,4,0.155544251203537,0
U12716,0,2,0.04466214403510094,0
U12717,0,5,0.22820213437080383,0
U12718,0,2,0.3625551462173462,0
U12719,0,1,0.22952917218208313,0
U12720,0,2,0.0021926232147961855,0
U12721,0,1,0.42382481694221497,0
U12722,0,2,0.042456235736608505,0
U12723,0,2,0.023655466735363007,0
U12724,0,5,0.004451647866517305,0
U12725,0,3,0.03125341236591339,0
U12726,0,2,0.0407092347741127,0
U12727,0,3,0.004155326634645462,0
U12728,0,4,0.7993322610855103,1
U12729,0,1,0.2907293736934662,0
U12730,0,2,0.872794508934021,1
U12731,0,4,0.47933560609817505,0
U12732,0,5,0.006958323065191507,0
U12733,0,5,0.19242072105407715,0
U12734,0,4,0.015423350036144257,0
U12735,0,4,0.0569828599691391,0
U12736,0,5,0.00704395305365324,0
U12737,0,2,0.008357484824955463,0
U12738,0,3,0.026913058012723923,0
U12739,0,2,0.06941792368888855,0
U12740,0,3,0.1866653859615326,0
U12741,0,1,0.023724114522337914,0
U12742,0,2,0.012671084143221378,0
U12743,0,2,0.2094583958387375,0
U12744,0,3,0.03905794024467468,0
U12745,0,4,0.08948645740747452,0
U12746,0,5,0.22103077173233032,0
U12747,0,3,0.08504268527030945,0
U12748,0,3,0.04564735293388367,0
U12749,0,4,0.015929775312542915,0
U12750,0,1,0.019259583204984665,0
U12751,0,4,0.012091370299458504,0
U12752,0,1,0.1259458065032959,0
U12753,0,2,0.895453691482544,1
U12754,0,1,0.041829973459243774,0
U12755,0,4,0.8390617370605469,1
U12756,0,4,0.414299339056015,0
U12757,0,5,0.4167201519012451,0
U12758,0,4,0.007356793619692326,0
U12759,0,1,0.04380277544260025,0
U12760,0,2,0.2943709194660187,0
U12761,0,5,0.28452861309051514,0
U12762,0,1,0.001464239088818431,0
U12763,0,3,0.032618582248687744,0
U12764,0,1,0.007931429892778397,0
U12765,0,3,0.1188686341047287,0
U12766,0,2,0.04329913109540939,0
U12767,0,2,0.07683606445789337,0
U12768,0,2,0.017275772988796234,0
U12769,0,5,0.020303932949900627,0
U12770,0,3,0.002300722524523735,0
U12771,0,1,0.00540600810199976,0
U12772,0,2,0.007021826226264238,0
U12773,0,3,0.0021207816898822784,0
U12774,0,1,0.00622924929484725,0
U12775,0,3,0.07186123728752136,0
U12776,0,4,0.04176875576376915,0
U12777,0,2,0.07831420004367828,0
U12778,0,3,0.6730124354362488,1
U12779,0,2,0.7618908882141113,1
U12780,0,2,0.0007876711315475404,0
U12781,0,5,0.1538611352443695,0
U12782,0,4,0.048514701426029205,0
U12783,0,5,0.0012852932559326291,0
U12784,0,1,0.02571551874279976,0
U12785,0,3,0.01963803730905056,0
U12786,0,1,0.01062945369631052,0
U12787,0,3,0.6879856586456299,1
U12788,0,3,0.14352142810821533,0
U12789,0,4,0.029189230874180794,0
U12790,0,1,0.009687748737633228,0
U12791,0,1,0.021729037165641785,0
U12792,0,4,0.01474049687385559,0
U12793,0,4,0.009271829389035702,0
U12794,0,5,0.0018268692074343562,0
U12795,0,3,0.28453516960144043,0
U12796,0,1,0.021655328571796417,0
U12797,0,4,0.10658968240022659,0
U12798,0,3,0.09094816446304321,0
U12799,0,4,0.005978106986731291,0
U12800,0,5,0.17719152569770813,0
U12801,0,3,0.07250398397445679,0
U12802,0,2,0.03488906845450401,0
U12803,0,4,0.08657369017601013,0
U12804,0,3,0.545576810836792,1
U12805,0,5,0.06469802558422089,0
U12806,0,2,0.10920558124780655,0
U12807,0,2,0.0839182659983635,0
U12808,0,4,0.035690926015377045,0
U12809,0,5,0.3882969915866852,0
U12810,0,5,0.005487404763698578,0
U12811,0,3,0.3433874547481537,0
U12812,0,2,0.3538428246974945,0
U12813,0,3,0.19562920928001404,0
U12814,0,2,0.023137565702199936,0
U12815,0,1,0.22888556122779846,0
U12816,0,1,0.9148403406143188,1
U12817,0,3,0.28978610038757324,0
U12818,0,3,0.02691485546529293,0
U12819,0,4,0.1740819811820984,0
U12820,0,1,0.162708580493927,0
U12821,0,4,0.04642254859209061,0
U12822,0,2,0.20861861109733582,0
U12823,0,4,0.028796199709177017,0
U12824,0,1,0.09446276724338531,0
U12825,0,5,0.044936977326869965,0
U12826,0,4,0.026997175067663193,0
U12827,0,2,0.01601835899055004,0
U12828,0,1,0.007678501307964325,0
U12829,0,3,0.004545459523797035,0
U12830,0,5,0.034310758113861084,0
U12831,0,2,0.02742018550634384,0
U12832,0,2,0.053094007074832916,0
U12833,0,4,0.5280172824859619,1
U12834,0,1,0.01722998358309269,0
U12835,0,5,0.0073048267513513565,0
U12836,0,2,0.010999508202075958,0
U12837,0,4,0.13764114677906036,0
U12838,0,4,0.13003449141979218,0
U12839,0,2,0.06894136220216751,0
U12840,0,1,0.022693123668432236,0
U12841,0,4,0.01093943789601326,0
U12842,0,3,0.020446747541427612,0
U12843,0,2,0.006781678181141615,0
U12844,0,2,0.0036996088456362486,0
U12845,0,1,0.028449688106775284,0
U12846,0,5,0.010784275829792023,0
U12847,0,5,0.6652143597602844,1
U12848,0,5,0.21682199835777283,0
U12849,0,1,0.02653585374355316,0
U12850,0,2,0.08445259928703308,0
U12851,0,4,0.10917694121599197,0
U12852,0,1,0.04884735122323036,0
U12853,0,5,0.3428677022457123,0
U12854,0,2,0.001210700604133308,0
U12855,0,2,0.02584013156592846,0
U12856,0,3,0.009434832260012627,0
U12857,0,1,0.02333780750632286,0
U12858,0,4,0.07507634162902832,0
U12859,0,3,0.31164056062698364,0
U12860,0,2,0.01967448741197586,0
U12861,0,4,0.2053343951702118,0
U12862,0,3,0.005675373133271933,0
U12863,0,5,0.009801101870834827,0
U12864,0,5,0.006970813497900963,0
U12865,0,4,0.056492604315280914,0
U12866,0,2,0.35281771421432495,0
U12867,0,4,0.012405024841427803,0
U12868,0,3,0.15397454798221588,0
U12869,0,4,0.2183099389076233,0
U12870,0,3,0.0041747805662453175,0
U12871,0,3,0.243441641330719,0
U12872,0,2,0.022807031869888306,0
U12873,0,5,0.05976802110671997,0
U12874,0,2,0.004400451667606831,0
U12875,0,4,0.003217788878828287,0
U12876,0,4,0.01925826258957386,0
U12877,0,5,0.00387898413464427,0
U12878,0,4,0.04431110620498657,0
U12879,0,5,0.007310536224395037,0
U12880,0,5,0.38293707370758057,0
U12881,0,3,0.873886227607727,1
U12882,0,1,0.7014119625091553,1
U12883,0,5,0.005547720938920975,0
U12884,0,1,0.02066313661634922,0
U12885,0,3,0.00791952759027481,0
U12886,0,2,0.013028157874941826,0
U12887,0,2,0.7295598983764648,1
U12888,0,5,0.9492618441581726,1
U12889,0,1,0.022089701145887375,0
U12890,0,5,0.6284072995185852,1
U12891,0,4,0.14478923380374908,0
U12892,0,4,0.018344761803746223,0
U12893,0,1,0.31044885516166687,0
U12894,0,1,0.041323862969875336,0
U12895,0,4,0.01763538271188736,0
U12896,0,1,0.37192508578300476,0
U12897,0,2,0.10694065690040588,0
U12898,0,3,0.00934925489127636,0
U12899,0,2,0.5294585824012756,1
U12900,0,4,0.017904894426465034,0
U12901,0,5,0.004090785048902035,0
U12902,0,2,0.008463019505143166,0
U12903,0,4,0.04445846378803253,0
U12904,0,3,0.17812588810920715,0
U12905,0,1,0.8737245798110962,1
U12906,0,5,0.012968686409294605,0
U12907,0,4,0.14024801552295685,0
U12908,0,1,0.007277350872755051,0
U12909,0,3,0.06044885516166687,0
U12910,0,1,0.0034191408194601536,0
U12911,0,2,0.09378886222839355,0
U12912,0,3,0.006907769478857517,0
U12913,0,1,0.017543518915772438,0
U12914,0,1,0.05374401435256004,0
U12915,0,3,0.27028608322143555,0
U12916,0,5,0.9720580577850342,1
U12917,0,1,0.015210716985166073,0
U12918,0,3,0.326050728559494,0
U12919,0,4,0.027336416766047478,0
U12920,0,1,0.0014300053007900715,0
U12921,0,5,0.1687752604484558,0
U12922,0,5,0.27268335223197937,0
U12923,0,2,0.020013468340039253,0
U12924,0,2,0.7973038554191589,1
U12925,0,2,0.4883754253387451,0
U12926,0,3,0.1288110911846161,0
U12927,0,3,0.09865376353263855,0
U12928,0,5,0.21709835529327393,0
U12929,0,2,0.008309383876621723,0
U12930,0,4,0.03789911046624184,0
U12931,0,2,0.6614281535148621,1
U12932,0,2,0.0008463349658995867,0
U12933,0,5,0.022358840331435204,0
U12934,0,1,0.027576293796300888,0
U12935,0,5,0.02682086080312729,0
U12936,0,5,0.2549630105495453,0
U12937,0,4,0.02732345461845398,0
U12938,0,2,0.027163054794073105,0
U12939,0,4,0.037749212235212326,0
U12940,0,5,0.015518048778176308,0
U12941,0,3,0.05237553268671036,0
U12942,0,2,0.6384109258651733,1
U12943,0,1,0.001913878950290382,0
U12944,0,4,0.03564370796084404,0
U12945,0,2,0.0037017017602920532,0
U12946,0,1,0.03166411444544792,0
U12947,0,1,0.05566781014204025,0
U12948,0,3,0.12537692487239838,0
U12949,0,1,0.7357982993125916,1
U12950,0,5,0.0025431569665670395,0
U12951,0,1,0.005223636515438557,0
U12952,0,3,0.05430324003100395,0
U12953,0,3,0.005263598635792732,0
U12954,0,4,0.022967733442783356,0
U12955,0,2,0.30265212059020996,0
U12956,0,1,0.0212080180644989,0
U12957,0,2,0.04520484805107117,0
U12958,0,5,0.13872553408145905,0
U12959,0,1,0.002792597748339176,0
U12960,0,3,0.37098172307014465,0
U12961,0,1,0.7987506985664368,1
U12962,0,5,0.8632632493972778,1
U12963,0,3,0.014146707952022552,0
U12964,0,4,0.006361335515975952,0
U12965,0,3,0.03470643237233162,0
U12966,0,1,0.0016056956956163049,0
U12967,0,2,0.27785149216651917,0
U12968,0,4,0.8481510877609253,1
U12969,0,1,0.055018194019794464,0
U12970,0,4,0.7534599900245667,1
U12971,0,4,0.006576684769243002,0
U12972,0,1,0.9338877201080322,1
U12973,0,5,0.03146123141050339,0
U12974,0,4,0.07132384181022644,0
U12975,0,5,0.16479915380477905,0
U12976,0,3,0.04434604570269585,0
U12977,0,4,0.262984961271286,0
U12978,0,5,0.002385430270805955,0
U12979,0,5,0.09819728136062622,0
U12980,0,5,0.9572327733039856,1
U12981,0,2,0.29558658599853516,0
U12982,0,3,0.042893506586551666,0
U12983,0,3,0.011109788902103901,0
U12984,0,4,0.020100466907024384,0
U12985,0,3,0.009084890596568584,0
U12986,0,1,0.9368132948875427,1
U12987,0,3,0.11407256126403809,0
U12988,0,5,0.04325168952345848,0
U12989,0,1,0.08729036152362823,0
U12990,0,1,0.8411203622817993,1
U12991,0,1,0.10085398703813553,0
U12992,0,1,0.1463664472103119,0
U12993,0,4,0.04607044532895088,0
U12994,0,1,0.0020675978157669306,0
U12995,0,3,0.01903124712407589,0
U12996,0,4,0.18079912662506104,0
U12997,0,2,0.10977887362241745,0
U12998,0,3,0.01222857367247343,0
U12999,0,5,0.02271329239010811,0
U13000,0,4,0.27821215987205505,0
U13001,0,2,0.5790653228759766,1
U13002,0,3,0.13501760363578796,0
U13003,0,4,0.07598313689231873,0
U13004,0,4,0.004381019156426191,0
U13005,0,2,0.3757869303226471,0
U13006,0,1,0.27495259046554565,0
U13007,0,1,0.017386943101882935,0
U13008,0,5,0.9422862529754639,1
U13009,0,5,0.02959803119301796,0
U13010,0,1,0.05270805582404137,0
U13011,0,4,0.00705635454505682,0
U13012,0,3,0.013305685482919216,0
U13013,0,2,0.10106511414051056,0
U13014,0,3,0.017602624371647835,0
U13015,0,1,0.032040324062108994,0
U13016,0,3,0.2242555320262909,0
U13017,0,3,0.6663545370101929,1
U13018,0,5,0.6556180119514465,1
U13019,0,4,0.00260445149615407,0
U13020,0,5,0.10123226046562195,0
U13021,0,3,0.2690105140209198,0
U13022,0,5,0.5686391592025757,1
U13023,0,2,0.013379388488829136,0
U13024,0,4,0.015716776251792908,0
U13025,0,5,0.12333910167217255,0
U13026,0,2,0.13047875463962555,0
U13027,0,3,0.018713681027293205,0
U13028,0,5,0.011485536582767963,0
U13029,0,4,0.01637297123670578,0
U13030,0,4,0.03353903815150261,0
U13031,0,3,0.40377986431121826,0
U13032,0,2,0.04231086000800133,0
U13033,0,2,0.021995097398757935,0
U13034,0,2,0.0012220360804349184,0
U13035,0,4,0.30931606888771057,0
U13036,0,4,0.005813577212393284,0
U13037,0,3,0.025372140109539032,0
U13038,0,3,0.006615533027797937,0
U13039,0,1,0.008306397125124931,0
U13040,0,1,0.09861993789672852,0
U13041,0,1,0.01944555714726448,0
U13042,0,1,0.48112952709198,0
U13043,0,1,0.004007844720035791,0
U13044,0,2,0.033445753157138824,0
U13045,0,1,0.027817295864224434,0
U13046,0,4,0.443603515625,0
U13047,0,4,0.13071319460868835,0
U13048,0,3,0.02348220907151699,0
U13049,0,2,0.04473906755447388,0
U13050,0,2,0.5615421533584595,1
U13051,0,1,0.0034648904111236334,0
U13052,0,4,0.012545780278742313,0
U13053,0,3,0.06993961334228516,0
U13054,0,4,0.37755337357521057,0
U13055,0,3,0.0296368058770895,0
U13056,0,5,0.46343564987182617,0
U13057,0,4,0.4161403775215149,0
U13058,0,2,0.7937167882919312,1
U13059,0,4,0.018501492217183113,0
U13060,0,2,0.3346741497516632,0
U13061,0,1,0.007725077215582132,0
U13062,0,5,0.02392733469605446,0
U13063,0,3,0.6303882598876953,1
U13064,0,3,0.08266828209161758,0
U13065,0,5,0.4589768946170807,0
U13066,0,3,0.0036576460115611553,0
U13067,0,4,0.34102728962898254,0
U13068,0,2,0.3366122245788574,0
U13069,0,4,0.2232944518327713,0
U13070,0,5,0.013837939128279686,0
U13071,0,4,0.003411913523450494,0
U13072,0,1,0.4899256229400635,0
U13073,0,5,0.048962563276290894,0
U13074,0,1,0.03148474171757698,0
U13075,0,2,0.0229024738073349,0
U13076,0,2,0.0010054968297481537,0
U13077,0,1,0.017293572425842285,0
U13078,0,4,0.06231658160686493,0
U13079,0,2,0.004797774832695723,0
U13080,0,5,0.686552107334137,1
U13081,0,5,0.016024943441152573,0
U13082,0,3,0.08350976556539536,0
U13083,0,4,0.19500260055065155,0
U13084,0,5,0.3876360058784485,0
U13085,0,4,0.012567738071084023,0
U13086,0,3,0.003187157679349184,0
U13087,0,3,0.04472494497895241,0
U13088,0,1,0.00702188815921545,0
U13089,0,1,0.01616671122610569,0
U13090,0,2,0.05759289860725403,0
U13091,0,3,0.0026611487846821547,0
U13092,0,3,0.9135705828666687,1
U13093,0,2,0.006545538082718849,0
U13094,0,4,0.02506357990205288,0
U13095,0,2,0.03816346824169159,0
U13096,0,4,0.1847173273563385,0
U13097,0,5,0.9839438199996948,1
U13098,0,5,0.03518803045153618,0
U13099,0,3,0.0676029771566391,0
U13100,0,3,0.04626080393791199,0
U13101,0,3,0.0013560133520513773,0
U13102,0,4,0.00913179386407137,0
U13103,0,2,0.037265677005052567,0
U13104,0,5,0.014105493202805519,0
U13105,0,1,0.020666614174842834,0
U13106,0,3,0.2877267003059387,0
U13107,0,2,0.4866717457771301,0
U13108,0,5,0.04012126475572586,0
U13109,0,2,0.0021753923501819372,0
U13110,0,4,0.02094639278948307,0
U13111,0,2,0.2605609595775604,0
U13112,0,1,0.03527197986841202,0
U13113,0,1,0.021135853603482246,0
U13114,0,5,0.004866329487413168,0
U13115,0,1,0.004628640133887529,0
U13116,0,2,0.03432250767946243,0
U13117,0,5,0.004267969634383917,0
U13118,0,2,0.04036203399300575,0
U13119,0,3,0.16126251220703125,0
U13120,0,4,0.09991437196731567,0
U13121,0,5,0.6709387898445129,1
U13122,0,4,0.17710401117801666,0
U13123,0,3,0.005025515332818031,0
U13124,0,4,0.10101306438446045,0
U13125,0,2,0.030659949406981468,0
U13126,0,2,0.012518233619630337,0
U13127,0,4,0.9406402111053467,1
U13128,0,1,0.002521550515666604,0
U13129,0,1,0.024675268679857254,0
U13130,0,3,0.20831391215324402,0
U13131,0,1,0.8784609436988831,1
U13132,0,3,0.11083012819290161,0
U13133,0,5,0.028411947190761566,0
U13134,0,2,0.009746936149895191,0
U13135,0,3,0.014125383459031582,0
U13136,0,1,0.032533910125494,0
U13137,0,4,0.39039871096611023,0
U13138,0,5,0.07673994451761246,0
U13139,0,4,0.39699095487594604,0
U13140,0,2,0.001634060638025403,0
U13141,0,2,0.025564726442098618,0
U13142,0,4,0.026768498122692108,0
U13143,0,3,0.1955866813659668,0
U13144,0,4,0.0559585802257061,0
U13145,0,5,0.05644271522760391,0
U13146,0,3,0.016600027680397034,0
U13147,0,3,0.1809510439634323,0
U13148,0,2,0.49466395378112793,0
U13149,0,5,0.15516382455825806,0
U13150,0,1,0.7613276243209839,1
U13151,0,1,0.03480865806341171,0
U13152,0,5,0.011803762055933475,0
U13153,0,3,0.18332576751708984,0
U13154,0,4,0.10206928104162216,0
U13155,0,3,0.004304449073970318,0
U13156,0,5,0.862132728099823,1
U13157,0,4,0.016064167022705078,0
U13158,0,4,0.002417141105979681,0
U13159,0,4,0.036366429179906845,0
U13160,0,4,0.16819968819618225,0
U13161,0,4,0.025121066719293594,0
U13162,0,1,0.025856025516986847,0
U13163,0,5,0.004961906000971794,0
U13164,0,3,0.1537487506866455,0
U13165,0,4,0.01611887663602829,0
U13166,0,5,0.014852555468678474,0
U13167,0,5,0.012716138735413551,0
U13168,0,2,0.0076179346069693565,0
U13169,0,2,0.7013866305351257,1
U13170,0,3,0.8132135272026062,1
U13171,0,5,0.33751505613327026,0
U13172,0,1,0.0045008244924247265,0
U13173,0,4,0.15627853572368622,0
U13174,0,1,0.5018754601478577,1
U13175,0,5,0.02741306647658348,0
U13176,0,1,0.04122903198003769,0
U13177,0,2,0.08407649397850037,0
U13178,0,3,0.07747773826122284,0
U13179,0,4,0.01069633848965168,0
U13180,0,1,0.005926544778048992,0
U13181,0,1,0.0958167091012001,0
U13182,0,4,0.12858866155147552,0
U13183,0,1,0.06539341807365417,0
U13184,0,3,0.02198190428316593,0
U13185,0,2,0.41909173130989075,0
U13186,0,5,0.38304123282432556,0
U13187,0,5,0.30392882227897644,0
U13188,0,1,0.023077894002199173,0
U13189,0,3,0.11801938712596893,0
U13190,0,3,0.14247040450572968,0
U13191,0,3,0.025478847324848175,0
U13192,0,4,0.008604345843195915,0
U13193,0,3,0.00447197537869215,0
U13194,0,5,0.004185691010206938,0
U13195,0,5,0.08091044425964355,0
U13196,0,5,0.008637206628918648,0
U13197,0,2,0.25455161929130554,0
U13198,0,4,0.013541648164391518,0
U13199,0,2,0.019484693184494972,0
U13200,0,2,0.9418092966079712,1
U13201,0,2,0.5864258408546448,1
U13202,0,2,0.026998979970812798,0
U13203,0,4,0.028424326330423355,0
U13204,0,3,0.013158165849745274,0
U13205,0,2,0.010208304971456528,0
U13206,0,2,0.5272036194801331,1
U13207,0,3,0.00628938851878047,0
U13208,0,2,0.006673370487987995,0
U13209,0,2,0.007910550571978092,0
U13210,0,4,0.11585446447134018,0
U13211,0,4,0.059057433158159256,0
U13212,0,1,0.00990113615989685,0
U13213,0,1,0.0032785777002573013,0
U13214,0,5,0.9757652282714844,1
U13215,0,1,0.024353163316845894,0
U13216,0,2,0.09683752059936523,0
U13217,0,4,0.06797865778207779,0
U13218,0,2,0.23547717928886414,0
U13219,0,3,0.15448111295700073,0
U13220,0,3,0.944026529788971,1
U13221,0,4,0.006468320265412331,0
U13222,0,5,0.22740748524665833,0
U13223,0,3,0.023888183757662773,0
U13224,0,1,0.02073531597852707,0
U13225,0,5,0.016548315063118935,0
U13226,0,5,0.5588563680648804,1
U13227,0,4,0.03590378165245056,0
U13228,0,3,0.0328189842402935,0
U13229,0,2,0.0031744635198265314,0
U13230,0,2,0.0018058010609820485,0
U13231,0,2,0.020688852295279503,0
U13232,0,1,0.3495714068412781,0
U13233,0,3,0.01873134821653366,0
U13234,0,1,0.0014959016116335988,0
U13235,0,3,0.3171713054180145,0
U13236,0,3,0.7771738767623901,1
U13237,0,4,0.024229900911450386,0
U13238,0,3,0.012770229950547218,0
U13239,0,2,0.15038293600082397,0
U13240,0,4,0.04050084203481674,0
U13241,0,3,0.01108701154589653,0
U13242,0,4,0.036332134157419205,0
U13243,0,1,0.021597525104880333,0
U13244,0,3,0.0007880157791078091,0
U13245,0,3,0.014491542242467403,0
U13246,0,5,0.004606342874467373,0
U13247,0,4,0.01759931445121765,0
U13248,0,5,0.02793198451399803,0
U13249,0,4,0.02367492765188217,0
U13250,0,2,0.07271135598421097,0
U13251,0,5,0.002221173606812954,0
U13252,0,2,0.013985583558678627,0
U13253,0,3,0.06445197761058807,0
U13254,0,3,0.323991984128952,0
U13255,0,4,0.005752961151301861,0
U13256,0,1,0.12655150890350342,0
U13257,0,5,0.002676679054275155,0
U13258,0,4,0.006354695651680231,0
U13259,0,1,0.07918603718280792,0
U13260,0,5,0.0023719246964901686,0
U13261,0,2,0.007581673096865416,0
U13262,0,3,0.014787688851356506,0
U13263,0,4,0.12070301175117493,0
U13264,0,2,0.008749982342123985,0
U13265,0,2,0.24773120880126953,0
U13266,0,3,0.038517553359270096,0
U13267,0,4,0.06778931617736816,0
U13268,0,3,0.28095173835754395,0
U13269,0,3,0.5884391069412231,1
U13270,0,2,0.22361920773983002,0
U13271,0,1,0.6232907176017761,1
U13272,0,5,0.0370711050927639,0
U13273,0,4,0.010107169859111309,0
U13274,0,3,0.20850327610969543,0
U13275,0,2,0.03669798746705055,0
U13276,0,3,0.07510191947221756,0
U13277,0,5,0.05633511766791344,0
U13278,0,5,0.011620636098086834,0
U13279,0,4,0.076732337474823,0
U13280,0,2,0.015867553651332855,0
U13281,0,3,0.1498178243637085,0
U13282,0,1,0.11518103629350662,0
U13283,0,1,0.0035322709009051323,0
U13284,0,2,0.012641244567930698,0
U13285,0,2,0.013384622521698475,0
U13286,0,1,0.028203781694173813,0
U13287,0,1,0.011104598641395569,0
U13288,0,4,0.004458277951925993,0
U13289,0,1,0.04119597375392914,0
U13290,0,4,0.02824489399790764,0
U13291,0,5,0.007074406836181879,0
U13292,0,2,0.02812018431723118,0
U13293,0,1,0.7638931274414062,1
U13294,0,4,0.0014125287998467684,0
U13295,0,2,0.03246304392814636,0
U13296,0,3,0.21684952080249786,0
U13297,0,2,0.009550097398459911,0
U13298,0,4,0.0067870281636714935,0
U13299,0,4,0.017112309113144875,0
U13300,0,2,0.2053593099117279,0
U13301,0,1,0.01257410179823637,0
U13302,0,4,0.014324434101581573,0
U13303,0,4,0.6392814517021179,1
U13304,0,4,0.33108314871788025,0
U13305,0,5,0.3173988461494446,0
U13306,0,4,0.25076305866241455,0
U13307,0,1,0.021564308553934097,0
U13308,0,4,0.0367838591337204,0
U13309,0,2,0.01175890862941742,0
U13310,0,5,0.011148247867822647,0
U13311,0,3,0.12819992005825043,0
U13312,0,4,0.2819564938545227,0
U13313,0,4,0.08338557183742523,0
U13314,0,5,0.19089195132255554,0
U13315,0,3,0.018944650888442993,0
U13316,0,1,0.012760881334543228,0
U13317,0,1,0.08759569376707077,0
U13318,0,4,0.36149412393569946,0
U13319,0,4,0.031440846621990204,0
U13320,0,4,0.001684705726802349,0
U13321,0,1,0.8891781568527222,1
U13322,0,5,0.3062385022640228,0
U13323,0,1,0.04635393247008324,0
U13324,0,1,0.03575531393289566,0
U13325,0,2,0.008594635874032974,0
U13326,0,4,0.03237907588481903,0
U13327,0,3,0.005367486272007227,0
U13328,0,3,0.5661996006965637,1
U13329,0,1,0.018479106947779655,0
U13330,0,1,0.010039495304226875,0
U13331,0,2,0.0068209050223231316,0
U13332,0,2,0.0302312970161438,0
U13333,0,3,0.010693597607314587,0
U13334,0,1,0.6423196792602539,1
U13335,0,2,0.24325689673423767,0
U13336,0,2,0.06848911941051483,0
U13337,0,5,0.3790298104286194,0
U13338,0,2,0.019701451063156128,0
U13339,0,3,0.010006572119891644,0
U13340,0,5,0.004455449525266886,0
U13341,0,3,0.010938064195215702,0
U13342,0,3,0.12818056344985962,0
U13343,0,2,0.13391144573688507,0
U13344,0,4,0.011465935967862606,0
U13345,0,2,0.21996420621871948,0
U13346,0,5,0.008262083865702152,0
U13347,0,5,0.11306983977556229,0
U13348,0,4,0.002290167612954974,0
U13349,0,5,0.022277498617768288,0
U13350,0,5,0.2093365341424942,0
U13351,0,2,0.35551178455352783,0
U13352,0,4,0.04246143624186516,0
U13353,0,5,0.049072857946157455,0
U13354,0,1,0.03742867708206177,0
U13355,0,4,0.48379218578338623,0
U13356,0,1,0.030865466222167015,0
U13357,0,2,0.0010606892174109817,0
U13358,0,1,0.004117363598197699,0
U13359,0,5,0.017751149833202362,0
U13360,0,2,0.0038217008113861084,0
U13361,0,1,0.7328746914863586,1
U13362,0,3,0.1304970532655716,0
U13363,0,4,0.022415444254875183,0
U13364,0,4,0.4865732192993164,0
U13365,0,1,0.0020307423546910286,0
U13366,0,5,0.03735406696796417,0
U13367,0,3,0.03461458161473274,0
U13368,0,1,0.6384284496307373,1
U13369,0,2,0.12311495840549469,0
U13370,0,4,0.043747734278440475,0
U13371,0,4,0.004458646290004253,0
U13372,0,3,0.7491333484649658,1
U13373,0,2,0.042659565806388855,0
U13374,0,2,0.013403277844190598,0
U13375,0,1,0.008313962258398533,0
U13376,0,2,0.014148843474686146,0
U13377,0,4,0.05608240142464638,0
U13378,0,1,0.6771278381347656,1
U13379,0,5,0.004745895508676767,0
U13380,0,3,0.015339639037847519,0
U13381,0,1,0.007039900869131088,0
U13382,0,4,0.008273321203887463,0
U13383,0,5,0.006858116015791893,0
U13384,0,1,0.8914118409156799,1
U13385,0,3,0.1032688096165657,0
U13386,0,3,0.8308218121528625,1
U13387,0,5,0.019732479006052017,0
U13388,0,2,0.08165828883647919,0
U13389,0,4,0.7855364084243774,1
U13390,0,1,0.01326838694512844,0
U13391,0,1,0.10424736142158508,0
U13392,0,2,0.004794149659574032,0
U13393,0,3,0.037551797926425934,0
U13394,0,4,0.33526748418807983,0
U13395,0,5,0.03477996960282326,0
U13396,0,4,0.016823921352624893,0
U13397,0,4,0.005166260059922934,0
U13398,0,4,0.0037707448936998844,0
U13399,0,1,0.01833847537636757,0
U13400,0,4,0.4816647469997406,0
U13401,0,3,0.1230064183473587,0
U13402,0,2,0.1550225466489792,0
U13403,0,1,0.22791938483715057,0
U13404,0,3,0.028846770524978638,0
U13405,0,4,0.6906352043151855,1
U13406,0,1,0.0741988867521286,0
U13407,0,1,0.04036163166165352,0
U13408,0,3,0.008493734523653984,0
U13409,0,5,0.006447208113968372,0
U13410,0,2,0.006946377456188202,0
U13411,0,4,0.03162184730172157,0
U13412,0,2,0.009005965664982796,0
U13413,0,4,0.1839093267917633,0
U13414,0,2,0.03330083563923836,0
U13415,0,4,0.004251424688845873,0
U13416,0,4,0.10709536075592041,0
U13417,0,5,0.10096428543329239,0
U13418,0,4,0.128068745136261,0
U13419,0,5,0.55159592628479,1
U13420,0,2,0.7981797456741333,1
U13421,0,2,0.0007160666864365339,0
U13422,0,4,0.015883641317486763,0
U13423,0,2,0.0048675984144210815,0
U13424,0,2,0.04595102369785309,0
U13425,0,5,0.006039873696863651,0
U13426,0,3,0.20059850811958313,0
U13427,0,3,0.24525205790996552,0
U13428,0,5,0.417682409286499,0
U13429,0,1,0.1095314621925354,0
U13430,0,1,0.010086172260344028,0
U13431,0,1,0.008408972062170506,0
U13432,0,4,0.7950406670570374,1
U13433,0,2,0.07510664314031601,0
U13434,0,4,0.06840618699789047,0
U13435,0,3,0.13401104509830475,0
U13436,0,3,0.28630533814430237,0
U13437,0,2,0.18134157359600067,0
U13438,0,5,0.4573843479156494,0
U13439,0,3,0.013783598318696022,0
U13440,0,3,0.026176277548074722,0
U13441,0,3,0.5860024094581604,1
U13442,0,2,0.019306804984807968,0
U13443,0,3,0.00671049952507019,0
U13444,0,5,0.027237815782427788,0
U13445,0,4,0.1796330213546753,0
U13446,0,5,0.020538443699479103,0
U13447,0,5,0.4030747711658478,0
U13448,0,4,0.0047371587716042995,0
U13449,0,2,0.1779388189315796,0
U13450,0,4,0.3992794454097748,0
U13451,0,2,0.003042585216462612,0
U13452,0,4,0.011316129937767982,0
U13453,0,1,0.8742510080337524,1
U13454,0,3,0.12358421087265015,0
U13455,0,3,0.4392000734806061,0
U13456,0,1,0.009514439851045609,0
U13457,0,1,0.001736218691803515,0
U13458,0,1,0.12283792346715927,0
U13459,0,3,0.009723687544465065,0
U13460,0,3,0.16202759742736816,0
U13461,0,1,0.698702871799469,1
U13462,0,5,0.10925512760877609,0
U13463,0,4,0.015027790330350399,0
U13464,0,1,0.0182918943464756,0
U13465,0,5,0.0126058179885149,0
U13466,0,5,0.10220809280872345,0
U13467,0,4,0.11108008027076721,0
U13468,0,3,0.010651660151779652,0
U13469,0,3,0.023523971438407898,0
U13470,0,5,0.004168776795268059,0
U13471,0,4,0.14004303514957428,0
U13472,0,3,0.07922255247831345,0
U13473,0,4,0.02166777476668358,0
U13474,0,2,0.012126236222684383,0
U13475,0,3,0.027948478236794472,0
U13476,0,5,0.04466135799884796,0
U13477,0,3,0.027340302243828773,0
U13478,0,5,0.3380708694458008,0
U13479,0,4,0.035162463784217834,0
U13480,0,4,0.013855839148163795,0
U13481,0,4,0.005142868496477604,0
U13482,0,5,0.016758518293499947,0
U13483,0,2,0.0888771265745163,0
U13484,0,4,0.00901644118130207,0
U13485,0,5,0.08370751887559891,0
U13486,0,5,0.20210757851600647,0
U13487,0,4,0.0688645988702774,0
U13488,0,3,0.01670411042869091,0
U13489,0,2,0.5215426683425903,1
U13490,0,4,0.0059026554226875305,0
U13491,0,5,0.0029025853145867586,0
U13492,0,1,0.024364512413740158,0
U13493,0,3,0.29559335112571716,0
U13494,0,1,0.004979993682354689,0
U13495,0,2,0.031563788652420044,0
U13496,0,5,0.4178074598312378,0
U13497,0,3,0.8750630617141724,1
U13498,0,5,0.15848298370838165,0
U13499,0,4,0.015678538009524345,0
U13500,0,2,0.03118874877691269,0
U13501,0,3,0.3236792981624603,0
U13502,0,5,0.019619209691882133,0
U13503,0,2,0.013450313359498978,0
U13504,0,1,0.01655690185725689,0
U13505,0,2,0.18607762455940247,0
U13506,0,4,0.15179692208766937,0
U13507,0,1,0.8955742716789246,1
U13508,0,2,0.009942810982465744,0
U13509,0,2,0.013750710524618626,0
U13510,0,4,0.022956645116209984,0
U13511,0,1,0.10464079678058624,0
U13512,0,5,0.00576580548658967,0
U13513,0,4,0.1045779138803482,0
U13514,0,2,0.23429733514785767,0
U13515,0,1,0.031247716397047043,0
U13516,0,3,0.005720461718738079,0
U13517,0,5,0.7175521850585938,1
U13518,0,4,0.0329614095389843,0
U13519,0,2,0.009569228626787663,0
U13520,0,1,0.046370141208171844,0
U13521,0,3,0.3306865692138672,0
U13522,0,2,0.40167462825775146,0
U13523,0,3,0.024225179105997086,0
U13524,0,4,0.1564091145992279,0
U13525,0,3,0.019852707162499428,0
U13526,0,4,0.3825652599334717,0
U13527,0,4,0.0031808745115995407,0
U13528,0,2,0.23364196717739105,0
U13529,0,5,0.9355602264404297,1
U13530,0,3,0.006841001100838184,0
U13531,0,4,0.11588597297668457,0
U13532,0,4,0.08382615447044373,0
U13533,0,4,0.062354445457458496,0
U13534,0,1,0.04147959128022194,0
U13535,0,5,0.0271711777895689,0
U13536,0,1,0.1429091840982437,0
U13537,0,3,0.0040338109247386456,0
U13538,0,5,0.007498439401388168,0
U13539,0,5,0.2929297685623169,0
U13540,0,4,0.17323878407478333,0
U13541,0,4,0.016536708921194077,0
U13542,0,3,0.020076416432857513,0
U13543,0,4,0.003876212751492858,0
U13544,0,3,0.2286251038312912,0
U13545,0,5,0.1653311401605606,0
U13546,0,1,0.2142358124256134,0
U13547,0,4,0.02766723372042179,0
U13548,0,1,0.032920584082603455,0
U13549,0,1,0.02192963846027851,0
U13550,0,2,0.03773842751979828,0
U13551,0,1,0.6647109985351562,1
U13552,0,3,0.023424018174409866,0
U13553,0,5,0.643062174320221,1
U13554,0,4,0.011404961347579956,0
U13555,0,2,0.0052026789635419846,0
U13556,0,1,0.006495725829154253,0
U13557,0,2,0.0022007024381309748,0
U13558,0,4,0.13357141613960266,0
U13559,0,2,0.018481723964214325,0
U13560,0,3,0.03373413532972336,0
U13561,0,1,0.12453208863735199,0
U13562,0,4,0.029415152966976166,0
U13563,0,1,0.6302255392074585,1
U13564,0,5,0.004921178799122572,0
U13565,0,3,0.49832189083099365,0
U13566,0,1,0.42271995544433594,0
U13567,0,1,0.016151027753949165,0
U13568,0,5,0.009217115119099617,0
U13569,0,4,0.0025015566498041153,0
U13570,0,1,0.03502635657787323,0
U13571,0,2,0.008602653630077839,0
U13572,0,2,0.05696969851851463,0
U13573,0,5,0.06396830081939697,0
U13574,0,3,0.03504752740263939,0
U13575,0,2,0.03128845989704132,0
U13576,0,5,0.020879384130239487,0
U13577,0,5,0.028629083186388016,0
U13578,0,1,0.004957869648933411,0
U13579,0,2,0.021781116724014282,0
U13580,0,1,0.059036657214164734,0
U13581,0,1,0.019678406417369843,0
U13582,0,2,0.015384359285235405,0
U13583,0,4,0.9419733881950378,1
U13584,0,1,0.02797011286020279,0
U13585,0,4,0.012493692338466644,0
U13586,0,1,0.023067224770784378,0
U13587,0,3,0.02189849317073822,0
U13588,0,2,0.09096473455429077,0
U13589,0,2,0.011418161913752556,0
U13590,0,1,0.013017901219427586,0
U13591,0,3,0.21276767551898956,0
U13592,0,3,0.0378035269677639,0
U13593,0,3,0.4910566806793213,0
U13594,0,2,0.013903859071433544,0
U13595,0,4,0.1272534728050232,0
U13596,0,5,0.016000598669052124,0
U13597,0,5,0.6921626329421997,1
U13598,0,1,0.387650728225708,0
U13599,0,5,0.05523883178830147,0
U13600,0,1,0.6006629467010498,1
U13601,0,2,0.016657929867506027,0
U13602,0,1,0.05144478380680084,0
U13603,0,5,0.025362644344568253,0
U13604,0,5,0.1381947249174118,0
U13605,0,3,0.008655033074319363,0
U13606,0,2,0.0035845069214701653,0
U13607,0,2,0.4563562870025635,0
U13608,0,4,0.09322574734687805,0
U13609,0,1,0.17812536656856537,0
U13610,0,5,0.023243453353643417,0
U13611,0,5,0.057401642203330994,0
U13612,0,5,0.017638247460126877,0
U13613,0,4,0.06581054627895355,0
U13614,0,4,0.00571248447522521,0
U13615,0,1,0.598993718624115,1
U13616,0,3,0.010855323635041714,0
U13617,0,2,0.043962568044662476,0
U13618,0,5,0.42618024349212646,0
U13619,0,1,0.03881536424160004,0
U13620,0,2,0.17625975608825684,0
U13621,0,1,0.0026269927620887756,0
U13622,0,3,0.4169270396232605,0
U13623,0,5,0.01690385490655899,0
U13624,0,2,0.21314579248428345,0
U13625,0,4,0.01459677703678608,0
U13626,0,3,0.0074309674091637135,0
U13627,0,5,0.055948950350284576,0
U13628,0,1,0.02179485186934471,0
U13629,0,5,0.6020700335502625,1
U13630,0,5,0.005140318069607019,0
U13631,0,5,0.022996267303824425,0
U13632,0,3,0.06893770396709442,0
U13633,0,3,0.010924712754786015,0
U13634,0,3,0.009204942733049393,0
U13635,0,4,0.05416988581418991,0
U13636,0,1,0.08517617732286453,0
U13637,0,2,0.021519530564546585,0
U13638,0,3,0.9047912359237671,1
U13639,0,4,0.9397172331809998,1
U13640,0,1,0.08603814244270325,0
U13641,0,1,0.36432063579559326,0
U13642,0,1,0.36379340291023254,0
U13643,0,3,0.05245097354054451,0
U13644,0,1,0.06111748889088631,0
U13645,0,3,0.01663554646074772,0
U13646,0,4,0.001617740374058485,0
U13647,0,4,0.013791908510029316,0
U13648,0,3,0.021782390773296356,0
U13649,0,3,0.015643395483493805,0
U13650,0,4,0.009936245158314705,0
U13651,0,1,0.00847780890762806,0
U13652,0,1,0.6214953660964966,1
U13653,0,1,0.0008594398968853056,0
U13654,0,3,0.0026713917031884193,0
U13655,0,1,0.05703558027744293,0
U13656,0,5,0.13419577479362488,0
U13657,0,2,0.08521601557731628,0
U13658,0,3,0.1429014652967453,0
U13659,0,4,0.0834040492773056,0
U13660,0,1,0.017964929342269897,0
U13661,0,1,0.001717887120321393,0
U13662,0,3,0.016904637217521667,0
U13663,0,5,0.7143193483352661,1
U13664,0,4,0.3228180408477783,0
U13665,0,2,0.6501582860946655,1
U13666,0,2,0.005669468082487583,0
U13667,0,4,0.040001869201660156,0
U13668,0,4,0.016879428178071976,0
U13669,0,2,0.09156128764152527,0
U13670,0,5,0.25568240880966187,0
U13671,0,3,0.02443092130124569,0
U13672,0,5,0.3444129526615143,0
U13673,0,5,0.014870933257043362,0
U13674,0,4,0.07040201872587204,0
U13675,0,1,0.013258452527225018,0
U13676,0,5,0.15619632601737976,0
U13677,0,4,0.07488089799880981,0
U13678,0,5,0.5990618467330933,1
U13679,0,5,0.10076864808797836,0
U13680,0,5,0.0163557305932045,0
U13681,0,3,0.667881965637207,1
U13682,0,5,0.002569683361798525,0
U13683,0,3,0.40598729252815247,0
U13684,0,4,0.2333005964756012,0
U13685,0,3,0.060630232095718384,0
U13686,0,4,0.09277009963989258,0
U13687,0,1,0.6517127752304077,1
U13688,0,3,0.9421671032905579,1
U13689,0,5,0.2937542498111725,0
U13690,0,3,0.282914936542511,0
U13691,0,1,0.6450903415679932,1
U13692,0,5,0.031041212379932404,0
U13693,0,4,0.030036775395274162,0
U13694,0,2,0.06533527374267578,0
U13695,0,3,0.003693223465234041,0
U13696,0,5,0.12903034687042236,0
U13697,0,4,0.09213259071111679,0
U13698,0,1,0.004699742887169123,0
U13699,0,2,0.005809159018099308,0
U13700,0,1,0.33412501215934753,0
U13701,0,1,0.7714797258377075,1
U13702,0,5,0.046471185982227325,0
U13703,0,2,0.03973919153213501,0
U13704,0,4,0.036130502820014954,0
U13705,0,3,0.05987295135855675,0
U13706,0,1,0.213750422000885,0
U13707,0,3,0.012146026827394962,0
U13708,0,5,0.018439576029777527,0
U13709,0,5,0.0030579392332583666,0
U13710,0,5,0.004258217755705118,0
U13711,0,3,0.10061147809028625,0
U13712,0,3,0.36606365442276,0
U13713,0,2,0.0029643129091709852,0
U13714,0,2,0.014229063875973225,0
U13715,0,5,0.7763264179229736,1
U13716,0,4,0.05813585966825485,0
U13717,0,2,0.060389451682567596,0
U13718,0,4,0.0942673534154892,0
U13719,0,5,0.00871825497597456,0
U13720,0,3,0.02231523022055626,0
U13721,0,1,0.00624646432697773,0
U13722,0,5,0.16403090953826904,0
U13723,0,5,0.01756879687309265,0
U13724,0,1,0.030425891280174255,0
U13725,0,5,0.15848885476589203,0
U13726,0,2,0.3731503486633301,0
U13727,0,5,0.006269088480621576,0
U13728,0,3,0.01217905804514885,0
U13729,0,5,0.008520924486219883,0
U13730,0,4,0.2507985830307007,0
U13731,0,2,0.011529113166034222,0
U13732,0,1,0.06842529773712158,0
U13733,0,2,0.03394012898206711,0
U13734,0,4,0.08419820666313171,0
U13735,0,3,0.009173771366477013,0
U13736,0,4,0.3441932797431946,0
U13737,0,5,0.04045339301228523,0
U13738,0,4,0.023174114525318146,0
U13739,0,1,0.03911338746547699,0
U13740,0,3,0.01638648472726345,0
U13741,0,1,0.015273714438080788,0
U13742,0,4,0.019337275996804237,0
U13743,0,4,0.0054947868920862675,0
U13744,0,1,0.2546639144420624,0
U13745,0,2,0.05249010771512985,0
U13746,0,4,0.016252940520644188,0
U13747,0,5,0.00402285810559988,0
U13748,0,1,0.022492682561278343,0
U13749,0,2,0.004154944326728582,0
U13750,0,3,0.005213504191488028,0
U13751,0,3,0.013651314191520214,0
U13752,0,3,0.017417455092072487,0
U13753,0,4,0.08135993778705597,0
U13754,0,3,0.0503283254802227,0
U13755,0,4,0.011336707510054111,0
U13756,0,1,0.07395388185977936,0
U13757,0,5,0.05871865525841713,0
U13758,0,1,0.4493650197982788,0
U13759,0,2,0.018089601770043373,0
U13760,0,2,0.7186018228530884,1
U13761,0,5,0.04479442536830902,0
U13762,0,5,0.025199756026268005,0
U13763,0,2,0.5651616454124451,1
U13764,0,5,0.19844460487365723,0
U13765,0,2,0.17556776106357574,0
U13766,0,4,0.02211393043398857,0
U13767,0,5,0.0057775704190135,0
U13768,0,1,0.01883690245449543,0
U13769,0,3,0.20568248629570007,0
U13770,0,2,0.00413589458912611,0
U13771,0,5,0.03290437161922455,0
U13772,0,3,0.4730040729045868,0
U13773,0,5,0.007791952230036259,0
U13774,0,1,0.6581884622573853,1
U13775,0,1,0.05071674659848213,0
U13776,0,5,0.006716316100209951,0
U13777,0,3,0.012478227727115154,0
U13778,0,3,0.06387972086668015,0
U13779,0,4,0.13090646266937256,0
U13780,0,3,0.7864149212837219,1
U13781,0,2,0.004588102921843529,0
U13782,0,2,0.8366712331771851,1
U13783,0,3,0.00715679069980979,0
U13784,0,3,0.02233351580798626,0
U13785,0,4,0.2074829488992691,0
U13786,0,2,0.27855831384658813,0
U13787,0,3,0.08931124210357666,0
U13788,0,2,0.01586093008518219,0
U13789,0,2,0.015440193004906178,0
U13790,0,2,0.0007122763781808317,0
U13791,0,2,0.0029550702311098576,0
U13792,0,3,0.038302332162857056,0
U13793,0,2,0.8004512786865234,1
U13794,0,2,0.6426825523376465,1
U13795,0,4,0.23033425211906433,0
U13796,0,5,0.01018811296671629,0
U13797,0,2,0.12362244725227356,0
U13798,0,3,0.006172257475554943,0
U13799,0,3,0.7535634636878967,1
U13800,0,2,0.004581143148243427,0
U13801,0,3,0.0025541363283991814,0
U13802,0,4,0.5160865783691406,1
U13803,0,5,0.24369120597839355,0
U13804,0,5,0.007137239445000887,0
U13805,0,1,0.002947839442640543,0
U13806,0,5,0.022309772670269012,0
U13807,0,5,0.0007805375498719513,0
U13808,0,4,0.16722372174263,0
U13809,0,3,0.1524461805820465,0
U13810,0,5,0.3561626970767975,0
U13811,0,5,0.9150227904319763,1
U13812,0,2,0.004597608465701342,0
U13813,0,3,0.2967872619628906,0
U13814,0,4,0.018365800380706787,0
U13815,0,3,0.008111623115837574,0
U13816,0,5,0.16745229065418243,0
U13817,0,2,0.04834696277976036,0
U13818,0,1,0.27485430240631104,0
U13819,0,1,0.0510786771774292,0
U13820,0,3,0.007351065054535866,0
U13821,0,1,0.0030672105494886637,0
U13822,0,4,0.2535941004753113,0
U13823,0,3,0.06955388188362122,0
U13824,0,5,0.008080802857875824,0
U13825,0,2,0.009806780144572258,0
U13826,0,4,0.005045249126851559,0
U13827,0,1,0.008738799951970577,0
U13828,0,1,0.0647381991147995,0
U13829,0,5,0.04540693014860153,0
U13830,0,3,0.010764368809759617,0
U13831,0,5,0.0654267743229866,0
U13832,0,5,0.8048215508460999,1
U13833,0,4,0.007178033702075481,0
U13834,0,1,0.03695455938577652,0
U13835,0,5,0.012620258145034313,0
U13836,0,3,0.04604637622833252,0
U13837,0,5,0.003585673402994871,0
U13838,0,5,0.008221054449677467,0
U13839,0,4,0.41860103607177734,0
U13840,0,4,0.0244897548109293,0
U13841,0,3,0.03789202496409416,0
U13842,0,5,0.7853473424911499,1
U13843,0,1,0.024667296558618546,0
U13844,0,5,0.020912228152155876,0
U13845,0,1,0.02119581773877144,0
U13846,0,1,0.12809553742408752,0
U13847,0,2,0.004576570354402065,0
U13848,0,4,0.0312887579202652,0
U13849,0,3,0.14602236449718475,0
U13850,0,5,0.0036777162458747625,0
U13851,0,5,0.007707185111939907,0
U13852,0,1,0.008153732866048813,0
U13853,0,4,0.023247981444001198,0
U13854,0,5,0.017053408548235893,0
U13855,0,4,0.026472754776477814,0
U13856,0,2,0.01723484694957733,0
U13857,0,3,0.008482567965984344,0
U13858,0,2,0.012624377384781837,0
U13859,0,2,0.014176158234477043,0
U13860,0,3,0.009681989438831806,0
U13861,0,2,0.029100172221660614,0
U13862,0,1,0.026932774111628532,0
U13863,0,3,0.07007020711898804,0
U13864,0,5,0.015363036654889584,0
U13865,0,2,0.04035566747188568,0
U13866,0,2,0.5622233748435974,1
U13867,0,4,0.1421758383512497,0
U13868,0,3,0.02053671143949032,0
U13869,0,3,0.022930357605218887,0
U13870,0,1,0.004758289083838463,0
U13871,0,1,0.020179705694317818,0
U13872,0,2,0.045518167316913605,0
U13873,0,1,0.4354703426361084,0
U13874,0,5,0.004543120041489601,0
U13875,0,4,0.14425036311149597,0
U13876,0,4,0.024255894124507904,0
U13877,0,1,0.0268341526389122,0
U13878,0,1,0.02562824636697769,0
U13879,0,4,0.016488129273056984,0
U13880,0,5,0.0036490364000201225,0
U13881,0,5,0.487566202878952,0
U13882,0,4,0.002897573634982109,0
U13883,0,2,0.11048697680234909,0
U13884,0,1,0.017363835126161575,0
U13885,0,1,0.13226354122161865,0
U13886,0,1,0.006980350706726313,0
U13887,0,5,0.014408332295715809,0
U13888,0,3,0.04621080681681633,0
U13889,0,1,0.17748573422431946,0
U13890,0,5,0.9392334818840027,1
U13891,0,3,0.5211195945739746,1
U13892,0,1,0.029261641204357147,0
U13893,0,5,0.2494729459285736,0
U13894,0,2,0.5711693167686462,1
U13895,0,3,0.05979477986693382,0
U13896,0,2,0.36312252283096313,0
U13897,0,3,0.004527254495769739,0
U13898,0,4,0.005203597247600555,0
U13899,0,1,0.04986085370182991,0
U13900,0,3,0.009314263239502907,0
U13901,0,3,0.12070902436971664,0
U13902,0,4,0.020839257165789604,0
U13903,0,3,0.13339728116989136,0
U13904,0,1,0.09314215928316116,0
U13905,0,3,0.030034368857741356,0
U13906,0,3,0.17920882999897003,0
U13907,0,4,0.004350360948592424,0
U13908,0,5,0.006616390775889158,0
U13909,0,2,0.04444226250052452,0
U13910,0,1,0.7454085350036621,1
U13911,0,2,0.021232564002275467,0
U13912,0,5,0.6082066893577576,1
U13913,0,5,0.0012995408615097404,0
U13914,0,4,0.017471425235271454,0
U13915,0,4,0.006396099925041199,0
U13916,0,5,0.004817729815840721,0
U13917,0,1,0.03578578308224678,0
U13918,0,4,0.13424980640411377,0
U13919,0,4,0.1514158695936203,0
U13920,0,2,0.030176853761076927,0
U13921,0,1,0.07361572980880737,0
U13922,0,4,0.1503494679927826,0
U13923,0,5,0.031045664101839066,0
U13924,0,1,0.0614854097366333,0
U13925,0,3,0.2736138105392456,0
U13926,0,2,0.0013433914864435792,0
U13927,0,1,0.009501883760094643,0
U13928,0,3,0.004893113858997822,0
U13929,0,1,0.043186478316783905,0
U13930,0,2,0.11477977782487869,0
U13931,0,1,0.01590888947248459,0
U13932,0,3,0.019375257194042206,0
U13933,0,5,0.017205465584993362,0
U13934,0,2,0.02829604037106037,0
U13935,0,2,0.07305529713630676,0
U13936,0,5,0.01690661534667015,0
U13937,0,5,0.1067848801612854,0
U13938,0,5,0.7224832773208618,1
U13939,0,4,0.0025601158849895,0
U13940,0,2,0.004818738903850317,0
U13941,0,1,0.014012690633535385,0
U13942,0,3,0.10556306689977646,0
U13943,0,4,0.05190766975283623,0
U13944,0,3,0.022791532799601555,0
U13945,0,4,0.01251605898141861,0
U13946,0,4,0.004938904196023941,0
U13947,0,4,0.012956159189343452,0
U13948,0,5,0.004124962259083986,0
U13949,0,2,0.017168128862977028,0
U13950,0,4,0.2343416064977646,0
U13951,0,5,0.18877173960208893,0
U13952,0,1,0.05021781474351883,0
U13953,0,2,0.014245572499930859,0
U13954,0,5,0.03174622356891632,0
U13955,0,5,0.005803035106509924,0
U13956,0,3,0.06884229928255081,0
U13957,0,1,0.5918292999267578,1
U13958,0,4,0.006377854384481907,0
U13959,0,2,0.3338400423526764,0
U13960,0,4,0.08474817126989365,0
U13961,0,4,0.08857239037752151,0
U13962,0,4,0.02860652655363083,0
U13963,0,2,0.09269453585147858,0
U13964,0,4,0.01993396319448948,0
U13965,0,4,0.13371911644935608,0
U13966,0,4,0.027085276320576668,0
U13967,0,5,0.41804638504981995,0
U13968,0,4,0.042758453637361526,0
U13969,0,4,0.0975772887468338,0
U13970,0,5,0.21041344106197357,0
U13971,0,5,0.09330044686794281,0
U13972,0,5,0.5222591161727905,1
U13973,0,3,0.016583137214183807,0
U13974,0,5,0.014955578371882439,0
U13975,0,3,0.4025880992412567,0
U13976,0,3,0.0028991932049393654,0
U13977,0,1,0.0713074803352356,0
U13978,0,5,0.020419204607605934,0
U13979,0,5,0.5028277635574341,1
U13980,0,5,0.0022692494094371796,0
U13981,0,5,0.005440781824290752,0
U13982,0,1,0.15489009022712708,0
U13983,0,2,0.1338111162185669,0
U13984,0,5,0.06146622449159622,0
U13985,0,2,0.0038231355138123035,0
U13986,0,3,0.012984213419258595,0
U13987,0,4,0.16560521721839905,0
U13988,0,1,0.024388186633586884,0
U13989,0,3,0.048509471118450165,0
U13990,0,5,0.28694552183151245,0
U13991,0,4,0.03364383056759834,0
U13992,0,4,0.002579853404313326,0
U13993,0,3,0.039213627576828,0
U13994,0,2,0.04735051468014717,0
U13995,0,4,0.06584447622299194,0
U13996,0,1,0.01147633045911789,0
U13997,0,4,0.060658540576696396,0
U13998,0,4,0.05536077171564102,0
U13999,0,1,0.002228527795523405,0
U14000,0,2,0.007313070353120565,0
U14001,0,2,0.004988372791558504,0
U14002,0,2,0.03986603021621704,0
U14003,0,4,0.037594325840473175,0
U14004,0,1,0.036994561553001404,0
U14005,0,5,0.05958138778805733,0
U14006,0,4,0.06412022560834885,0
U14007,0,5,0.6060099005699158,1
U14008,0,2,0.012552733533084393,0
U14009,0,4,0.0035708178766071796,0
U14010,0,1,0.015371463261544704,0
U14011,0,3,0.0049832966178655624,0
U14012,0,3,0.16098268330097198,0
U14013,0,2,0.7291161417961121,1
U14014,0,2,0.008391978219151497,0
U14015,0,1,0.22783444821834564,0
U14016,0,1,0.004595827776938677,0
U14017,0,2,0.6403354406356812,1
U14018,0,3,0.6634541749954224,1
U14019,0,4,0.04088451340794563,0
U14020,0,3,0.1464853435754776,0
U14021,0,3,0.38791996240615845,0
U14022,0,5,0.007181060500442982,0
U14023,0,4,0.0118307676166296,0
U14024,0,4,0.023868590593338013,0
U14025,0,5,0.0359620675444603,0
U14026,0,1,0.3512389063835144,0
U14027,0,4,0.003151924116536975,0
U14028,0,2,0.07943606376647949,0
U14029,0,4,0.03264980763196945,0
U14030,0,2,0.00996457040309906,0
U14031,0,2,0.0025567281991243362,0
U14032,0,3,0.10448531061410904,0
U14033,0,2,0.04103759303689003,0
U14034,0,2,0.21393287181854248,0
U14035,0,1,0.021782763302326202,0
U14036,0,1,0.02263997495174408,0
U14037,0,2,0.3731369376182556,0
U14038,0,4,0.006861850619316101,0
U14039,0,2,0.03820367902517319,0
U14040,0,2,0.5203340649604797,1
U14041,0,3,0.17737507820129395,0
U14042,0,2,0.023955058306455612,0
U14043,0,1,0.0690951868891716,0
U14044,0,3,0.3450031280517578,0
U14045,0,1,0.9437870979309082,1
U14046,0,3,0.1528276801109314,0
U14047,0,1,0.008159824647009373,0
U14048,0,5,0.292903333902359,0
U14049,0,1,0.02520918846130371,0
U14050,0,1,0.06619109958410263,0
U14051,0,2,0.2854873836040497,0
U14052,0,1,0.0482381172478199,0
U14053,0,2,0.021173972636461258,0
U14054,0,2,0.43440505862236023,0
U14055,0,4,0.27123337984085083,0
U14056,0,4,0.004496926441788673,0
U14057,0,2,0.06047553941607475,0
U14058,0,3,0.2259693592786789,0
U14059,0,1,0.02128065563738346,0
U14060,0,4,0.010574991814792156,0
U14061,0,5,0.8663533329963684,1
U14062,0,2,0.017336545512080193,0
U14063,0,5,0.026488158851861954,0
U14064,0,5,0.08913399279117584,0
U14065,0,3,0.03548075258731842,0
U14066,0,4,0.08744439482688904,0
U14067,0,2,0.497801274061203,0
U14068,0,4,0.4108906686306,0
U14069,0,5,0.015408085659146309,0
U14070,0,3,0.03823474794626236,0
U14071,0,1,0.9633367657661438,1
U14072,0,4,0.010869737714529037,0
U14073,0,5,0.009591847658157349,0
U14074,0,3,0.036255642771720886,0
U14075,0,1,0.9080499410629272,1
U14076,0,5,0.4260738492012024,0
U14077,0,4,0.03010282665491104,0
U14078,0,5,0.1163199245929718,0
U14079,0,1,0.012766750529408455,0
U14080,0,4,0.07377488166093826,0
U14081,0,1,0.00702907657250762,0
U14082,0,2,0.005033924710005522,0
U14083,0,1,0.05366772785782814,0
U14084,0,4,0.18177492916584015,0
U14085,0,1,0.010809630155563354,0
U14086,0,5,0.8616217374801636,1
U14087,0,2,0.000773202336858958,0
U14088,0,2,0.03444384038448334,0
U14089,0,4,0.047382280230522156,0
U14090,0,5,0.014538867399096489,0
U14091,0,4,0.0618535615503788,0
U14092,0,1,0.07837311178445816,0
U14093,0,5,0.81744384765625,1
U14094,0,1,0.036616940051317215,0
U14095,0,1,0.014863159507513046,0
U14096,0,2,0.16101640462875366,0
U14097,0,3,0.007515028119087219,0
U14098,0,2,0.13191458582878113,0
U14099,0,1,0.576233983039856,1
U14100,0,5,0.054191187024116516,0
U14101,0,5,0.16786512732505798,0
U14102,0,2,0.0008424239931628108,0
U14103,0,2,0.7369527816772461,1
U14104,0,2,0.017189597710967064,0
U14105,0,2,0.007278533652424812,0
U14106,0,2,0.05520474910736084,0
U14107,0,4,0.11179588735103607,0
U14108,0,5,0.3749375343322754,0
U14109,0,3,0.026071228086948395,0
U14110,0,4,0.06876888871192932,0
U14111,0,5,0.0023996769450604916,0
U14112,0,3,0.3655757009983063,0
U14113,0,2,0.09447256475687027,0
U14114,0,3,0.012486457824707031,0
U14115,0,3,0.011986730620265007,0
U14116,0,5,0.0355277955532074,0
U14117,0,3,0.010885942727327347,0
U14118,0,3,0.009516024962067604,0
U14119,0,1,0.014320568181574345,0
U14120,0,5,0.07378777861595154,0
U14121,0,4,0.04120117798447609,0
U14122,0,3,0.0017991909990087152,0
U14123,0,3,0.14461103081703186,0
U14124,0,2,0.16509489715099335,0
U14125,0,2,0.012613841332495213,0
U14126,0,3,0.10280515253543854,0
U14127,0,3,0.018853124231100082,0
U14128,0,1,0.15002433955669403,0
U14129,0,1,0.042902622371912,0
U14130,0,2,0.003331743646413088,0
U14131,0,5,0.006553366780281067,0
U14132,0,4,0.01290176808834076,0
U14133,0,1,0.8766037225723267,1
U14134,0,3,0.014292949810624123,0
U14135,0,3,0.07859385013580322,0
U14136,0,3,0.015408898703753948,0
U14137,0,2,0.0946492999792099,0
U14138,0,5,0.031973082572221756,0
U14139,0,5,0.004365812987089157,0
U14140,0,2,0.2695159316062927,0
U14141,0,4,0.0051065050065517426,0
U14142,0,2,0.009719215333461761,0
U14143,0,3,0.6267094016075134,1
U14144,0,5,0.1398230791091919,0
U14145,0,2,0.35394999384880066,0
U14146,0,2,0.002284602029249072,0
U14147,0,4,0.04617147520184517,0
U14148,0,2,0.720104992389679,1
U14149,0,1,0.01913556456565857,0
U14150,0,1,0.019054118543863297,0
U14151,0,1,0.6631308794021606,1
U14152,0,4,0.05696391686797142,0
U14153,0,4,0.003476843237876892,0
U14154,0,4,0.022582747042179108,0
U14155,0,5,0.0032795225270092487,0
U14156,0,3,0.030722592025995255,0
U14157,0,4,0.05365380272269249,0
U14158,0,1,0.011983952485024929,0
U14159,0,3,0.002022344386205077,0
U14160,0,5,0.017654091119766235,0
U14161,0,3,0.019911721348762512,0
U14162,0,3,0.2704176902770996,0
U14163,0,4,0.04325573891401291,0
U14164,0,5,0.2350347936153412,0
U14165,0,5,0.03438575193285942,0
U14166,0,4,0.01045986544340849,0
U14167,0,4,0.03041742742061615,0
U14168,0,2,0.009947188198566437,0
U14169,0,2,0.05479936674237251,0
U14170,0,2,0.6737409830093384,1
U14171,0,3,0.2573596239089966,0
U14172,0,5,0.030500425025820732,0
U14173,0,1,0.08224810659885406,0
U14174,0,1,0.10956975072622299,0
U14175,0,1,0.021649327129125595,0
U14176,0,1,0.07271760702133179,0
U14177,0,4,0.04510047286748886,0
U14178,0,5,0.5179617404937744,1
U14179,0,2,0.02676669880747795,0
U14180,0,2,0.5473918318748474,1
U14181,0,5,0.1949261724948883,0
U14182,0,2,0.012806901708245277,0
U14183,0,1,0.021238744258880615,0
U14184,0,2,0.017117183655500412,0
U14185,0,3,0.623405933380127,1
U14186,0,4,0.024548567831516266,0
U14187,0,4,0.012372521683573723,0
U14188,0,3,0.37516847252845764,0
U14189,0,3,0.006924837827682495,0
U14190,0,1,0.030586184933781624,0
U14191,0,3,0.25377529859542847,0
U14192,0,1,0.9556777477264404,1
U14193,0,5,0.004790158476680517,0
U14194,0,2,0.01698879525065422,0
U14195,0,4,0.009120931848883629,0
U14196,0,3,0.013493936508893967,0
U14197,0,4,0.6018455624580383,1
U14198,0,2,0.016380010172724724,0
U14199,0,1,0.049449171870946884,0
U14200,0,2,0.01283909659832716,0
U14201,0,1,0.04783681035041809,0
U14202,0,3,0.5692873001098633,1
U14203,0,1,0.01364457793533802,0
U14204,0,3,0.011317744851112366,0
U14205,0,3,0.0033091818913817406,0
U14206,0,4,0.8680363893508911,1
U14207,0,3,0.00812999065965414,0
U14208,0,5,0.0036747052799910307,0
U14209,0,5,0.03406541049480438,0
U14210,0,2,0.05954214930534363,0
U14211,0,2,0.15816521644592285,0
U14212,0,4,0.00702931871637702,0
U14213,0,5,0.009196380153298378,0
U14214,0,1,0.005119028501212597,0
U14215,0,2,0.06277336180210114,0
U14216,0,3,0.02101491019129753,0
U14217,0,4,0.636396050453186,1
U14218,0,4,0.009509902447462082,0
U14219,0,4,0.17806167900562286,0
U14220,0,1,0.5536928772926331,1
U14221,0,3,0.2574167251586914,0
U14222,0,4,0.4312417209148407,0
U14223,0,3,0.047038450837135315,0
U14224,0,2,0.4217607080936432,0
U14225,0,3,0.09468422830104828,0
U14226,0,3,0.05174570530653,0
U14227,0,4,0.14417965710163116,0
U14228,0,2,0.4881281852722168,0
U14229,0,1,0.022407449781894684,0
U14230,0,5,0.015007015317678452,0
U14231,0,1,0.017071187496185303,0
U14232,0,2,0.012338628992438316,0
U14233,0,5,0.01291817519813776,0
U14234,0,2,0.02856665663421154,0
U14235,0,1,0.08266434073448181,0
U14236,0,5,0.44462358951568604,0
U14237,0,2,0.9305860996246338,1
U14238,0,1,0.005853252951055765,0
U14239,0,1,0.0028466118965297937,0
U14240,0,3,0.025175685063004494,0
U14241,0,1,0.018754901364445686,0
U14242,0,3,0.011425832286477089,0
U14243,0,5,0.3240591287612915,0
U14244,0,4,0.005651396233588457,0
U14245,0,3,0.03886643052101135,0
U14246,0,4,0.031029149889945984,0
U14247,0,3,0.024008089676499367,0
U14248,0,4,0.31936874985694885,0
U14249,0,3,0.017403176054358482,0
U14250,0,2,0.49013328552246094,0
U14251,0,3,0.040516361594200134,0
U14252,0,1,0.2805882394313812,0
U14253,0,2,0.060599807649850845,0
U14254,0,5,0.01983516477048397,0
U14255,0,1,0.010886658914387226,0
U14256,0,2,0.6249185800552368,1
U14257,0,1,0.06773732602596283,0
U14258,0,2,0.38169485330581665,0
U14259,0,2,0.023115914314985275,0
U14260,0,5,0.3224700093269348,0
U14261,0,2,0.08777359127998352,0
U14262,0,1,0.036507364362478256,0
U14263,0,4,0.1402171552181244,0
U14264,0,5,0.45152226090431213,0
U14265,0,5,0.5303370952606201,1
U14266,0,3,0.02082161046564579,0
U14267,0,1,0.012995542958378792,0
U14268,0,2,0.3233124911785126,0
U14269,0,2,0.0009648645063862205,0
U14270,0,4,0.49519652128219604,0
U14271,0,3,0.41947415471076965,0
U14272,0,2,0.41421955823898315,0
U14273,0,3,0.6991519927978516,1
U14274,0,5,0.07808919996023178,0
U14275,0,1,0.00555256986990571,0
U14276,0,3,0.03142577037215233,0
U14277,0,3,0.0011843215906992555,0
U14278,0,5,0.359230637550354,0
U14279,0,2,0.006173283793032169,0
U14280,0,1,0.008627820760011673,0
U14281,0,5,0.016713036224246025,0
U14282,0,5,0.062042251229286194,0
U14283,0,2,0.9738885164260864,1
U14284,0,3,0.034949228167533875,0
U14285,0,2,0.8982700109481812,1
U14286,0,5,0.14469434320926666,0
U14287,0,5,0.04834863543510437,0
U14288,0,3,0.29831498861312866,0
U14289,0,5,0.4307665228843689,0
U14290,0,1,0.09495439380407333,0
U14291,0,3,0.005171372089534998,0
U14292,0,5,0.014927064068615437,0
U14293,0,3,0.26823362708091736,0
U14294,0,3,0.023114586248993874,0
U14295,0,4,0.006227840203791857,0
U14296,0,5,0.05697879195213318,0
U14297,0,3,0.32634246349334717,0
U14298,0,1,0.012947865761816502,0
U14299,0,5,0.03836415708065033,0
U14300,0,5,0.060996510088443756,0
U14301,0,3,0.009140456095337868,0
U14302,0,1,0.006293988786637783,0
U14303,0,3,0.024371124804019928,0
U14304,0,5,0.3452323079109192,0
U14305,0,1,0.9447695016860962,1
U14306,0,5,0.040905117988586426,0
U14307,0,5,0.008139328099787235,0
U14308,0,1,0.0590086504817009,0
U14309,0,2,0.009160506539046764,0
U14310,0,3,0.003680506721138954,0
U14311,0,3,0.010946011170744896,0
U14312,0,4,0.02493617869913578,0
U14313,0,1,0.7229757905006409,1
U14314,0,4,0.11131732910871506,0
U14315,0,3,0.06528984010219574,0
U14316,0,4,0.009001733735203743,0
U14317,0,5,0.005753176752477884,0
U14318,0,2,0.011603876948356628,0
U14319,0,2,0.18925918638706207,0
U14320,0,4,0.04525846987962723,0
U14321,0,4,0.08769150078296661,0
U14322,0,4,0.03420216590166092,0
U14323,0,1,0.9317770004272461,1
U14324,0,3,0.0011848967988044024,0
U14325,0,4,0.0030066301114857197,0
U14326,0,3,0.45672449469566345,0
U14327,0,3,0.0029264078475534916,0
U14328,0,5,0.3045409619808197,0
U14329,0,3,0.020535627380013466,0
U14330,0,1,0.28361961245536804,0
U14331,0,3,0.0016269818879663944,0
U14332,0,3,0.020074177533388138,0
U14333,0,2,0.013813561759889126,0
U14334,0,4,0.005109765101224184,0
U14335,0,2,0.024052947759628296,0
U14336,0,1,0.28666409850120544,0
U14337,0,2,0.07879013568162918,0
U14338,0,2,0.012666061520576477,0
U14339,0,5,0.019863858819007874,0
U14340,0,5,0.01743420958518982,0
U14341,0,4,0.033693715929985046,0
U14342,0,5,0.0017640901496633887,0
U14343,0,4,0.015720712020993233,0
U14344,0,5,0.1671551913022995,0
U14345,0,3,0.29699286818504333,0
U14346,0,2,0.019257768988609314,0
U14347,0,2,0.0018228598637506366,0
U14348,0,2,0.012604229152202606,0
U14349,0,3,0.031952496618032455,0
U14350,0,5,0.2650044858455658,0
U14351,0,5,0.02276565507054329,0
U14352,0,1,0.16302932798862457,0
U14353,0,3,0.06827772408723831,0
U14354,0,2,0.012055766768753529,0
U14355,0,3,0.030530843883752823,0
U14356,0,2,0.03125492483377457,0
U14357,0,1,0.48950517177581787,0
U14358,0,2,0.7609637379646301,1
U14359,0,5,0.008785300888121128,0
U14360,0,2,0.6019290685653687,1
U14361,0,1,0.7233883142471313,1
U14362,0,1,0.019055640324950218,0
U14363,0,4,0.008206733502447605,0
U14364,0,4,0.00849475059658289,0
U14365,0,1,0.10265953838825226,0
U14366,0,5,0.0034057796001434326,0
U14367,0,4,0.14557509124279022,0
U14368,0,2,0.0695766732096672,0
U14369,0,1,0.005640953313559294,0
U14370,0,2,0.00856490433216095,0
U14371,0,1,0.36493152379989624,0
U14372,0,4,0.07073131203651428,0
U14373,0,2,0.00583207793533802,0
U14374,0,2,0.25121647119522095,0
U14375,0,2,0.2732359766960144,0
U14376,0,5,0.0916883796453476,0
U14377,0,1,0.036036938428878784,0
U14378,0,4,0.0033139334991574287,0
U14379,0,4,0.04362533986568451,0
U14380,0,3,0.9094809889793396,1
U14381,0,1,0.9654293060302734,1
U14382,0,5,0.2030532956123352,0
U14383,0,3,0.03348509594798088,0
U14384,0,4,0.012111298739910126,0
U14385,0,3,0.03352708742022514,0
U14386,0,4,0.05237899348139763,0
U14387,0,5,0.03144546225667,0
U14388,0,1,0.02065843529999256,0
U14389,0,1,0.012165131978690624,0
U14390,0,5,0.11882294714450836,0
U14391,0,4,0.011829588562250137,0
U14392,0,5,0.005791715811938047,0
U14393,0,5,0.01973751187324524,0
U14394,0,2,0.0053934212774038315,0
U14395,0,1,0.5048995018005371,1
U14396,0,3,0.02607872523367405,0
U14397,0,5,0.06831220537424088,0
U14398,0,2,0.062369123101234436,0
U14399,0,1,0.08127320557832718,0
U14400,0,2,0.0036623396445065737,0
U14401,0,4,0.14481988549232483,0
U14402,0,5,0.004361080937087536,0
U14403,0,2,0.5575476884841919,1
U14404,0,3,0.22139284014701843,0
U14405,0,5,0.1605381965637207,0
U14406,0,4,0.015299541875720024,0
U14407,0,1,0.014851098880171776,0
U14408,0,5,0.33887526392936707,0
U14409,0,3,0.04163083806633949,0
U14410,0,1,0.8964722752571106,1
U14411,0,5,0.004480695351958275,0
U14412,0,2,0.2814878523349762,0
U14413,0,5,0.008664935827255249,0
U14414,0,5,0.031115708872675896,0
U14415,0,3,0.10367456078529358,0
U14416,0,1,0.026217922568321228,0
U14417,0,3,0.09672509878873825,0
U14418,0,5,0.018038082867860794,0
U14419,0,2,0.0077075655572116375,0
U14420,0,5,0.0013152719475328922,0
U14421,0,4,0.02526904083788395,0
U14422,0,4,0.014565736055374146,0
U14423,0,4,0.0221067164093256,0
U14424,0,4,0.007784527726471424,0
U14425,0,5,0.022845182567834854,0
U14426,0,3,0.0220914538949728,0
U14427,0,3,0.04454931244254112,0
U14428,0,5,0.10410641133785248,0
U14429,0,5,0.09698020666837692,0
U14430,0,2,0.004010767675936222,0
U14431,0,1,0.00826016440987587,0
U14432,0,1,0.002552584046497941,0
U14433,0,5,0.02535790205001831,0
U14434,0,1,0.1749604195356369,0
U14435,0,2,0.01773756556212902,0
U14436,0,1,0.4682158827781677,0
U14437,0,4,0.11790751665830612,0
U14438,0,5,0.08972492069005966,0
U14439,0,2,0.027277283370494843,0
U14440,0,5,0.048904161900281906,0
U14441,0,2,0.03184816241264343,0
U14442,0,5,0.17424172163009644,0
U14443,0,3,0.018727511167526245,0
U14444,0,2,0.03838209807872772,0
U14445,0,2,0.10509045422077179,0
U14446,0,3,0.15350601077079773,0
U14447,0,5,0.006826234981417656,0
U14448,0,2,0.026693115010857582,0
U14449,0,5,0.04329559952020645,0
U14450,0,5,0.4682460427284241,0
U14451,0,4,0.7425220012664795,1
U14452,0,4,0.040305424481630325,0
U14453,0,5,0.008590692654252052,0
U14454,0,2,0.3473508358001709,0
U14455,0,3,0.06968394666910172,0
U14456,0,4,0.03949444368481636,0
U14457,0,3,0.06498537957668304,0
U14458,0,1,0.0025967592373490334,0
U14459,0,2,0.0098510617390275,0
U14460,0,2,0.07511922717094421,0
U14461,0,2,0.1232445240020752,0
U14462,0,3,0.010063275694847107,0
U14463,0,5,0.07234899699687958,0
U14464,0,1,0.05264220014214516,0
U14465,0,4,0.004869444295763969,0
U14466,0,5,0.0035222661681473255,0
U14467,0,2,0.1882408857345581,0
U14468,0,5,0.19556894898414612,0
U14469,0,3,0.7552551627159119,1
U14470,0,4,0.03985042870044708,0
U14471,0,4,0.0067541939206421375,0
U14472,0,1,0.2570672631263733,0
U14473,0,5,0.12778225541114807,0
U14474,0,2,0.11234010756015778,0
U14475,0,1,0.7002959251403809,1
U14476,0,4,0.15758457779884338,0
U14477,0,4,0.4872291386127472,0
U14478,0,3,0.011743644252419472,0
U14479,0,1,0.014965318143367767,0
U14480,0,2,0.31320899724960327,0
U14481,0,1,0.014383195899426937,0
U14482,0,3,0.0379551500082016,0
U14483,0,5,0.021989529952406883,0
U14484,0,5,0.10513194650411606,0
U14485,0,4,0.04650178179144859,0
U14486,0,2,0.011660562828183174,0
U14487,0,2,0.6222496032714844,1
U14488,0,3,0.045792244374752045,0
U14489,0,5,0.020009920001029968,0
U14490,0,2,0.011878096498548985,0
U14491,0,5,0.013572243973612785,0
U14492,0,1,0.0020439319778233767,0
U14493,0,5,0.03796037286520004,0
U14494,0,4,0.004982086829841137,0
U14495,0,4,0.011660559102892876,0
U14496,0,1,0.6613847613334656,1
U14497,0,2,0.06492815911769867,0
U14498,0,4,0.009388957172632217,0
U14499,0,2,0.04805713891983032,0
U14500,0,4,0.5044057369232178,1
U14501,0,3,0.08051296323537827,0
U14502,0,2,0.06443113833665848,0
U14503,0,4,0.0025188333820551634,0
U14504,0,5,0.00566544383764267,0
U14505,0,2,0.011463271453976631,0
U14506,0,2,0.0054078372195363045,0
U14507,0,2,0.8669367432594299,1
U14508,0,1,0.12241825461387634,0
U14509,0,3,0.23252230882644653,0
U14510,0,3,0.027311719954013824,0
U14511,0,3,0.33027663826942444,0
U14512,0,4,0.20953646302223206,0
U14513,0,1,0.1606336236000061,0
U14514,0,4,0.0030368580482900143,0
U14515,0,5,0.0017187318298965693,0
U14516,0,4,0.0011786767281591892,0
U14517,0,2,0.14018036425113678,0
U14518,0,3,0.004312444012612104,0
U14519,0,3,0.00906323827803135,0
U14520,0,1,0.019196702167391777,0
U14521,0,4,0.010448310524225235,0
U14522,0,3,0.008477196097373962,0
U14523,0,5,0.09099337458610535,0
U14524,0,5,0.7595133185386658,1
U14525,0,2,0.10183888673782349,0
U14526,0,1,0.0018338386435061693,0
U14527,0,4,0.1291717141866684,0
U14528,0,5,0.5681750178337097,1
U14529,0,4,0.031829532235860825,0
U14530,0,2,0.013485124334692955,0
U14531,0,2,0.0017873240867629647,0
U14532,0,1,0.0063736699521541595,0
U14533,0,4,0.021282386034727097,0
U14534,0,5,0.03829935938119888,0
U14535,0,3,0.3142819404602051,0
U14536,0,5,0.021839307621121407,0
U14537,0,4,0.04182981327176094,0
U14538,0,3,0.04863639920949936,0
U14539,0,5,0.03393499180674553,0
U14540,0,3,0.011468851938843727,0
U14541,0,5,0.00565340556204319,0
U14542,0,2,0.062183015048503876,0
U14543,0,2,0.2521381378173828,0
U14544,0,2,0.14550848305225372,0
U14545,0,2,0.03336909040808678,0
U14546,0,1,0.04665181040763855,0
U14547,0,2,0.04156666621565819,0
U14548,0,3,0.5953986048698425,1
U14549,0,1,0.014886806719005108,0
U14550,0,3,0.011403675191104412,0
U14551,0,3,0.005292493384331465,0
U14552,0,3,0.015020915307104588,0
U14553,0,4,0.33958718180656433,0
U14554,0,2,0.17272499203681946,0
U14555,0,3,0.02333466149866581,0
U14556,0,4,0.3325944244861603,0
U14557,0,2,0.18147090077400208,0
U14558,0,2,0.1275680959224701,0
U14559,0,3,0.2599599361419678,0
U14560,0,4,0.020156901329755783,0
U14561,0,5,0.004835422150790691,0
U14562,0,1,0.6381207704544067,1
U14563,0,2,0.09766783565282822,0
U14564,0,5,0.08680813014507294,0
U14565,0,2,0.3087348937988281,0
U14566,0,4,0.016029678285121918,0
U14567,0,2,0.023814313113689423,0
U14568,0,1,0.0041131614707410336,0
U14569,0,3,0.008341063745319843,0
U14570,0,2,0.12424413114786148,0
U14571,0,2,0.05926784873008728,0
U14572,0,4,0.0009071717504411936,0
U14573,0,3,0.09894102811813354,0
U14574,0,4,0.027728594839572906,0
U14575,0,4,0.0333259254693985,0
U14576,0,1,0.008488302119076252,0
U14577,0,5,0.18596050143241882,0
U14578,0,3,0.05527501553297043,0
U14579,0,1,0.06391850113868713,0
U14580,0,5,0.018370719626545906,0
U14581,0,2,0.018351662904024124,0
U14582,0,3,0.46258047223091125,0
U14583,0,5,0.013162611052393913,0
U14584,0,1,0.24030065536499023,0
U14585,0,4,0.016190219670534134,0
U14586,0,3,0.06732194125652313,0
U14587,0,4,0.20332586765289307,0
U14588,0,4,0.019404597580432892,0
U14589,0,3,0.6733779311180115,1
U14590,0,5,0.044274941086769104,0
U14591,0,4,0.028688320890069008,0
U14592,0,1,0.029713351279497147,0
U14593,0,4,0.18505226075649261,0
U14594,0,3,0.04909169301390648,0
U14595,0,3,0.13282588124275208,0
U14596,0,5,0.6804013252258301,1
U14597,0,4,0.1329275667667389,0
U14598,0,1,0.01778498664498329,0
U14599,0,3,0.4280530512332916,0
U14600,0,4,0.05724426731467247,0
U14601,0,3,0.3253971338272095,0
U14602,0,2,0.28390786051750183,0
U14603,0,4,0.0050880503840744495,0
U14604,0,1,0.16922223567962646,0
U14605,0,3,0.059321507811546326,0
U14606,0,3,0.086004838347435,0
U14607,0,4,0.054838359355926514,0
U14608,0,3,0.05766405165195465,0
U14609,0,1,0.0012849955819547176,0
U14610,0,1,0.010281394235789776,0
U14611,0,5,0.02803174965083599,0
U14612,0,1,0.17739924788475037,0
U14613,0,2,0.1966676563024521,0
U14614,0,3,0.15221822261810303,0
U14615,0,5,0.0441247783601284,0
U14616,0,5,0.0086364159360528,0
U14617,0,2,0.04016432911157608,0
U14618,0,4,0.6782567501068115,1
U14619,0,5,0.0782630518078804,0
U14620,0,5,0.012804064899682999,0
U14621,0,1,0.007031751796603203,0
U14622,0,4,0.007769962307065725,0
U14623,0,1,0.6870022416114807,1
U14624,0,4,0.003507183864712715,0
U14625,0,3,0.019580814987421036,0
U14626,0,1,0.07865273207426071,0
U14627,0,4,0.05489952862262726,0
U14628,0,2,0.732949435710907,1
U14629,0,1,0.0010289079509675503,0
U14630,0,4,0.018627844750881195,0
U14631,0,5,0.0066849058493971825,0
U14632,0,3,0.31329044699668884,0
U14633,0,5,0.9181650280952454,1
U14634,0,4,0.3733415901660919,0
U14635,0,1,0.0033286926336586475,0
U14636,0,1,0.021586699411273003,0
U14637,0,4,0.005072213709354401,0
U14638,0,4,0.005800579208880663,0
U14639,0,5,0.4734439551830292,0
U14640,0,5,0.29355984926223755,0
U14641,0,5,0.036255210638046265,0
U14642,0,3,0.18583035469055176,0
U14643,0,2,0.01243661716580391,0
U14644,0,3,0.004717810079455376,0
U14645,0,3,0.02776169404387474,0
U14646,0,2,0.002756100380793214,0
U14647,0,2,0.00298121920786798,0
U14648,0,5,0.02950894832611084,0
U14649,0,4,0.028617525473237038,0
U14650,0,1,0.056824613362550735,0
U14651,0,4,0.1702280342578888,0
U14652,0,2,0.019853591918945312,0
U14653,0,5,0.18663200736045837,0
U14654,0,4,0.007468107156455517,0
U14655,0,5,0.0022757044062018394,0
U14656,0,5,0.03318808227777481,0
U14657,0,1,0.005696645937860012,0
U14658,0,2,0.006570206955075264,0
U14659,0,5,0.026193436235189438,0
U14660,0,2,0.006911486387252808,0
U14661,0,2,0.13045421242713928,0
U14662,0,3,0.02901344932615757,0
U14663,0,2,0.0414443165063858,0
U14664,0,5,0.01978776976466179,0
U14665,0,3,0.09551972150802612,0
U14666,0,1,0.4734747111797333,0
U14667,0,2,0.14041689038276672,0
U14668,0,1,0.7404785752296448,1
U14669,0,4,0.039375703781843185,0
U14670,0,2,0.011918289586901665,0
U14671,0,3,0.11452317237854004,0
U14672,0,2,0.03525437414646149,0
U14673,0,5,0.5574744343757629,1
U14674,0,4,0.046570684760808945,0
U14675,0,3,0.1571366786956787,0
U14676,0,2,0.039937954396009445,0
U14677,0,2,0.13472703099250793,0
U14678,0,3,0.1609174907207489,0
U14679,0,1,0.003981809597462416,0
U14680,0,2,0.03567089885473251,0
U14681,0,3,0.02111990377306938,0
U14682,0,5,0.009174695238471031,0
U14683,0,2,0.04851614311337471,0
U14684,0,2,0.2772229313850403,0
U14685,0,3,0.0071056257002055645,0
U14686,0,3,0.01641087234020233,0
U14687,0,4,0.9692490100860596,1
U14688,0,3,0.06052488461136818,0
U14689,0,4,0.18053650856018066,0
U14690,0,5,0.040812764316797256,0
U14691,0,3,0.8421333432197571,1
U14692,0,4,0.017263438552618027,0
U14693,0,2,0.026289639994502068,0
U14694,0,4,0.1918337345123291,0
U14695,0,3,0.006762216798961163,0
U14696,0,3,0.04169662669301033,0
U14697,0,1,0.8732765316963196,1
U14698,0,4,0.016518745571374893,0
U14699,0,3,0.020940955728292465,0
U14700,0,1,0.4091291129589081,0
U14701,0,2,0.08378177881240845,0
U14702,0,1,0.06082646921277046,0
U14703,0,3,0.0059598470106720924,0
U14704,0,2,0.03857315331697464,0
U14705,0,4,0.009525955654680729,0
U14706,0,3,0.02829083427786827,0
U14707,0,1,0.014084992930293083,0
U14708,0,2,0.140153169631958,0
U14709,0,4,0.10910357534885406,0
U14710,0,5,0.4098808765411377,0
U14711,0,1,0.7416499853134155,1
U14712,0,4,0.9136962890625,1
U14713,0,1,0.015734905377030373,0
U14714,0,2,0.03275435417890549,0
U14715,0,2,0.039506200700998306,0
U14716,0,3,0.720388650894165,1
U14717,0,4,0.002654809271916747,0
U14718,0,2,0.5065021514892578,1
U14719,0,2,0.005494266748428345,0
U14720,0,5,0.1074223667383194,0
U14721,0,5,0.5032272934913635,1
U14722,0,5,0.17889432609081268,0
U14723,0,1,0.006633285898715258,0
U14724,0,3,0.0014421463711187243,0
U14725,0,1,0.010496394708752632,0
U14726,0,2,0.9383754134178162,1
U14727,0,2,0.005991225130856037,0
U14728,0,3,0.047347720712423325,0
U14729,0,3,0.03770199418067932,0
U14730,0,3,0.21773594617843628,0
U14731,0,4,0.254068523645401,0
U14732,0,1,0.023420045152306557,0
U14733,0,5,0.00825357623398304,0
U14734,0,5,0.011213425546884537,0
U14735,0,2,0.09969255328178406,0
U14736,0,4,0.17071539163589478,0
U14737,0,1,0.022159751504659653,0
U14738,0,3,0.06626919656991959,0
U14739,0,5,0.04454793035984039,0
U14740,0,1,0.09561363607645035,0
U14741,0,3,0.12025241553783417,0
U14742,0,3,0.0011900542303919792,0
U14743,0,5,0.1382615566253662,0
U14744,0,2,0.0657951682806015,0
U14745,0,3,0.28850018978118896,0
U14746,0,4,0.017132217064499855,0
U14747,0,4,0.05098637193441391,0
U14748,0,3,0.23557031154632568,0
U14749,0,4,0.2758011519908905,0
U14750,0,5,0.003073137253522873,0
U14751,0,2,0.010329768061637878,0
U14752,0,5,0.33289626240730286,0
U14753,0,5,0.0043993154540658,0
U14754,0,4,0.1962791383266449,0
U14755,0,3,0.03029058128595352,0
U14756,0,1,0.008930901065468788,0
U14757,0,4,0.04909845069050789,0
U14758,0,3,0.05868642032146454,0
U14759,0,2,0.25458723306655884,0
U14760,0,3,0.017456501722335815,0
U14761,0,1,0.08301496505737305,0
U14762,0,2,0.3541959822177887,0
U14763,0,3,0.053735487163066864,0
U14764,0,1,0.018610799685120583,0
U14765,0,4,0.03873961791396141,0
U14766,0,5,0.0054063438437879086,0
U14767,0,5,0.009322382509708405,0
U14768,0,2,0.004960612393915653,0
U14769,0,4,0.04747656732797623,0
U14770,0,3,0.011358884163200855,0
U14771,0,1,0.12186691164970398,0
U14772,0,4,0.024883311241865158,0
U14773,0,5,0.32976794242858887,0
U14774,0,1,0.1594950258731842,0
U14775,0,5,0.9642530679702759,1
U14776,0,4,0.09041321277618408,0
U14777,0,4,0.07602956891059875,0
U14778,0,2,0.005032743327319622,0
U14779,0,1,0.029967423528432846,0
U14780,0,5,0.02315777912735939,0
U14781,0,5,0.002204886404797435,0
U14782,0,1,0.07439372688531876,0
U14783,0,1,0.1680631786584854,0
U14784,0,3,0.6822995543479919,1
U14785,0,3,0.6777991652488708,1
U14786,0,4,0.022889597341418266,0
U14787,0,5,0.06438995897769928,0
U14788,0,5,0.0034897588193416595,0
U14789,0,2,0.04275665059685707,0
U14790,0,3,0.04594736546278,0
U14791,0,1,0.011899827048182487,0
U14792,0,4,0.011287430301308632,0
U14793,0,5,0.1856691837310791,0
U14794,0,4,0.10546725988388062,0
U14795,0,4,0.0328366681933403,0
U14796,0,2,0.9007434844970703,1
U14797,0,1,0.12081170827150345,0
U14798,0,4,0.024601958692073822,0
U14799,0,3,0.009946728125214577,0
U14800,0,4,0.005410441197454929,0
U14801,0,3,0.014647125266492367,0
U14802,0,5,0.0029109094757586718,0
U14803,0,4,0.22411727905273438,0
U14804,0,2,0.16930288076400757,0
U14805,0,1,0.4239279627799988,0
U14806,0,1,0.2325042188167572,0
U14807,0,5,0.08450010418891907,0
U14808,0,4,0.003461854998022318,0
U14809,0,4,0.06261081993579865,0
U14810,0,1,0.21025434136390686,0
U14811,0,4,0.2638663649559021,0
U14812,0,1,0.850954532623291,1
U14813,0,3,0.5311484336853027,1
U14814,0,4,0.008595436811447144,0
U14815,0,4,0.020179197192192078,0
U14816,0,2,0.34178730845451355,0
U14817,0,4,0.4223046600818634,0
U14818,0,4,0.012346114963293076,0
U14819,0,3,0.003447229042649269,0
U14820,0,1,0.05273403599858284,0
U14821,0,4,0.09549275785684586,0
U14822,0,5,0.04732596129179001,0
U14823,0,1,0.38378697633743286,0
U14824,0,4,0.08160732686519623,0
U14825,0,2,0.05682450532913208,0
U14826,0,1,0.10150262713432312,0
U14827,0,3,0.306388258934021,0
U14828,0,1,0.006259471643716097,0
U14829,0,1,0.9564476609230042,1
U14830,0,4,0.027765585109591484,0
U14831,0,4,0.06651571393013,0
U14832,0,4,0.05735374242067337,0
U14833,0,2,0.07509282976388931,0
U14834,0,3,0.007800068706274033,0
U14835,0,1,0.009869927540421486,0
U14836,0,3,0.1235787644982338,0
U14837,0,2,0.011987979523837566,0
U14838,0,4,0.004625360481441021,0
U14839,0,2,0.012968437746167183,0
U14840,0,5,0.014934931881725788,0
U14841,0,3,0.6858322620391846,1
U14842,0,1,0.13385668396949768,0
U14843,0,2,0.03706040605902672,0
U14844,0,5,0.10357674956321716,0
U14845,0,2,0.09231384098529816,0
U14846,0,2,0.009135719388723373,0
U14847,0,5,0.015601741150021553,0
U14848,0,1,0.017145883291959763,0
U14849,0,4,0.16624653339385986,0
U14850,0,3,0.013737041503190994,0
U14851,0,2,0.04138777405023575,0
U14852,0,5,0.009895216673612595,0
U14853,0,3,0.0011318476172164083,0
U14854,0,5,0.010876253247261047,0
U14855,0,4,0.03527636080980301,0
U14856,0,4,0.07042421400547028,0
U14857,0,5,0.02221556007862091,0
U14858,0,3,0.011005179956555367,0
U14859,0,4,0.04993371665477753,0
U14860,0,3,0.05336366221308708,0
U14861,0,5,0.015950048342347145,0
U14862,0,4,0.19244082272052765,0
U14863,0,2,0.01134626753628254,0
U14864,0,2,0.3107125759124756,0
U14865,0,3,0.050367116928100586,0
U14866,0,4,0.008595164865255356,0
U14867,0,5,0.001702538225799799,0
U14868,0,2,0.012024904601275921,0
U14869,0,1,0.043545641005039215,0
U14870,0,5,0.18034031987190247,0
U14871,0,2,0.0019885983783751726,0
U14872,0,3,0.3673487603664398,0
U14873,0,2,0.02174486219882965,0
U14874,0,1,0.29824066162109375,0
U14875,0,5,0.008132793940603733,0
U14876,0,1,0.01144415233284235,0
U14877,0,1,0.5565563440322876,1
U14878,0,2,0.030736330896615982,0
U14879,0,4,0.06929005682468414,0
U14880,0,5,0.2233525514602661,0
U14881,0,4,0.05616908147931099,0
U14882,0,3,0.18215665221214294,0
U14883,0,1,0.6725903153419495,1
U14884,0,1,0.17891493439674377,0
U14885,0,3,0.10737104713916779,0
U14886,0,1,0.03891214728355408,0
U14887,0,3,0.03752188757061958,0
U14888,0,1,0.06321442127227783,0
U14889,0,1,0.025871651247143745,0
U14890,0,2,0.3583385944366455,0
U14891,0,4,0.07586681097745895,0
U14892,0,2,0.12241896986961365,0
U14893,0,5,0.258691668510437,0
U14894,0,3,0.019412124529480934,0
U14895,0,4,0.07360903918743134,0
U14896,0,1,0.8729121685028076,1
U14897,0,4,0.0036533717066049576,0
U14898,0,5,0.6943108439445496,1
U14899,0,4,0.033945098519325256,0
U14900,0,4,0.002512687351554632,0
U14901,0,4,0.19744127988815308,0
U14902,0,2,0.00991623755544424,0
U14903,0,1,0.2103276550769806,0
U14904,0,3,0.18871097266674042,0
U14905,0,5,0.04336438328027725,0
U14906,0,3,0.27762216329574585,0
U14907,0,4,0.41721317172050476,0
U14908,0,5,0.12319771945476532,0
U14909,0,2,0.001987806521356106,0
U14910,0,5,0.47351133823394775,0
U14911,0,3,0.006059494335204363,0
U14912,0,4,0.03393401578068733,0
U14913,0,2,0.38747915625572205,0
U14914,0,4,0.15065868198871613,0
U14915,0,3,0.47147613763809204,0
U14916,0,4,0.06427335739135742,0
U14917,0,5,0.021171066910028458,0
U14918,0,5,0.28672513365745544,0
U14919,0,3,0.020790133625268936,0
U14920,0,5,0.007743931375443935,0
U14921,0,5,0.005102554801851511,0
U14922,0,2,0.02630869299173355,0
U14923,0,4,0.5916568040847778,1
U14924,0,1,0.20964324474334717,0
U14925,0,5,0.056313708424568176,0
U14926,0,2,0.535764217376709,1
U14927,0,2,0.16863605380058289,0
U14928,0,2,0.4420771896839142,0
U14929,0,4,0.009034715592861176,0
U14930,0,3,0.0015650303103029728,0
U14931,0,4,0.01121867448091507,0
U14932,0,3,0.09126052260398865,0
U14933,0,5,0.01160516683012247,0
U14934,0,5,0.2260303497314453,0
U14935,0,1,0.42905300855636597,0
U14936,0,2,0.11483623087406158,0
U14937,0,4,0.012299938127398491,0
U14938,0,5,0.005071363877505064,0
U14939,0,4,0.002677916781976819,0
U14940,0,2,0.584487795829773,1
U14941,0,5,0.31559038162231445,0
U14942,0,2,0.005643317475914955,0
U14943,0,2,0.7511017918586731,1
U14944,0,3,0.047721777111291885,0
U14945,0,4,0.02244044467806816,0
U14946,0,4,0.01681673899292946,0
U14947,0,4,0.2852022349834442,0
U14948,0,2,0.032867833971977234,0
U14949,0,4,0.061818547546863556,0
U14950,0,2,0.011320829391479492,0
U14951,0,4,0.009382353164255619,0
U14952,0,4,0.08271583169698715,0
U14953,0,3,0.03067808598279953,0
U14954,0,5,0.6806470155715942,1
U14955,0,2,0.18794018030166626,0
U14956,0,4,0.01599055342376232,0
U14957,0,5,0.026707995682954788,0
U14958,0,5,0.001138454768806696,0
U14959,0,4,0.005847358610481024,0
U14960,0,4,0.07274104654788971,0
U14961,0,5,0.006495209410786629,0
U14962,0,5,0.6341076493263245,1
U14963,0,4,0.015093497931957245,0
U14964,0,5,0.617270290851593,1
U14965,0,2,0.7906091809272766,1
U14966,0,4,0.019571594893932343,0
U14967,0,1,0.6312390565872192,1
U14968,0,3,0.11950498074293137,0
U14969,0,2,0.18919910490512848,0
U14970,0,4,0.011413855478167534,0
U14971,0,5,0.11850482225418091,0
U14972,0,5,0.7145254015922546,1
U14973,0,5,0.0135208610445261,0
U14974,0,4,0.004358179401606321,0
U14975,0,2,0.6178762912750244,1
U14976,0,3,0.044746555387973785,0
U14977,0,4,0.16995824873447418,0
U14978,0,1,0.09981101006269455,0
U14979,0,1,0.005088671110570431,0
U14980,0,5,0.005755974445492029,0
U14981,0,2,0.09430039674043655,0
U14982,0,3,0.8556524515151978,1
U14983,0,1,0.819667398929596,1
U14984,0,2,0.004443327896296978,0
U14985,0,5,0.06152966618537903,0
U14986,0,2,0.33235347270965576,0
U14987,0,4,0.00800795666873455,0
U14988,0,4,0.1913573294878006,0
U14989,0,2,0.027175573632121086,0
U14990,0,1,0.02416294813156128,0
U14991,0,3,0.020792705938220024,0
U14992,0,1,0.6527881622314453,1
U14993,0,5,0.1247536838054657,0
U14994,0,3,0.13636550307273865,0
U14995,0,1,0.02964704856276512,0
U14996,0,4,0.02047913894057274,0
U14997,0,5,0.6551482081413269,1
U14998,0,3,0.047254450619220734,0
U14999,0,4,0.041055429726839066,0
U15000,0,4,0.07711634039878845,0
U15001,0,3,0.00817337166517973,0
U15002,0,5,0.01382785476744175,0
U15003,0,2,0.001510201720520854,0
U15004,0,2,0.02499082125723362,0
U15005,0,4,0.012027745135128498,0
U15006,0,4,0.0008449559682048857,0
U15007,0,3,0.6208273768424988,1
U15008,0,1,0.015390429645776749,0
U15009,0,4,0.7043180465698242,1
U15010,0,4,0.5460293292999268,1
U15011,0,1,0.06840437650680542,0
U15012,0,1,0.025246579200029373,0
U15013,0,2,0.9435369968414307,1
U15014,0,3,0.08594727516174316,0
U15015,0,2,0.016269613057374954,0
U15016,0,5,0.14453881978988647,0
U15017,0,2,0.029224803671240807,0
U15018,0,4,0.06279010325670242,0
U15019,0,5,0.3366803824901581,0
U15020,0,2,0.07476586103439331,0
U15021,0,1,0.17862071096897125,0
U15022,0,4,0.027134161442518234,0
U15023,0,4,0.0461520254611969,0
U15024,0,4,0.01645268313586712,0
U15025,0,5,0.07653380185365677,0
U15026,0,2,0.08058220893144608,0
U15027,0,3,0.0010385655332356691,0
U15028,0,2,0.02821372263133526,0
U15029,0,5,0.057704292237758636,0
U15030,0,3,0.0021616718731820583,0
U15031,0,3,0.14368292689323425,0
U15032,0,4,0.014088176190853119,0
U15033,0,2,0.08716833591461182,0
U15034,0,5,0.00557734165340662,0
U15035,0,1,0.05676640197634697,0
U15036,0,4,0.008409079164266586,0
U15037,0,2,0.011297009885311127,0
U15038,0,5,0.05487217754125595,0
U15039,0,2,0.004790465347468853,0
U15040,0,5,0.03830727934837341,0
U15041,0,4,0.006227060686796904,0
U15042,0,1,0.03635304793715477,0
U15043,0,1,0.04488810896873474,0
U15044,0,5,0.1588744968175888,0
U15045,0,3,0.018664784729480743,0
U15046,0,2,0.2058466523885727,0
U15047,0,5,0.024122167378664017,0
U15048,0,3,0.10954979062080383,0
U15049,0,5,0.15465115010738373,0
U15050,0,4,0.00465634698048234,0
U15051,0,5,0.021924521774053574,0
U15052,0,5,0.030979206785559654,0
U15053,0,2,0.233022540807724,0
U15054,0,5,0.0038965800777077675,0
U15055,0,3,0.138732448220253,0
U15056,0,4,0.015218371525406837,0
U15057,0,4,0.03332473337650299,0
U15058,0,1,0.5244479775428772,1
U15059,0,2,0.11209544539451599,0
U15060,0,5,0.24936741590499878,0
U15061,0,3,0.8935820460319519,1
U15062,0,4,0.008893847465515137,0
U15063,0,2,0.19524817168712616,0
U15064,0,2,0.11036992073059082,0
U15065,0,2,0.03455369174480438,0
U15066,0,1,0.0050215944647789,0
U15067,0,2,0.03287145495414734,0
U15068,0,2,0.012931413017213345,0
U15069,0,4,0.006874339189380407,0
U15070,0,2,0.01673482358455658,0
U15071,0,1,0.01728232391178608,0
U15072,0,2,0.8654346466064453,1
U15073,0,3,0.00593837583437562,0
U15074,0,5,0.6845829486846924,1
U15075,0,4,0.07702977955341339,0
U15076,0,4,0.0010989969596266747,0
U15077,0,2,0.024598123505711555,0
U15078,0,1,0.020482013002038002,0
U15079,0,3,0.013182797469198704,0
U15080,0,2,0.07478756457567215,0
U15081,0,5,0.5672846436500549,1
U15082,0,1,0.11579606682062149,0
U15083,0,1,0.1457292139530182,0
U15084,0,4,0.017624076455831528,0
U15085,0,3,0.8262989521026611,1
U15086,0,2,0.0036544303875416517,0
U15087,0,5,0.01584896817803383,0
U15088,0,4,0.006671098060905933,0
U15089,0,1,0.01132805086672306,0
U15090,0,4,0.03042084164917469,0
U15091,0,1,0.006763236131519079,0
U15092,0,2,0.03472075238823891,0
U15093,0,1,0.02383696846663952,0
U15094,0,1,0.27313947677612305,0
U15095,0,2,0.0008425068226642907,0
U15096,0,1,0.01885739155113697,0
U15097,0,1,0.24194002151489258,0
U15098,0,4,0.14052583277225494,0
U15099,0,2,0.5410743951797485,1
U15100,0,1,0.0064543187618255615,0
U15101,0,4,0.015609169378876686,0
U15102,0,2,0.0028024124912917614,0
U15103,0,2,0.02158229798078537,0
U15104,0,3,0.2037062644958496,0
U15105,0,4,0.039403386414051056,0
U15106,0,5,0.029101155698299408,0
U15107,0,1,0.13684067130088806,0
U15108,0,4,0.008394085802137852,0
U15109,0,5,0.007397093810141087,0
U15110,0,5,0.042708877474069595,0
U15111,0,4,0.026134341955184937,0
U15112,0,5,0.0420936718583107,0
U15113,0,2,0.013423626311123371,0
U15114,0,2,0.0026848099660128355,0
U15115,0,5,0.09416423738002777,0
U15116,0,3,0.15647605061531067,0
U15117,0,1,0.18047602474689484,0
U15118,0,3,0.05662476271390915,0
U15119,0,5,0.01602599024772644,0
U15120,0,5,0.04811302199959755,0
U15121,0,5,0.06303928792476654,0
U15122,0,3,0.637619137763977,1
U15123,0,5,0.009001596830785275,0
U15124,0,5,0.2021825909614563,0
U15125,0,1,0.7274141907691956,1
U15126,0,4,0.005755180027335882,0
U15127,0,5,0.21611103415489197,0
U15128,0,2,0.03890492394566536,0
U15129,0,5,0.11931158602237701,0
U15130,0,5,0.030096307396888733,0
U15131,0,1,0.09720304608345032,0
U15132,0,3,0.0015000582206994295,0
U15133,0,2,0.014587564393877983,0
U15134,0,5,0.0647445023059845,0
U15135,0,4,0.19692327082157135,0
U15136,0,4,0.011470649391412735,0
U15137,0,1,0.02402757667005062,0
U15138,0,1,0.5774275660514832,1
U15139,0,5,0.0808107852935791,0
U15140,0,3,0.0262485109269619,0
U15141,0,2,0.008653320372104645,0
U15142,0,4,0.02576618641614914,0
U15143,0,4,0.04312910884618759,0
U15144,0,3,0.07839472591876984,0
U15145,0,1,0.10511399805545807,0
U15146,0,2,0.6365588307380676,1
U15147,0,3,0.006199834402650595,0
U15148,0,4,0.00664186617359519,0
U15149,0,2,0.0952027216553688,0
U15150,0,5,0.01886601746082306,0
U15151,0,5,0.013185909949243069,0
U15152,0,1,0.12346290051937103,0
U15153,0,3,0.03870401903986931,0
U15154,0,2,0.048513494431972504,0
U15155,0,2,0.0014564839657396078,0
U15156,0,3,0.30218231678009033,0
U15157,0,2,0.06351342052221298,0
U15158,0,5,0.6133962869644165,1
U15159,0,2,0.012802323326468468,0
U15160,0,2,0.01891249045729637,0
U15161,0,2,0.8515155911445618,1
U15162,0,3,0.3150143027305603,0
U15163,0,1,0.27136722207069397,0
U15164,0,3,0.2004130482673645,0
U15165,0,2,0.27168983221054077,0
U15166,0,3,0.09097040444612503,0
U15167,0,3,0.03623137250542641,0
U15168,0,5,0.4406297206878662,0
U15169,0,3,0.14090074598789215,0
U15170,0,5,0.3216131031513214,0
U15171,0,4,0.4796106815338135,0
U15172,0,5,0.3491567075252533,0
U15173,0,1,0.19256791472434998,0
U15174,0,5,0.19018247723579407,0
U15175,0,4,0.01284982543438673,0
U15176,0,3,0.38269874453544617,0
U15177,0,1,0.0025929841212928295,0
U15178,0,4,0.8080087900161743,1
U15179,0,2,0.010669168084859848,0
U15180,0,3,0.04317713528871536,0
U15181,0,1,0.20580029487609863,0
U15182,0,3,0.25287413597106934,0
U15183,0,5,0.020208561792969704,0
U15184,0,4,0.03125378489494324,0
U15185,0,2,0.010391282849013805,0
U15186,0,4,0.02889391779899597,0
U15187,0,4,0.003352643456310034,0
U15188,0,2,0.006543908268213272,0
U15189,0,3,0.0009769561002030969,0
U15190,0,1,0.0033570444211363792,0
U15191,0,2,0.025589145720005035,0
U15192,0,2,0.019920744001865387,0
U15193,0,3,0.036144450306892395,0
U15194,0,4,0.013078046031296253,0
U15195,0,3,0.2868209183216095,0
U15196,0,4,0.13400152325630188,0
U15197,0,5,0.0052246227860450745,0
U15198,0,3,0.00506085529923439,0
U15199,0,3,0.020014813169836998,0
U15200,0,3,0.030793044716119766,0
U15201,0,4,0.027450386434793472,0
U15202,0,2,0.06804375350475311,0
U15203,0,1,0.004391306545585394,0
U15204,0,4,0.005785305984318256,0
U15205,0,1,0.0025092277210205793,0
U15206,0,3,0.0054585374891757965,0
U15207,0,1,0.011533794924616814,0
U15208,0,3,0.13748352229595184,0
U15209,0,2,0.005669067148119211,0
U15210,0,3,0.02100471407175064,0
U15211,0,1,0.006016789935529232,0
U15212,0,4,0.20694947242736816,0
U15213,0,3,0.1996738463640213,0
U15214,0,5,0.026050984859466553,0
U15215,0,1,0.004053499083966017,0
U15216,0,4,0.1290147751569748,0
U15217,0,3,0.011987396515905857,0
U15218,0,4,0.1436927318572998,0
U15219,0,4,0.009178142994642258,0
U15220,0,4,0.010451793670654297,0
U15221,0,1,0.3164770007133484,0
U15222,0,3,0.022002099081873894,0
U15223,0,2,0.0063237682916224,0
U15224,0,2,0.4330679774284363,0
U15225,0,2,0.06481775641441345,0
U15226,0,2,0.08460263907909393,0
U15227,0,5,0.011756033636629581,0
U15228,0,2,0.0937616229057312,0
U15229,0,2,0.6525745391845703,1
U15230,0,2,0.030636709183454514,0
U15231,0,1,0.28847137093544006,0
U15232,0,5,0.0011763670481741428,0
U15233,0,1,0.09852245450019836,0
U15234,0,4,0.02771402895450592,0
U15235,0,1,0.061078183352947235,0
U15236,0,2,0.5977771282196045,1
U15237,0,4,0.02744714543223381,0
U15238,0,5,0.009847674518823624,0
U15239,0,5,0.0005724328802898526,0
U15240,0,5,0.9846378564834595,1
U15241,0,5,0.0073464964516460896,0
U15242,0,4,0.021242501214146614,0
U15243,0,3,0.002306185429915786,0
U15244,0,2,0.1448264718055725,0
U15245,0,4,0.01615208201110363,0
U15246,0,4,0.01901610754430294,0
U15247,0,1,0.0110054612159729,0
U15248,0,2,0.04307910427451134,0
U15249,0,2,0.014113865792751312,0
U15250,0,3,0.08048073947429657,0
U15251,0,3,0.34243497252464294,0
U15252,0,5,0.16751572489738464,0
U15253,0,5,0.025517193600535393,0
U15254,0,3,0.9268054366111755,1
U15255,0,5,0.06581524014472961,0
U15256,0,4,0.07544243335723877,0
U15257,0,1,0.01146541815251112,0
U15258,0,4,0.029134631156921387,0
U15259,0,3,0.5976220369338989,1
U15260,0,1,0.004792720545083284,0
U15261,0,4,0.5667219161987305,1
U15262,0,4,0.10334081947803497,0
U15263,0,5,0.2026498019695282,0
U15264,0,4,0.025048576295375824,0
U15265,0,1,0.0032084770500659943,0
U15266,0,1,0.05139992758631706,0
U15267,0,4,0.4613858163356781,0
U15268,0,4,0.06248127669095993,0
U15269,0,5,0.0181016456335783,0
U15270,0,1,0.009879431687295437,0
U15271,0,3,0.0029034256003797054,0
U15272,0,2,0.3462747037410736,0
U15273,0,4,0.15580666065216064,0
U15274,0,3,0.15481561422348022,0
U15275,0,4,0.034097231924533844,0
U15276,0,2,0.61309814453125,1
U15277,0,5,0.38145560026168823,0
U15278,0,1,0.4233834743499756,0
U15279,0,2,0.16657274961471558,0
U15280,0,3,0.1110590398311615,0
U15281,0,4,0.06720179319381714,0
U15282,0,3,0.025891344994306564,0
U15283,0,5,0.023535238578915596,0
U15284,0,5,0.2452523559331894,0
U15285,0,4,0.029975585639476776,0
U15286,0,2,0.0020589050836861134,0
U15287,0,3,0.5363602042198181,1
U15288,0,2,0.009458217769861221,0
U15289,0,3,0.012310071848332882,0
U15290,0,2,0.08497128635644913,0
U15291,0,3,0.0110926553606987,0
U15292,0,1,0.006199787836521864,0
U15293,0,5,0.009580563753843307,0
U15294,0,3,0.11694460362195969,0
U15295,0,4,0.0029033843893557787,0
U15296,0,1,0.003882993245497346,0
U15297,0,3,0.001834037946537137,0
U15298,0,4,0.6575230360031128,1
U15299,0,2,0.4042145311832428,0
U15300,0,1,0.7920771837234497,1
U15301,0,5,0.036662228405475616,0
U15302,0,1,0.9853999614715576,1
U15303,0,2,0.8066484928131104,1
U15304,0,1,0.14911513030529022,0
U15305,0,3,0.0006578314350917935,0
U15306,0,2,0.1628144383430481,0
U15307,0,1,0.23436233401298523,0
U15308,0,2,0.016254093497991562,0
U15309,0,4,0.007755666971206665,0
U15310,0,4,0.03510270267724991,0
U15311,0,5,0.7399236559867859,1
U15312,0,3,0.042910974472761154,0
U15313,0,3,0.009448844008147717,0
U15314,0,3,0.006522838491946459,0
U15315,0,1,0.33662107586860657,0
U15316,0,3,0.054370127618312836,0
U15317,0,3,0.008872250095009804,0
U15318,0,5,0.008337226696312428,0
U15319,0,3,0.4038068652153015,0
U15320,0,1,0.04262669384479523,0
U15321,0,2,0.08921866118907928,0
U15322,0,4,0.008246896788477898,0
U15323,0,5,0.002752089174464345,0
U15324,0,5,0.03169455751776695,0
U15325,0,3,0.1861869990825653,0
U15326,0,2,0.14318722486495972,0
U15327,0,3,0.01587831601500511,0
U15328,0,5,0.017372306436300278,0
U15329,0,3,0.010945186950266361,0
U15330,0,1,0.03679952397942543,0
U15331,0,2,0.18673039972782135,0
U15332,0,2,0.6454870700836182,1
U15333,0,3,0.9142099022865295,1
U15334,0,3,0.04693637043237686,0
U15335,0,3,0.15665750205516815,0
U15336,0,1,0.004101199097931385,0
U15337,0,5,0.7190729379653931,1
U15338,0,2,0.14565448462963104,0
U15339,0,2,0.7093451023101807,1
U15340,0,4,0.09580467641353607,0
U15341,0,4,0.014858024194836617,0
U15342,0,4,0.009721864014863968,0
U15343,0,4,0.03699156269431114,0
U15344,0,4,0.0186613816767931,0
U15345,0,5,0.5443570613861084,1
U15346,0,3,0.1334405392408371,0
U15347,0,1,0.024863265454769135,0
U15348,0,2,0.5093762278556824,1
U15349,0,2,0.0008072126656770706,0
U15350,0,5,0.1270885169506073,0
U15351,0,5,0.030837787315249443,0
U15352,0,5,0.09303499758243561,0
U15353,0,4,0.006195498164743185,0
U15354,0,3,0.0006525649805553257,0
U15355,0,3,0.05945279821753502,0
U15356,0,3,0.13880868256092072,0
U15357,0,4,0.16421101987361908,0
U15358,0,3,0.07622399926185608,0
U15359,0,4,0.016645818948745728,0
U15360,0,2,0.08991637825965881,0
U15361,0,5,0.02015325427055359,0
U15362,0,1,0.3318641185760498,0
U15363,0,2,0.031769294291734695,0
U15364,0,5,0.060630906373262405,0
U15365,0,4,0.07480552792549133,0
U15366,0,1,0.007600199896842241,0
U15367,0,5,0.005251215770840645,0
U15368,0,3,0.013635133393108845,0
U15369,0,5,0.0723382830619812,0
U15370,0,3,0.02018495462834835,0
U15371,0,2,0.31278517842292786,0
U15372,0,2,0.018422581255435944,0
U15373,0,2,0.020714279264211655,0
U15374,0,1,0.021396368741989136,0
U15375,0,1,0.052163951098918915,0
U15376,0,5,0.29047781229019165,0
U15377,0,1,0.011720525100827217,0
U15378,0,1,0.261271595954895,0
U15379,0,5,0.9534624814987183,1
U15380,0,2,0.0827045887708664,0
U15381,0,1,0.0018058447167277336,0
U15382,0,2,0.6302868127822876,1
U15383,0,2,0.08694335073232651,0
U15384,0,1,0.6392087936401367,1
U15385,0,1,0.010993295349180698,0
U15386,0,3,0.12810160219669342,0
U15387,0,5,0.13381238281726837,0
U15388,0,1,0.01368600595742464,0
U15389,0,4,0.0070866975001990795,0
U15390,0,3,0.024332446977496147,0
U15391,0,3,0.06028690189123154,0
U15392,0,5,0.3077310621738434,0
U15393,0,4,0.01319232489913702,0
U15394,0,3,0.027438994497060776,0
U15395,0,1,0.011618431657552719,0
U15396,0,5,0.10170125216245651,0
U15397,0,3,0.44751667976379395,0
U15398,0,1,0.0046940939500927925,0
U15399,0,3,0.06838475167751312,0
U15400,0,3,0.04610792174935341,0
U15401,0,1,0.963901937007904,1
U15402,0,5,0.008257823064923286,0
U15403,0,5,0.8343322277069092,1
U15404,0,4,0.007755479775369167,0
U15405,0,1,0.40723514556884766,0
U15406,0,5,0.7233757376670837,1
U15407,0,4,0.007522299885749817,0
U15408,0,2,0.045069221407175064,0
U15409,0,5,0.05882151424884796,0
U15410,0,3,0.004098870791494846,0
U15411,0,4,0.15089958906173706,0
U15412,0,5,0.445332407951355,0
U15413,0,1,0.09407390654087067,0
U15414,0,5,0.05547555536031723,0
U15415,0,2,0.0034952345304191113,0
U15416,0,4,0.003039507893845439,0
U15417,0,1,0.03370663523674011,0
U15418,0,3,0.03829861804842949,0
U15419,0,5,0.02233908139169216,0
U15420,0,3,0.003349174279719591,0
U15421,0,5,0.9128121733665466,1
U15422,0,3,0.08370372653007507,0
U15423,0,4,0.01382465474307537,0
U15424,0,4,0.029113883152604103,0
U15425,0,1,0.07877479493618011,0
U15426,0,2,0.01691277325153351,0
U15427,0,2,0.7484561800956726,1
U15428,0,1,0.5991515517234802,1
U15429,0,3,0.723149299621582,1
U15430,0,3,0.0523628331720829,0
U15431,0,3,0.15576806664466858,0
U15432,0,2,0.06473197788000107,0
U15433,0,1,0.2500324845314026,0
U15434,0,3,0.008752347901463509,0
U15435,0,4,0.013866843655705452,0
U15436,0,2,0.04255051910877228,0
U15437,0,2,0.009643412195146084,0
U15438,0,3,0.011312879621982574,0
U15439,0,1,0.037798818200826645,0
U15440,0,2,0.1263081133365631,0
U15441,0,4,0.03251248225569725,0
U15442,0,2,0.2618454098701477,0
U15443,0,3,0.009248049929738045,0
U15444,0,2,0.005616601090878248,0
U15445,0,5,0.01202768087387085,0
U15446,0,3,0.013446631841361523,0
U15447,0,3,0.7232571244239807,1
U15448,0,1,0.4001028835773468,0
U15449,0,4,0.01350394356995821,0
U15450,0,3,0.02862769551575184,0
U15451,0,3,0.0037587853148579597,0
U15452,0,3,0.03361671790480614,0
U15453,0,4,0.07685063034296036,0
U15454,0,4,0.023666223511099815,0
U15455,0,1,0.004969512112438679,0
U15456,0,2,0.019550595432519913,0
U15457,0,3,0.5212087035179138,1
U15458,0,3,0.049999602138996124,0
U15459,0,3,0.04662977159023285,0
U15460,0,4,0.30961787700653076,0
U15461,0,1,0.019945329055190086,0
U15462,0,5,0.9424788951873779,1
U15463,0,2,0.03883489593863487,0
U15464,0,4,0.014788062311708927,0
U15465,0,4,0.007355497218668461,0
U15466,0,2,0.03459208086133003,0
U15467,0,4,0.06972143054008484,0
U15468,0,2,0.0043433778919279575,0
U15469,0,4,0.02012520097196102,0
U15470,0,4,0.44726720452308655,0
U15471,0,2,0.008071614429354668,0
U15472,0,3,0.07872521132230759,0
U15473,0,4,0.06052791699767113,0
U15474,0,2,0.0060327015817165375,0
U15475,0,3,0.009216872975230217,0
U15476,0,4,0.025109361857175827,0
U15477,0,1,0.08485479652881622,0
U15478,0,4,0.7246209979057312,1
U15479,0,1,0.24927327036857605,0
U15480,0,1,0.004084705375134945,0
U15481,0,3,0.3443794846534729,0
U15482,0,2,0.5509667992591858,1
U15483,0,4,0.013147885911166668,0
U15484,0,1,0.007576098665595055,0
U15485,0,4,0.013494806364178658,0
U15486,0,5,0.031627025455236435,0
U15487,0,4,0.09868849813938141,0
U15488,0,4,0.08999048173427582,0
U15489,0,1,0.20769238471984863,0
U15490,0,1,0.008716393262147903,0
U15491,0,3,0.07015945762395859,0
U15492,0,2,0.0376872718334198,0
U15493,0,4,0.11991222202777863,0
U15494,0,1,0.011554844677448273,0
U15495,0,2,0.010841491632163525,0
U15496,0,1,0.2494400441646576,0
U15497,0,5,0.44215530157089233,0
U15498,0,3,0.14714615046977997,0
U15499,0,1,0.045602597296237946,0
U15500,0,1,0.005667559802532196,0
U15501,0,3,0.04465847089886665,0
U15502,0,4,0.009296025149524212,0
U15503,0,4,0.00968374777585268,0
U15504,0,1,0.0038775033317506313,0
U15505,0,1,0.00415991572663188,0
U15506,0,3,0.05940961465239525,0
U15507,0,5,0.427703857421875,0
U15508,0,4,0.01083325408399105,0
U15509,0,4,0.3099389374256134,0
U15510,0,5,0.2910780906677246,0
U15511,0,3,0.06145661324262619,0
U15512,0,2,0.009569939225912094,0
U15513,0,4,0.1311359703540802,0
U15514,0,3,0.05136149749159813,0
U15515,0,2,0.011609912849962711,0
U15516,0,4,0.08081276714801788,0
U15517,0,5,0.030906252562999725,0
U15518,0,4,0.14623107016086578,0
U15519,0,3,0.057391371577978134,0
U15520,0,1,0.7979535460472107,1
U15521,0,5,0.0009046728955581784,0
U15522,0,4,0.03326407074928284,0
U15523,0,2,0.008955609053373337,0
U15524,0,4,0.1314357966184616,0
U15525,0,1,0.011338412761688232,0
U15526,0,3,0.03518102318048477,0
U15527,0,1,0.009474939666688442,0
U15528,0,2,0.6397396326065063,1
U15529,0,3,0.530516505241394,1
U15530,0,2,0.5312944650650024,1
U15531,0,1,0.22982698678970337,0
U15532,0,2,0.015890514478087425,0
U15533,0,4,0.17158973217010498,0
U15534,0,3,0.045823462307453156,0
U15535,0,4,0.02597690187394619,0
U15536,0,3,0.018999256193637848,0
U15537,0,2,0.16724547743797302,0
U15538,0,2,0.013695799745619297,0
U15539,0,2,0.03113136999309063,0
U15540,0,3,0.0023654599208384752,0
U15541,0,5,0.8579033017158508,1
U15542,0,5,0.005354695022106171,0
U15543,0,1,0.21662597358226776,0
U15544,0,4,0.07321539521217346,0
U15545,0,2,0.8771947026252747,1
U15546,0,3,0.05305793881416321,0
U15547,0,5,0.04586450383067131,0
U15548,0,2,0.03609895333647728,0
U15549,0,1,0.02434755116701126,0
U15550,0,4,0.1291613131761551,0
U15551,0,3,0.06878015398979187,0
U15552,0,4,0.0023742355406284332,0
U15553,0,5,0.00428404938429594,0
U15554,0,3,0.41633522510528564,0
U15555,0,5,0.060227420181035995,0
U15556,0,1,0.017517048865556717,0
U15557,0,4,0.023708637803792953,0
U15558,0,2,0.5583236217498779,1
U15559,0,4,0.054527170956134796,0
U15560,0,4,0.01840488612651825,0
U15561,0,4,0.1887052357196808,0
U15562,0,4,0.005363392643630505,0
U15563,0,4,0.029368726536631584,0
U15564,0,4,0.0017020818777382374,0
U15565,0,1,0.0016532959416508675,0
U15566,0,4,0.014792920090258121,0
U15567,0,1,0.1359187513589859,0
U15568,0,5,0.07458270341157913,0
U15569,0,4,0.026446491479873657,0
U15570,0,5,0.7220963835716248,1
U15571,0,3,0.045863077044487,0
U15572,0,4,0.471025288105011,0
U15573,0,3,0.12873154878616333,0
U15574,0,1,0.03587803244590759,0
U15575,0,3,0.7948123812675476,1
U15576,0,3,0.0034853913821280003,0
U15577,0,1,0.04467501491308212,0
U15578,0,2,0.21033146977424622,0
U15579,0,4,0.42149296402931213,0
U15580,0,2,0.04999503120779991,0
U15581,0,2,0.006939784158021212,0
U15582,0,2,0.12397107481956482,0
U15583,0,2,0.014017094857990742,0
U15584,0,3,0.0012934011174365878,0
U15585,0,3,0.2192891240119934,0
U15586,0,1,0.7161989808082581,1
U15587,0,1,0.015694430097937584,0
U15588,0,3,0.005577538628131151,0
U15589,0,4,0.04330432042479515,0
U15590,0,4,0.006483745761215687,0
U15591,0,5,0.02028696797788143,0
U15592,0,2,0.02249985560774803,0
U15593,0,4,0.409104585647583,0
U15594,0,3,0.059485189616680145,0
U15595,0,3,0.7556103467941284,1
U15596,0,5,0.006927266251295805,0
U15597,0,2,0.5149732828140259,1
U15598,0,2,0.08866369724273682,0
U15599,0,4,0.02191724255681038,0
U15600,0,4,0.0901191383600235,0
U15601,0,5,0.035731080919504166,0
U15602,0,3,0.8445196151733398,1
U15603,0,4,0.008239276707172394,0
U15604,0,2,0.014418539591133595,0
U15605,0,5,0.5815989375114441,1
U15606,0,2,0.017504148185253143,0
U15607,0,4,0.8942916989326477,1
U15608,0,3,0.16553328931331635,0
U15609,0,2,0.24693772196769714,0
U15610,0,2,0.01934705674648285,0
U15611,0,3,0.17858988046646118,0
U15612,0,5,0.25790461897850037,0
U15613,0,4,0.006902163382619619,0
U15614,0,4,0.04525020718574524,0
U15615,0,5,0.020851243287324905,0
U15616,0,3,0.055700331926345825,0
U15617,0,4,0.0466231107711792,0
U15618,0,3,0.11498481780290604,0
U15619,0,2,0.025142673403024673,0
U15620,0,5,0.7821099758148193,1
U15621,0,2,0.4922904372215271,0
U15622,0,2,0.009865868836641312,0
U15623,0,1,0.13256588578224182,0
U15624,0,5,0.013304580003023148,0
U15625,0,2,0.010881416499614716,0
U15626,0,1,0.032074518501758575,0
U15627,0,2,0.003646884113550186,0
U15628,0,5,0.006448622792959213,0
U15629,0,5,0.004033793695271015,0
U15630,0,4,0.05087006092071533,0
U15631,0,2,0.005013421643525362,0
U15632,0,2,0.5427830815315247,1
U15633,0,5,0.017654161900281906,0
U15634,0,5,0.2484804093837738,0
U15635,0,1,0.20839720964431763,0
U15636,0,3,0.6176211833953857,1
U15637,0,2,0.03356040269136429,0
U15638,0,5,0.9067727327346802,1
U15639,0,1,0.004552448634058237,0
U15640,0,4,0.002003428991883993,0
U15641,0,5,0.16521821916103363,0
U15642,0,1,0.05649493262171745,0
U15643,0,5,0.08925506472587585,0
U15644,0,3,0.4034240245819092,0
U15645,0,4,0.3763577938079834,0
U15646,0,3,0.004516265820711851,0
U15647,0,2,0.7337337732315063,1
U15648,0,3,0.11368905007839203,0
U15649,0,3,0.5476962924003601,1
U15650,0,5,0.9654223322868347,1
U15651,0,1,0.8890998959541321,1
U15652,0,5,0.27942806482315063,0
U15653,0,4,0.08834818005561829,0
U15654,0,2,0.008142735809087753,0
U15655,0,2,0.09587046504020691,0
U15656,0,4,0.009602420032024384,0
U15657,0,1,0.033496491611003876,0
U15658,0,5,0.004005099646747112,0
U15659,0,2,0.06838250905275345,0
U15660,0,4,0.1686496138572693,0
U15661,0,4,0.16563381254673004,0
U15662,0,5,0.015363446436822414,0
U15663,0,1,0.743256151676178,1
U15664,0,2,0.1841873973608017,0
U15665,0,5,0.7007893323898315,1
U15666,0,4,0.1497732698917389,0
U15667,0,2,0.0651279017329216,0
U15668,0,3,0.29322999715805054,0
U15669,0,5,0.18607132136821747,0
U15670,0,4,0.0018639422487467527,0
U15671,0,4,0.08667074888944626,0
U15672,0,1,0.023344501852989197,0
U15673,0,2,0.005182106979191303,0
U15674,0,1,0.32859182357788086,0
U15675,0,4,0.006346618756651878,0
U15676,0,5,0.17685039341449738,0
U15677,0,3,0.009699400514364243,0
U15678,0,1,0.5025960206985474,1
U15679,0,4,0.5036806464195251,1
U15680,0,5,0.010020509362220764,0
U15681,0,2,0.0028197900392115116,0
U15682,0,3,0.04850471764802933,0
U15683,0,4,0.32013505697250366,0
U15684,0,5,0.3234560787677765,0
U15685,0,2,0.053173333406448364,0
U15686,0,2,0.004141177516430616,0
U15687,0,5,0.0817706510424614,0
U15688,0,1,0.00480528874322772,0
U15689,0,4,0.6626055836677551,1
U15690,0,2,0.05592864751815796,0
U15691,0,1,0.01610514521598816,0
U15692,0,5,0.009945943020284176,0
U15693,0,4,0.003463804256170988,0
U15694,0,4,0.012086582370102406,0
U15695,0,1,0.05483993887901306,0
U15696,0,4,0.029674720019102097,0
U15697,0,4,0.01754353940486908,0
U15698,0,4,0.031607307493686676,0
U15699,0,3,0.2971760034561157,0
U15700,0,5,0.1921858787536621,0
U15701,0,5,0.0006762872217223048,0
U15702,0,5,0.12639029324054718,0
U15703,0,1,0.0464007742702961,0
U15704,0,3,0.11631728708744049,0
U15705,0,4,0.02528391033411026,0
U15706,0,4,0.006966575048863888,0
U15707,0,5,0.0019334708340466022,0
U15708,0,4,0.02358509600162506,0
U15709,0,1,0.004551683086901903,0
U15710,0,2,0.04205227643251419,0
U15711,0,1,0.03903013840317726,0
U15712,0,5,0.0014230457600206137,0
U15713,0,2,0.2454109489917755,0
U15714,0,3,0.002945962827652693,0
U15715,0,5,0.031162554398179054,0
U15716,0,5,0.008256770670413971,0
U15717,0,3,0.9636443257331848,1
U15718,0,2,0.012945413589477539,0
U15719,0,1,0.012183652259409428,0
U15720,0,5,0.019805602729320526,0
U15721,0,4,0.22506926953792572,0
U15722,0,1,0.15612004697322845,0
U15723,0,5,0.13982832431793213,0
U15724,0,5,0.4547378122806549,0
U15725,0,2,0.0151791051030159,0
U15726,0,2,0.014807545579969883,0
U15727,0,3,0.0032373368740081787,0
U15728,0,3,0.028379354625940323,0
U15729,0,3,0.0017445051344111562,0
U15730,0,4,0.03961717337369919,0
U15731,0,3,0.0015837878454476595,0
U15732,0,4,0.7137212157249451,1
U15733,0,2,0.023773355409502983,0
U15734,0,1,0.012130828574299812,0
U15735,0,4,0.13557294011116028,0
U15736,0,4,0.020172903314232826,0
U15737,0,1,0.011015822179615498,0
U15738,0,2,0.06497447192668915,0
U15739,0,1,0.033110637217760086,0
U15740,0,4,0.008561461232602596,0
U15741,0,4,0.39709705114364624,0
U15742,0,2,0.019052818417549133,0
U15743,0,4,0.011921454221010208,0
U15744,0,2,0.05319616198539734,0
U15745,0,3,0.008093525655567646,0
U15746,0,1,0.012207900173962116,0
U15747,0,2,0.02271573804318905,0
U15748,0,2,0.004444845952093601,0
U15749,0,2,0.1986197680234909,0
U15750,0,5,0.022192660719156265,0
U15751,0,2,0.03397820517420769,0
U15752,0,5,0.010560154914855957,0
U15753,0,3,0.10095877945423126,0
U15754,0,3,0.12380008399486542,0
U15755,0,3,0.28366172313690186,0
U15756,0,4,0.16953697800636292,0
U15757,0,5,0.5691961050033569,1
U15758,0,2,0.019525468349456787,0
U15759,0,4,0.08891008794307709,0
U15760,0,5,0.0033543447498232126,0
U15761,0,2,0.2189142405986786,0
U15762,0,3,0.007426900323480368,0
U15763,0,3,0.01105689350515604,0
U15764,0,2,0.7203682661056519,1
U15765,0,4,0.17991755902767181,0
U15766,0,3,0.05494306609034538,0
U15767,0,4,0.016998762264847755,0
U15768,0,5,0.16624927520751953,0
U15769,0,5,0.041961465030908585,0
U15770,0,3,0.5768592357635498,1
U15771,0,4,0.18281684815883636,0
U15772,0,5,0.1649191528558731,0
U15773,0,4,0.026370704174041748,0
U15774,0,3,0.0047022574581205845,0
U15775,0,2,0.04845244809985161,0
U15776,0,4,0.019557218998670578,0
U15777,0,2,0.019041026011109352,0
U15778,0,1,0.0035849749110639095,0
U15779,0,3,0.2969662547111511,0
U15780,0,2,0.01731906458735466,0
U15781,0,3,0.04642561450600624,0
U15782,0,3,0.010163859464228153,0
U15783,0,1,0.015576673671603203,0
U15784,0,4,0.3886774778366089,0
U15785,0,2,0.13253819942474365,0
U15786,0,3,0.02729181945323944,0
U15787,0,3,0.021439045667648315,0
U15788,0,3,0.045749809592962265,0
U15789,0,5,0.06947562098503113,0
U15790,0,3,0.3061380386352539,0
U15791,0,1,0.006442011799663305,0
U15792,0,1,0.2807416617870331,0
U15793,0,2,0.04743046313524246,0
U15794,0,4,0.11067624390125275,0
U15795,0,1,0.04587683081626892,0
U15796,0,5,0.03482353314757347,0
U15797,0,4,0.43949219584465027,0
U15798,0,5,0.040078699588775635,0
U15799,0,5,0.01093444786965847,0
U15800,0,5,0.0031967114191502333,0
U15801,0,5,0.05438864976167679,0
U15802,0,4,0.04100104793906212,0
U15803,0,2,0.03101157583296299,0
U15804,0,4,0.38867026567459106,0
U15805,0,2,0.0036840050015598536,0
U15806,0,2,0.16721682250499725,0
U15807,0,1,0.17565032839775085,0
U15808,0,4,0.023344315588474274,0
U15809,0,4,0.11356052756309509,0
U15810,0,5,0.03311394155025482,0
U15811,0,4,0.8819565176963806,1
U15812,0,3,0.0260323379188776,0
U15813,0,4,0.010758346877992153,0
U15814,0,4,0.04287746548652649,0
U15815,0,1,0.8636053204536438,1
U15816,0,4,0.029851235449314117,0
U15817,0,3,0.01516980491578579,0
U15818,0,2,0.003995026461780071,0
U15819,0,1,0.03727775439620018,0
U15820,0,1,0.007463262882083654,0
U15821,0,1,0.0588252916932106,0
U15822,0,4,0.036414679139852524,0
U15823,0,4,0.34583497047424316,0
U15824,0,2,0.0138558279722929,0
U15825,0,4,0.040391258895397186,0
U15826,0,2,0.049158427864313126,0
U15827,0,5,0.42511066794395447,0
U15828,0,5,0.02118024230003357,0
U15829,0,1,0.8256349563598633,1
U15830,0,3,0.0024640036281198263,0
U15831,0,2,0.03263545036315918,0
U15832,0,4,0.2744187116622925,0
U15833,0,5,0.028988603502511978,0
U15834,0,5,0.40499040484428406,0
U15835,0,4,0.04352244734764099,0
U15836,0,5,0.3358045816421509,0
U15837,0,4,0.050408001989126205,0
U15838,0,5,0.16666893661022186,0
U15839,0,5,0.005331110674887896,0
U15840,0,2,0.2351086437702179,0
U15841,0,1,0.8263723850250244,1
U15842,0,1,0.027255844324827194,0
U15843,0,5,0.004436682444065809,0
U15844,0,3,0.01960078254342079,0
U15845,0,2,0.8569726347923279,1
U15846,0,3,0.043861426413059235,0
U15847,0,5,0.04125919193029404,0
U15848,0,1,0.03292371705174446,0
U15849,0,3,0.1349521428346634,0
U15850,0,1,0.02969861589372158,0
U15851,0,2,0.027310343459248543,0
U15852,0,3,0.021733572706580162,0
U15853,0,2,0.019271891564130783,0
U15854,0,2,0.002733997069299221,0
U15855,0,4,0.11656497418880463,0
U15856,0,1,0.023279227316379547,0
U15857,0,2,0.011371692642569542,0
U15858,0,3,0.010503123514354229,0
U15859,0,1,0.9204409122467041,1
U15860,0,1,0.010952159762382507,0
U15861,0,5,0.015620472840964794,0
U15862,0,1,0.016665488481521606,0
U15863,0,3,0.01177642960101366,0
U15864,0,4,0.09304091334342957,0
U15865,0,5,0.009629170410335064,0
U15866,0,5,0.16685405373573303,0
U15867,0,1,0.00816360767930746,0
U15868,0,1,0.011149037629365921,0
U15869,0,1,0.05317448824644089,0
U15870,0,4,0.400346577167511,0
U15871,0,2,0.8854779005050659,1
U15872,0,2,0.20610608160495758,0
U15873,0,2,0.041142333298921585,0
U15874,0,2,0.08770055323839188,0
U15875,0,3,0.02190869115293026,0
U15876,0,5,0.2144647091627121,0
U15877,0,4,0.08988695591688156,0
U15878,0,2,0.022139815613627434,0
U15879,0,4,0.0022401222959160805,0
U15880,0,1,0.020040614530444145,0
U15881,0,2,0.812864363193512,1
U15882,0,3,0.8716042637825012,1
U15883,0,3,0.033286839723587036,0
U15884,0,1,0.039400212466716766,0
U15885,0,1,0.29909443855285645,0
U15886,0,2,0.1541452407836914,0
U15887,0,1,0.5707868337631226,1
U15888,0,4,0.28769010305404663,0
U15889,0,5,0.00336427241563797,0
U15890,0,2,0.2768598794937134,0
U15891,0,3,0.004475296009331942,0
U15892,0,1,0.014140271581709385,0
U15893,0,2,0.006608705036342144,0
U15894,0,1,0.009623179212212563,0
U15895,0,5,0.02276165969669819,0
U15896,0,1,0.13242635130882263,0
U15897,0,1,0.04642424359917641,0
U15898,0,3,0.03886222094297409,0
U15899,0,4,0.004351767711341381,0
U15900,0,1,0.023920224979519844,0
U15901,0,4,0.044227343052625656,0
U15902,0,3,0.31548047065734863,0
U15903,0,3,0.05867959186434746,0
U15904,0,2,0.8362780809402466,1
U15905,0,2,0.42794203758239746,0
U15906,0,1,0.002932304749265313,0
U15907,0,2,0.026054035872220993,0
U15908,0,1,0.002718899166211486,0
U15909,0,1,0.039309948682785034,0
U15910,0,1,0.016323499381542206,0
U15911,0,1,0.06573273241519928,0
U15912,0,5,0.3942781686782837,0
U15913,0,3,0.06304655969142914,0
U15914,0,1,0.06441371142864227,0
U15915,0,5,0.13882045447826385,0
U15916,0,3,0.13933776319026947,0
U15917,0,1,0.028331680223345757,0
U15918,0,5,0.005251631140708923,0
U15919,0,5,0.024503447115421295,0
U15920,0,5,0.002931152703240514,0
U15921,0,4,0.07614254951477051,0
U15922,0,5,0.03950062394142151,0
U15923,0,3,0.38031435012817383,0
U15924,0,4,0.011522853747010231,0
U15925,0,4,0.1523708701133728,0
U15926,0,3,0.1921953707933426,0
U15927,0,2,0.22997459769248962,0
U15928,0,1,0.8625386953353882,1
U15929,0,1,0.001842547906562686,0
U15930,0,2,0.37025296688079834,0
U15931,0,5,0.010906737297773361,0
U15932,0,2,0.033911578357219696,0
U15933,0,2,0.26146429777145386,0
U15934,0,4,0.11528629064559937,0
U15935,0,5,0.10086837410926819,0
U15936,0,4,0.10313588380813599,0
U15937,0,4,0.02664024941623211,0
U15938,0,1,0.11055692285299301,0
U15939,0,2,0.0038910519797354937,0
U15940,0,4,0.012549460865557194,0
U15941,0,2,0.02201404795050621,0
U15942,0,2,0.016757145524024963,0
U15943,0,1,0.04250093549489975,0
U15944,0,3,0.006822823081165552,0
U15945,0,4,0.03995499759912491,0
U15946,0,5,0.017512639984488487,0
U15947,0,1,0.06741658598184586,0
U15948,0,1,0.009946891106665134,0
U15949,0,5,0.018322179093956947,0
U15950,0,4,0.08330902457237244,0
U15951,0,1,0.006508613470941782,0
U15952,0,5,0.15736299753189087,0
U15953,0,3,0.25262123346328735,0
U15954,0,4,0.03086163103580475,0
U15955,0,4,0.008650648407638073,0
U15956,0,2,0.006589879281818867,0
U15957,0,3,0.08260112255811691,0
U15958,0,3,0.1410343199968338,0
U15959,0,4,0.0406428724527359,0
U15960,0,2,0.17549511790275574,0
U15961,0,4,0.1323118656873703,0
U15962,0,5,0.03698354959487915,0
U15963,0,2,0.0016775537515059114,0
U15964,0,5,0.23904919624328613,0
U15965,0,4,0.06619478017091751,0
U15966,0,4,0.02430611103773117,0
U15967,0,2,0.03398190811276436,0
U15968,0,3,0.3367542326450348,0
U15969,0,2,0.09738784283399582,0
U15970,0,4,0.006837638095021248,0
U15971,0,3,0.1671418696641922,0
U15972,0,5,0.0069476221688091755,0
U15973,0,2,0.04041140526533127,0
U15974,0,5,0.8361796736717224,1
U15975,0,3,0.8898640275001526,1
U15976,0,2,0.038477953523397446,0
U15977,0,4,0.10532841086387634,0
U15978,0,4,0.17017434537410736,0
U15979,0,2,0.9599701166152954,1
U15980,0,4,0.017972568050026894,0
U15981,0,3,0.461286723613739,0
U15982,0,2,0.006574244238436222,0
U15983,0,2,0.02374098263680935,0
U15984,0,1,0.8831807374954224,1
U15985,0,1,0.38055676221847534,0
U15986,0,3,0.8650659322738647,1
U15987,0,5,0.542970597743988,1
U15988,0,4,0.23099003732204437,0
U15989,0,3,0.0370192676782608,0
U15990,0,1,0.10232124477624893,0
U15991,0,1,0.012346096336841583,0
U15992,0,2,0.5980610847473145,1
U15993,0,5,0.21446600556373596,0
U15994,0,1,0.01962287351489067,0
U15995,0,1,0.0029657119885087013,0
U15996,0,2,0.02072170190513134,0
U15997,0,3,0.003934617154300213,0
U15998,0,2,0.023456085473299026,0
U15999,0,3,0.025108693167567253,0
U16000,0,1,0.015284781344234943,0
U16001,0,1,0.00403212197124958,0
U16002,0,2,0.00892108678817749,0
U16003,0,4,0.02207234501838684,0
U16004,0,2,0.03063146397471428,0
U16005,0,1,0.011951442807912827,0
U16006,0,1,0.011308726854622364,0
U16007,0,3,0.028536386787891388,0
U16008,0,4,0.29898667335510254,0
U16009,0,4,0.072010338306427,0
U16010,0,1,0.3671802878379822,0
U16011,0,4,0.003333353903144598,0
U16012,0,5,0.025472164154052734,0
U16013,0,3,0.034227821975946426,0
U16014,0,3,0.030479175969958305,0
U16015,0,3,0.16892604529857635,0
U16016,0,5,0.01585896871984005,0
U16017,0,5,0.03694872185587883,0
U16018,0,4,0.04907052218914032,0
U16019,0,3,0.3810350000858307,0
U16020,0,2,0.22523970901966095,0
U16021,0,5,0.012172379530966282,0
U16022,0,4,0.010155828669667244,0
U16023,0,2,0.013652218505740166,0
U16024,0,2,0.21819010376930237,0
U16025,0,1,0.8797765970230103,1
U16026,0,3,0.019535135477781296,0
U16027,0,4,0.30143100023269653,0
U16028,0,4,0.02260902337729931,0
U16029,0,4,0.032603055238723755,0
U16030,0,4,0.017924537882208824,0
U16031,0,4,0.049283530563116074,0
U16032,0,3,0.012881038710474968,0
U16033,0,4,0.031018611043691635,0
U16034,0,5,0.9538983106613159,1
U16035,0,2,0.13707640767097473,0
U16036,0,2,0.9470041990280151,1
U16037,0,3,0.006845914758741856,0
U16038,0,3,0.022473381832242012,0
U16039,0,3,0.047613922506570816,0
U16040,0,5,0.042165327817201614,0
U16041,0,4,0.028465090319514275,0
U16042,0,5,0.9621847867965698,1
U16043,0,5,0.25104138255119324,0
U16044,0,1,0.01794176548719406,0
U16045,0,5,0.42368629574775696,0
U16046,0,4,0.021009068936109543,0
U16047,0,5,0.014570806175470352,0
U16048,0,5,0.7730094790458679,1
U16049,0,1,0.08157690614461899,0
U16050,0,4,0.0069249835796654224,0
U16051,0,5,0.06190142035484314,0
U16052,0,3,0.278125137090683,0
U16053,0,1,0.007156229577958584,0
U16054,0,2,0.9507408738136292,1
U16055,0,2,0.03212299942970276,0
U16056,0,2,0.013685831800103188,0
U16057,0,3,0.00851429346948862,0
U16058,0,1,0.06086399778723717,0
U16059,0,5,0.47176432609558105,0
U16060,0,4,0.3180311322212219,0
U16061,0,4,0.06656865030527115,0
U16062,0,2,0.08668674528598785,0
U16063,0,4,0.5123454332351685,1
U16064,0,4,0.02706843428313732,0
U16065,0,4,0.019540460780262947,0
U16066,0,1,0.019424891099333763,0
U16067,0,2,0.41190943121910095,0
U16068,0,4,0.03698468580842018,0
U16069,0,5,0.0051939417608082294,0
U16070,0,1,0.004253547638654709,0
U16071,0,3,0.01977410912513733,0
U16072,0,3,0.016763005405664444,0
U16073,0,2,0.4885227084159851,0
U16074,0,1,0.02531416155397892,0
U16075,0,1,0.0022155686747282743,0
U16076,0,4,0.10057028383016586,0
U16077,0,4,0.6308817267417908,1
U16078,0,1,0.014815286733210087,0
U16079,0,3,0.006322741974145174,0
U16080,0,4,0.02686907723546028,0
U16081,0,3,0.6624706983566284,1
U16082,0,5,0.01985066570341587,0
U16083,0,1,0.16079044342041016,0
U16084,0,1,0.06714312732219696,0
U16085,0,2,0.29665306210517883,0
U16086,0,1,0.06970872730016708,0
U16087,0,4,0.0237701628357172,0
U16088,0,5,0.6755179166793823,1
U16089,0,3,0.06262015551328659,0
U16090,0,4,0.009943388402462006,0
U16091,0,2,0.497341513633728,0
U16092,0,2,0.0119578056037426,0
U16093,0,1,0.015435537323355675,0
U16094,0,2,0.03403144329786301,0
U16095,0,4,0.012762857601046562,0
U16096,0,5,0.003007502295076847,0
U16097,0,4,0.00409079110249877,0
U16098,0,3,0.04469873383641243,0
U16099,0,3,0.42692267894744873,0
U16100,0,1,0.08753933012485504,0
U16101,0,5,0.0008246804354712367,0
U16102,0,5,0.0056918952614068985,0
U16103,0,5,0.006021780427545309,0
U16104,0,2,0.0774749219417572,0
U16105,0,5,0.07330077141523361,0
U16106,0,1,0.6949355602264404,1
U16107,0,5,0.007007470354437828,0
U16108,0,5,0.07216178625822067,0
U16109,0,4,0.07922038435935974,0
U16110,0,1,0.002266630996018648,0
U16111,0,1,0.545328676700592,1
U16112,0,4,0.7184738516807556,1
U16113,0,2,0.6116112470626831,1
U16114,0,2,0.032985180616378784,0
U16115,0,2,0.7706687450408936,1
U16116,0,1,0.008796880953013897,0
U16117,0,2,0.01768534816801548,0
U16118,0,5,0.009956195950508118,0
U16119,0,2,0.4146413505077362,0
U16120,0,2,0.175161212682724,0
U16121,0,5,0.6705376505851746,1
U16122,0,2,0.05618585646152496,0
U16123,0,5,0.00472247926518321,0
U16124,0,1,0.017903797328472137,0
U16125,0,2,0.055015936493873596,0
U16126,0,5,0.028744909912347794,0
U16127,0,5,0.016935063526034355,0
U16128,0,3,0.014410815201699734,0
U16129,0,2,0.006808051373809576,0
U16130,0,4,0.07123269885778427,0
U16131,0,2,0.011284305714070797,0
U16132,0,3,0.0873207151889801,0
U16133,0,1,0.05064789578318596,0
U16134,0,1,0.007308169733732939,0
U16135,0,2,0.8129383325576782,1
U16136,0,5,0.055282481014728546,0
U16137,0,4,0.6680887937545776,1
U16138,0,4,0.011695289984345436,0
U16139,0,5,0.34041351079940796,0
U16140,0,1,0.02245311625301838,0
U16141,0,4,0.9285882115364075,1
U16142,0,3,0.1052495464682579,0
U16143,0,4,0.07478100806474686,0
U16144,0,4,0.020786099135875702,0
U16145,0,2,0.0040223607793450356,0
U16146,0,2,0.2012353241443634,0
U16147,0,3,0.010745542123913765,0
U16148,0,4,0.6233339309692383,1
U16149,0,2,0.5878309011459351,1
U16150,0,2,0.002723855897784233,0
U16151,0,2,0.10745028406381607,0
U16152,0,4,0.045768532902002335,0
U16153,0,4,0.03044239804148674,0
U16154,0,1,0.04405748099088669,0
U16155,0,2,0.016658009961247444,0
U16156,0,5,0.009425625205039978,0
U16157,0,4,0.15783089399337769,0
U16158,0,4,0.05561754107475281,0
U16159,0,2,0.07122431695461273,0
U16160,0,1,0.0014439861988648772,0
U16161,0,5,0.3709486126899719,0
U16162,0,4,0.02110941708087921,0
U16163,0,2,0.0021714239846915007,0
U16164,0,2,0.0026397542096674442,0
U16165,0,4,0.025670191273093224,0
U16166,0,2,0.008649000898003578,0
U16167,0,5,0.313782274723053,0
U16168,0,2,0.023377010598778725,0
U16169,0,4,0.09049487113952637,0
U16170,0,5,0.004246351309120655,0
U16171,0,3,0.01821097731590271,0
U16172,0,5,0.009353824891149998,0
U16173,0,1,0.031886596232652664,0
U16174,0,3,0.6104958057403564,1
U16175,0,4,0.7365748882293701,1
U16176,0,2,0.07673853635787964,0
U16177,0,3,0.22224488854408264,0
U16178,0,2,0.5063087344169617,1
U16179,0,4,0.02011026069521904,0
U16180,0,2,0.9298166632652283,1
U16181,0,1,0.058363303542137146,0
U16182,0,5,0.006273937411606312,0
U16183,0,4,0.09084448218345642,0
U16184,0,5,0.0031176230404525995,0
U16185,0,2,0.0023261404130607843,0
U16186,0,5,0.04752346873283386,0
U16187,0,4,0.5297066569328308,1
U16188,0,1,0.2532874345779419,0
U16189,0,2,0.09294707328081131,0
U16190,0,4,0.1053752526640892,0
U16191,0,4,0.15505920350551605,0
U16192,0,5,0.010790891014039516,0
U16193,0,5,0.5618000626564026,1
U16194,0,2,0.037511080503463745,0
U16195,0,1,0.022836172953248024,0
U16196,0,4,0.1420285403728485,0
U16197,0,4,0.0445045605301857,0
U16198,0,4,0.10077495127916336,0
U16199,0,2,0.006041106302291155,0
U16200,0,4,0.00337527459487319,0
U16201,0,2,0.2028302252292633,0
U16202,0,1,0.05703144893050194,0
U16203,0,1,0.18288256227970123,0
U16204,0,2,0.026367610320448875,0
U16205,0,1,0.14771805703639984,0
U16206,0,4,0.006363220047205687,0
U16207,0,2,0.03587054833769798,0
U16208,0,3,0.035572707653045654,0
U16209,0,1,0.010172378271818161,0
U16210,0,5,0.3371303975582123,0
U16211,0,4,0.3233223855495453,0
U16212,0,5,0.7015935182571411,1
U16213,0,4,0.09755738824605942,0
U16214,0,2,0.030118156224489212,0
U16215,0,4,0.004108554217964411,0
U16216,0,1,0.021744200959801674,0
U16217,0,5,0.7735296487808228,1
U16218,0,2,0.019969338551163673,0
U16219,0,1,0.4050329029560089,0
U16220,0,1,0.4781132936477661,0
U16221,0,4,0.21143515408039093,0
U16222,0,5,0.028483036905527115,0
U16223,0,3,0.006415986455976963,0
U16224,0,1,0.001379213179461658,0
U16225,0,2,0.008742349222302437,0
U16226,0,1,0.070216104388237,0
U16227,0,3,0.01262612547725439,0
U16228,0,4,0.8829727172851562,1
U16229,0,4,0.08138005435466766,0
U16230,0,4,0.2559736669063568,0
U16231,0,3,0.004376521334052086,0
U16232,0,3,0.945687472820282,1
U16233,0,5,0.2702312767505646,0
U16234,0,1,0.7872476577758789,1
U16235,0,5,0.10200364142656326,0
U16236,0,5,0.36466458439826965,0
U16237,0,1,0.0018414256628602743,0
U16238,0,5,0.011780142784118652,0
U16239,0,2,0.018291549757122993,0
U16240,0,4,0.012329346500337124,0
U16241,0,2,0.19984175264835358,0
U16242,0,5,0.2159859538078308,0
U16243,0,4,0.04538215696811676,0
U16244,0,3,0.04345593973994255,0
U16245,0,2,0.009027558378875256,0
U16246,0,4,0.004351369570940733,0
U16247,0,4,0.0019699318800121546,0
U16248,0,5,0.04811464995145798,0
U16249,0,2,0.30350378155708313,0
U16250,0,1,0.4169312119483948,0
U16251,0,4,0.05005834996700287,0
U16252,0,3,0.15646034479141235,0
U16253,0,4,0.040928155183792114,0
U16254,0,2,0.007371336221694946,0
U16255,0,3,0.005258429329842329,0
U16256,0,1,0.008017336949706078,0
U16257,0,3,0.07791467010974884,0
U16258,0,2,0.09111368656158447,0
U16259,0,3,0.046903107315301895,0
U16260,0,4,0.002083883620798588,0
U16261,0,5,0.011259871535003185,0
U16262,0,4,0.12965312600135803,0
U16263,0,2,0.005217330995947123,0
U16264,0,2,0.24242115020751953,0
U16265,0,4,0.023836147040128708,0
U16266,0,3,0.0069976141676306725,0
U16267,0,2,0.7763073444366455,1
U16268,0,1,0.02297273650765419,0
U16269,0,5,0.004279345273971558,0
U16270,0,5,0.01181133184581995,0
U16271,0,1,0.013919593766331673,0
U16272,0,1,0.047331131994724274,0
U16273,0,1,0.0041310591623187065,0
U16274,0,3,0.060586851090192795,0
U16275,0,4,0.10968252271413803,0
U16276,0,3,0.2076243758201599,0
U16277,0,4,0.6847672462463379,1
U16278,0,5,0.006951462477445602,0
U16279,0,1,0.021059751510620117,0
U16280,0,3,0.00991638284176588,0
U16281,0,3,0.023739229887723923,0
U16282,0,5,0.07038745284080505,0
U16283,0,1,0.02289990894496441,0
U16284,0,2,0.26158997416496277,0
U16285,0,4,0.04293109476566315,0
U16286,0,5,0.0014447490684688091,0
U16287,0,1,0.005638682283461094,0
U16288,0,5,0.003656563814729452,0
U16289,0,1,0.016784897074103355,0
U16290,0,1,0.0334327332675457,0
U16291,0,4,0.13426727056503296,0
U16292,0,2,0.1300252079963684,0
U16293,0,5,0.006497192662209272,0
U16294,0,4,0.09669090807437897,0
U16295,0,5,0.10940113663673401,0
U16296,0,5,0.6743922233581543,1
U16297,0,1,0.008699721656739712,0
U16298,0,2,0.013356566429138184,0
U16299,0,2,0.24889856576919556,0
U16300,0,1,0.007391927298158407,0
U16301,0,5,0.06053623929619789,0
U16302,0,3,0.08351293206214905,0
U16303,0,1,0.005810786038637161,0
U16304,0,5,0.17979468405246735,0
U16305,0,2,0.9979655742645264,1
U16306,0,4,0.09098166227340698,0
U16307,0,2,0.7665179967880249,1
U16308,0,5,0.004201966803520918,0
U16309,0,5,0.0032710679806768894,0
U16310,0,4,0.0035046900156885386,0
U16311,0,1,0.20271947979927063,0
U16312,0,5,0.011196273379027843,0
U16313,0,5,0.021934663876891136,0
U16314,0,4,0.004179335664957762,0
U16315,0,4,0.012660564854741096,0
U16316,0,2,0.5451589226722717,1
U16317,0,5,0.0037589308340102434,0
U16318,0,2,0.041876643896102905,0
U16319,0,1,0.013699008151888847,0
U16320,0,4,0.014550833962857723,0
U16321,0,4,0.026103273034095764,0
U16322,0,5,0.02891991101205349,0
U16323,0,4,0.00239378004334867,0
U16324,0,5,0.012278078123927116,0
U16325,0,3,0.017360597848892212,0
U16326,0,2,0.005222038831561804,0
U16327,0,3,0.05864613875746727,0
U16328,0,4,0.022879207506775856,0
U16329,0,2,0.8003681302070618,1
U16330,0,1,0.005604092963039875,0
U16331,0,3,0.06310276687145233,0
U16332,0,2,0.007776715327054262,0
U16333,0,5,0.0057565863244235516,0
U16334,0,3,0.22185149788856506,0
U16335,0,2,0.26012763381004333,0
U16336,0,4,0.01769251376390457,0
U16337,0,1,0.015977030619978905,0
U16338,0,5,0.6037544012069702,1
U16339,0,2,0.16126152873039246,0
U16340,0,1,0.07196073234081268,0
U16341,0,4,0.04265208914875984,0
U16342,0,2,0.0025137406773865223,0
U16343,0,4,0.048618633300065994,0
U16344,0,3,0.0024454579688608646,0
U16345,0,1,0.0287017859518528,0
U16346,0,4,0.006333488970994949,0
U16347,0,3,0.006866722367703915,0
U16348,0,5,0.4141514003276825,0
U16349,0,5,0.02448880672454834,0
U16350,0,5,0.07523639500141144,0
U16351,0,3,0.06808952242136002,0
U16352,0,1,0.9640918970108032,1
U16353,0,3,0.11179637908935547,0
U16354,0,3,0.0024941549636423588,0
U16355,0,2,0.12770386040210724,0
U16356,0,3,0.03185339644551277,0
U16357,0,1,0.02369113080203533,0
U16358,0,4,0.11795534938573837,0
U16359,0,2,0.01593312807381153,0
U16360,0,1,0.0466444157063961,0
U16361,0,3,0.2114318609237671,0
U16362,0,5,0.009725336916744709,0
U16363,0,5,0.002720644697546959,0
U16364,0,2,0.2633218765258789,0
U16365,0,2,0.013720445334911346,0
U16366,0,5,0.014682097360491753,0
U16367,0,2,0.0053885579109191895,0
U16368,0,3,0.007621331140398979,0
U16369,0,5,0.013538364320993423,0
U16370,0,4,0.011748761869966984,0
U16371,0,4,0.009934491477906704,0
U16372,0,4,0.016489936038851738,0
U16373,0,1,0.014493770897388458,0
U16374,0,1,0.12109368294477463,0
U16375,0,1,0.0008780070347711444,0
U16376,0,1,0.07456924021244049,0
U16377,0,5,0.05521004647016525,0
U16378,0,4,0.07721659541130066,0
U16379,0,4,0.057019200176000595,0
U16380,0,3,0.0628279447555542,0
U16381,0,2,0.29895681142807007,0
U16382,0,2,0.027862992137670517,0
U16383,0,2,0.018902800977230072,0
U16384,0,4,0.021271193400025368,0
U16385,0,4,0.008324532769620419,0
U16386,0,4,0.0048250858671963215,0
U16387,0,1,0.022622443735599518,0
U16388,0,2,0.5421357154846191,1
U16389,0,5,0.01668149046599865,0
U16390,0,2,0.039939507842063904,0
U16391,0,5,0.8093665838241577,1
U16392,0,4,0.03230121731758118,0
U16393,0,1,0.020306192338466644,0
U16394,0,1,0.17602168023586273,0
U16395,0,1,0.01737544685602188,0
U16396,0,5,0.022046543657779694,0
U16397,0,5,0.008280806243419647,0
U16398,0,4,0.007517787162214518,0
U16399,0,4,0.01041477732360363,0
U16400,0,4,0.014977951534092426,0
U16401,0,4,0.0019138222560286522,0
U16402,0,3,0.00515708839520812,0
U16403,0,4,0.106783926486969,0
U16404,0,2,0.004631261341273785,0
U16405,0,2,0.09991561621427536,0
U16406,0,2,0.0657423883676529,0
U16407,0,3,0.007471329066902399,0
U16408,0,1,0.012982544489204884,0
U16409,0,3,0.00605724286288023,0
U16410,0,4,0.0038224346935749054,0
U16411,0,4,0.04794875532388687,0
U16412,0,2,0.01596839912235737,0
U16413,0,4,0.07558645308017731,0
U16414,0,4,0.01117065642029047,0
U16415,0,3,0.038276925683021545,0
U16416,0,3,0.009939391165971756,0
U16417,0,3,0.2331312745809555,0
U16418,0,2,0.05438953638076782,0
U16419,0,2,0.015195818617939949,0
U16420,0,5,0.20454660058021545,0
U16421,0,1,0.021263184025883675,0
U16422,0,2,0.02662833407521248,0
U16423,0,1,0.004535583313554525,0
U16424,0,1,0.02055438421666622,0
U16425,0,3,0.3129953145980835,0
U16426,0,3,0.48121488094329834,0
U16427,0,4,0.8881632685661316,1
U16428,0,4,0.35786107182502747,0
U16429,0,5,0.020778317004442215,0
U16430,0,3,0.05388179048895836,0
U16431,0,2,0.02433798648416996,0
U16432,0,5,0.016303692013025284,0
U16433,0,3,0.003982465248554945,0
U16434,0,4,0.013479300774633884,0
U16435,0,4,0.007320583797991276,0
U16436,0,1,0.042563408613204956,0
U16437,0,1,0.022568203508853912,0
U16438,0,4,0.12190146744251251,0
U16439,0,3,0.0033485672902315855,0
U16440,0,4,0.14195981621742249,0
U16441,0,1,0.003425534116104245,0
U16442,0,3,0.03470218926668167,0
U16443,0,5,0.26050373911857605,0
U16444,0,1,0.005731747951358557,0
U16445,0,1,0.07345300167798996,0
U16446,0,5,0.03942081332206726,0
U16447,0,4,0.007909778505563736,0
U16448,0,1,0.006938569713383913,0
U16449,0,4,0.160537987947464,0
U16450,0,4,0.03444379195570946,0
U16451,0,2,0.37368956208229065,0
U16452,0,4,0.2638426125049591,0
U16453,0,4,0.014170482754707336,0
U16454,0,2,0.1314927339553833,0
U16455,0,5,0.6724545955657959,1
U16456,0,1,0.0043242615647614,0
U16457,0,3,0.003659304231405258,0
U16458,0,3,0.00397585891187191,0
U16459,0,2,0.25766173005104065,0
U16460,0,3,0.09044720232486725,0
U16461,0,2,0.03452306613326073,0
U16462,0,5,0.17026621103286743,0
U16463,0,3,0.25350597500801086,0
U16464,0,5,0.019249610602855682,0
U16465,0,1,0.018970567733049393,0
U16466,0,4,0.08865025639533997,0
U16467,0,3,0.12920618057250977,0
U16468,0,4,0.00383558077737689,0
U16469,0,5,0.19636963307857513,0
U16470,0,5,0.13446614146232605,0
U16471,0,4,0.005375445820391178,0
U16472,0,4,0.07633952796459198,0
U16473,0,5,0.30693358182907104,0
U16474,0,4,0.012717080302536488,0
U16475,0,5,0.243147611618042,0
U16476,0,2,0.05169473588466644,0
U16477,0,4,0.01889776438474655,0
U16478,0,2,0.011195956729352474,0
U16479,0,3,0.6454546451568604,1
U16480,0,4,0.0015473582316190004,0
U16481,0,3,0.03826349973678589,0
U16482,0,3,0.5890153646469116,1
U16483,0,3,0.22234521806240082,0
U16484,0,3,0.0011253072880208492,0
U16485,0,4,0.007431760895997286,0
U16486,0,1,0.0681975781917572,0
U16487,0,1,0.12047649919986725,0
U16488,0,1,0.0034379689022898674,0
U16489,0,2,0.010246544145047665,0
U16490,0,3,0.11493765562772751,0
U16491,0,3,0.1927977353334427,0
U16492,0,2,0.4770949184894562,0
U16493,0,5,0.044524915516376495,0
U16494,0,1,0.3677450120449066,0
U16495,0,2,0.0074899024330079556,0
U16496,0,1,0.00885159894824028,0
U16497,0,3,0.02721569314599037,0
U16498,0,1,0.006713894195854664,0
U16499,0,4,0.03521730378270149,0
U16500,0,2,0.4367833137512207,0
U16501,0,5,0.11105646193027496,0
U16502,0,5,0.024711357429623604,0
U16503,0,5,0.004626666661351919,0
U16504,0,2,0.004072177689522505,0
U16505,0,3,0.2824881076812744,0
U16506,0,4,0.3418116271495819,0
U16507,0,5,0.9770262837409973,1
U16508,0,1,0.15600141882896423,0
U16509,0,5,0.3520921468734741,0
U16510,0,2,0.35395726561546326,0
U16511,0,4,0.0023433896712958813,0
U16512,0,1,0.002536439336836338,0
U16513,0,5,0.03789301589131355,0
U16514,0,3,0.3919171094894409,0
U16515,0,2,0.010634019039571285,0
U16516,0,4,0.04957959055900574,0
U16517,0,3,0.01084337942302227,0
U16518,0,2,0.0035167206078767776,0
U16519,0,1,0.2664068937301636,0
U16520,0,1,0.018835116177797318,0
U16521,0,3,0.019497031345963478,0
U16522,0,5,0.011749139055609703,0
U16523,0,3,0.3738124370574951,0
U16524,0,5,0.4760086238384247,0
U16525,0,2,0.031849734485149384,0
U16526,0,2,0.003868014318868518,0
U16527,0,4,0.05114048346877098,0
U16528,0,3,0.10155701637268066,0
U16529,0,5,0.009699029847979546,0
U16530,0,3,0.005009536165744066,0
U16531,0,1,0.010449857451021671,0
U16532,0,1,0.008695031516253948,0
U16533,0,1,0.03325295448303223,0
U16534,0,3,0.007510700263082981,0
U16535,0,1,0.00282327551394701,0
U16536,0,3,0.06935480237007141,0
U16537,0,1,0.818109393119812,1
U16538,0,4,0.02801499515771866,0
U16539,0,3,0.00633208965882659,0
U16540,0,4,0.041892409324645996,0
U16541,0,5,0.009381898678839207,0
U16542,0,1,0.0633823350071907,0
U16543,0,1,0.4729687571525574,0
U16544,0,1,0.5453610420227051,1
U16545,0,2,0.021832866594195366,0
U16546,0,4,0.3337666690349579,0
U16547,0,4,0.30218505859375,0
U16548,0,1,0.2965441942214966,0
U16549,0,1,0.00557338073849678,0
U16550,0,3,0.2313014566898346,0
U16551,0,2,0.025716232135891914,0
U16552,0,2,0.10434745252132416,0
U16553,0,3,0.019211096689105034,0
U16554,0,4,0.07019133865833282,0
U16555,0,2,0.40698257088661194,0
U16556,0,4,0.001408525393344462,0
U16557,0,5,0.251926988363266,0
U16558,0,1,0.011589698493480682,0
U16559,0,3,0.010644583962857723,0
U16560,0,1,0.10273828357458115,0
U16561,0,1,0.015535782091319561,0
U16562,0,2,0.08291149884462357,0
U16563,0,5,0.010411729104816914,0
U16564,0,4,0.03281484171748161,0
U16565,0,4,0.10698056221008301,0
U16566,0,1,0.2709442377090454,0
U16567,0,2,0.11208975315093994,0
U16568,0,4,0.2885255515575409,0
U16569,0,4,0.10448552668094635,0
U16570,0,3,0.029299059882760048,0
U16571,0,4,0.09728861600160599,0
U16572,0,1,0.529464840888977,1
U16573,0,1,0.004607059992849827,0
U16574,0,3,0.13272862136363983,0
U16575,0,3,0.015759114176034927,0
U16576,0,3,0.024047447368502617,0
U16577,0,3,0.1499023139476776,0
U16578,0,3,0.02230464667081833,0
U16579,0,5,0.009182591922581196,0
U16580,0,1,0.027463573962450027,0
U16581,0,2,0.5729156732559204,1
U16582,0,4,0.06814149767160416,0
U16583,0,1,0.03685620427131653,0
U16584,0,4,0.08009378612041473,0
U16585,0,5,0.3083290457725525,0
U16586,0,2,0.12124314904212952,0
U16587,0,2,0.10732487589120865,0
U16588,0,5,0.5350638031959534,1
U16589,0,3,0.0747644454240799,0
U16590,0,3,0.00724522490054369,0
U16591,0,4,0.24716606736183167,0
U16592,0,5,0.01325763575732708,0
U16593,0,3,0.005277026444673538,0
U16594,0,3,0.08344908803701401,0
U16595,0,2,0.004374775569885969,0
U16596,0,4,0.11136923730373383,0
U16597,0,3,0.008829105645418167,0
U16598,0,3,0.010859261266887188,0
U16599,0,4,0.025974862277507782,0
U16600,0,4,0.09151795506477356,0
U16601,0,1,0.2853524684906006,0
U16602,0,2,0.01237398199737072,0
U16603,0,4,0.003736669197678566,0
U16604,0,3,0.2110123336315155,0
U16605,0,4,0.1660473346710205,0
U16606,0,3,0.1603912115097046,0
U16607,0,1,0.05739867687225342,0
U16608,0,5,0.013383970595896244,0
U16609,0,2,0.003379656234756112,0
U16610,0,4,0.7285476326942444,1
U16611,0,3,0.013787045143544674,0
U16612,0,2,0.7845404744148254,1
U16613,0,5,0.3076792061328888,0
U16614,0,3,0.0009523702319711447,0
U16615,0,3,0.6708194017410278,1
U16616,0,4,0.006050991825759411,0
U16617,0,5,0.025865770876407623,0
U16618,0,4,0.0728156641125679,0
U16619,0,2,0.00284525565803051,0
U16620,0,2,0.003604600904509425,0
U16621,0,3,0.017127810046076775,0
U16622,0,1,0.01946145109832287,0
U16623,0,2,0.0036108223721385,0
U16624,0,3,0.027505069971084595,0
U16625,0,5,0.00361478328704834,0
U16626,0,5,0.05074127018451691,0
U16627,0,2,0.019384168088436127,0
U16628,0,2,0.536944568157196,1
U16629,0,5,0.012799105606973171,0
U16630,0,3,0.5516666769981384,1
U16631,0,3,0.1632501631975174,0
U16632,0,1,0.25640249252319336,0
U16633,0,5,0.20117205381393433,0
U16634,0,5,0.022699836641550064,0
U16635,0,4,0.03879660367965698,0
U16636,0,5,0.4573369324207306,0
U16637,0,5,0.007123644929379225,0
U16638,0,4,0.05362668260931969,0
U16639,0,4,0.04850248619914055,0
U16640,0,5,0.02216501161456108,0
U16641,0,5,0.06350427865982056,0
U16642,0,1,0.007979005575180054,0
U16643,0,1,0.004736042115837336,0
U16644,0,2,0.041119713336229324,0
U16645,0,5,0.013874894008040428,0
U16646,0,3,0.0072931936010718346,0
U16647,0,4,0.010745827108621597,0
U16648,0,5,0.00775991752743721,0
U16649,0,1,0.005263083148747683,0
U16650,0,3,0.006578468717634678,0
U16651,0,5,0.007539426442235708,0
U16652,0,3,0.01952328532934189,0
U16653,0,1,0.1660236418247223,0
U16654,0,2,0.1277625858783722,0
U16655,0,3,0.016244998201727867,0
U16656,0,5,0.030593151226639748,0
U16657,0,5,0.519029438495636,1
U16658,0,3,0.05784773826599121,0
U16659,0,4,0.0032645692117512226,0
U16660,0,5,0.0074327788315713406,0
U16661,0,1,0.0026810020208358765,0
U16662,0,2,0.03214519843459129,0
U16663,0,2,0.0062891170382499695,0
U16664,0,5,0.04210105165839195,0
U16665,0,4,0.025925099849700928,0
U16666,0,3,0.002363312989473343,0
U16667,0,4,0.7208285927772522,1
U16668,0,5,0.07754379510879517,0
U16669,0,3,0.03371695056557655,0
U16670,0,4,0.05881456658244133,0
U16671,0,5,0.05168062448501587,0
U16672,0,2,0.023451857268810272,0
U16673,0,3,0.1510443240404129,0
U16674,0,2,0.0423041470348835,0
U16675,0,1,0.013335740193724632,0
U16676,0,1,0.028846094384789467,0
U16677,0,4,0.4470541775226593,0
U16678,0,4,0.15658310055732727,0
U16679,0,3,0.03824813663959503,0
U16680,0,1,0.058195680379867554,0
U16681,0,5,0.3969726860523224,0
U16682,0,5,0.158670112490654,0
U16683,0,5,0.037066660821437836,0
U16684,0,2,0.003936814144253731,0
U16685,0,1,0.02822038345038891,0
U16686,0,5,0.01004522293806076,0
U16687,0,3,0.6747580766677856,1
U16688,0,4,0.0068052709102630615,0
U16689,0,5,0.385821670293808,0
U16690,0,5,0.029890649020671844,0
U16691,0,2,0.004111393820494413,0
U16692,0,4,0.05791560187935829,0
U16693,0,4,0.043937113136053085,0
U16694,0,1,0.11126013845205307,0
U16695,0,4,0.23542174696922302,0
U16696,0,4,0.013744325377047062,0
U16697,0,3,0.0024794116616249084,0
U16698,0,5,0.03498714789748192,0
U16699,0,2,0.006811231374740601,0
U16700,0,3,0.006612810306251049,0
U16701,0,2,0.02144717611372471,0
U16702,0,3,0.33714190125465393,0
U16703,0,1,0.36657464504241943,0
U16704,0,5,0.004933423362672329,0
U16705,0,2,0.0440848134458065,0
U16706,0,4,0.42032235860824585,0
U16707,0,5,0.003005234757438302,0
U16708,0,5,0.002255692146718502,0
U16709,0,4,0.05850337818264961,0
U16710,0,5,0.020994501188397408,0
U16711,0,1,0.0016114430036395788,0
U16712,0,3,0.03131668269634247,0
U16713,0,1,0.004244249314069748,0
U16714,0,3,0.002963780891150236,0
U16715,0,5,0.8178654313087463,1
U16716,0,3,0.10948552936315536,0
U16717,0,4,0.01571153849363327,0
U16718,0,2,0.5372326374053955,1
U16719,0,1,0.8884419798851013,1
U16720,0,2,0.01941646635532379,0
U16721,0,3,0.028872502967715263,0
U16722,0,2,0.01146793831139803,0
U16723,0,1,0.018639277666807175,0
U16724,0,2,0.61651611328125,1
U16725,0,1,0.020092099905014038,0
U16726,0,5,0.014120332896709442,0
U16727,0,3,0.6268795132637024,1
U16728,0,1,0.17957675457000732,0
U16729,0,4,0.005674073006957769,0
U16730,0,2,0.42776787281036377,0
U16731,0,4,0.14593948423862457,0
U16732,0,1,0.026529859751462936,0
U16733,0,3,0.0033354517072439194,0
U16734,0,2,0.07073527574539185,0
U16735,0,2,0.006175207905471325,0
U16736,0,5,0.7321200370788574,1
U16737,0,5,0.33851686120033264,0
U16738,0,2,0.029843835160136223,0
U16739,0,2,0.01867281086742878,0
U16740,0,5,0.5297505855560303,1
U16741,0,4,0.0018807582091540098,0
U16742,0,5,0.009665371850132942,0
U16743,0,4,0.004791439510881901,0
U16744,0,2,0.01875748671591282,0
U16745,0,5,0.5883805751800537,1
U16746,0,1,0.043742842972278595,0
U16747,0,5,0.0069922227412462234,0
U16748,0,3,0.02614402584731579,0
U16749,0,3,0.05429087579250336,0
U16750,0,5,0.02644137665629387,0
U16751,0,1,0.04013747349381447,0
U16752,0,1,0.0021864669397473335,0
U16753,0,2,0.021432697772979736,0
U16754,0,3,0.008563081733882427,0
U16755,0,1,0.6466032862663269,1
U16756,0,1,0.060068320482969284,0
U16757,0,3,0.06210925057530403,0
U16758,0,5,0.5322467088699341,1
U16759,0,3,0.25661376118659973,0
U16760,0,3,0.027084188535809517,0
U16761,0,1,0.6914289593696594,1
U16762,0,4,0.014820398762822151,0
U16763,0,5,0.24083751440048218,0
U16764,0,2,0.7087871432304382,1
U16765,0,4,0.013786539435386658,0
U16766,0,2,0.25636807084083557,0
U16767,0,2,0.028292682021856308,0
U16768,0,4,0.04566691815853119,0
U16769,0,5,0.014024929143488407,0
U16770,0,4,0.1185692772269249,0
U16771,0,1,0.17110493779182434,0
U16772,0,2,0.8356940150260925,1
U16773,0,3,0.6122463941574097,1
U16774,0,2,0.11972944438457489,0
U16775,0,5,0.019186625257134438,0
U16776,0,2,0.06029023975133896,0
U16777,0,3,0.5028951168060303,1
U16778,0,3,0.0042965104803442955,0
U16779,0,1,0.5296779274940491,1
U16780,0,4,0.14978720247745514,0
U16781,0,5,0.0026936009526252747,0
U16782,0,2,0.06314446032047272,0
U16783,0,2,0.002536581363528967,0
U16784,0,5,0.015462439507246017,0
U16785,0,3,0.8935812711715698,1
U16786,0,1,0.00996452383697033,0
U16787,0,1,0.041417092084884644,0
U16788,0,4,0.003849637694656849,0
U16789,0,1,0.13557501137256622,0
U16790,0,2,0.016122467815876007,0
U16791,0,3,0.021999208256602287,0
U16792,0,4,0.02159958705306053,0
U16793,0,5,0.001823681523092091,0
U16794,0,4,0.02027287147939205,0
U16795,0,3,0.0022418072912842035,0
U16796,0,3,0.654255747795105,1
U16797,0,5,0.4362284243106842,0
U16798,0,2,0.7401275634765625,1
U16799,0,2,0.029123282060027122,0
U16800,0,4,0.034728407859802246,0
U16801,0,3,0.5524755716323853,1
U16802,0,4,0.8650089502334595,1
U16803,0,1,0.00835371296852827,0
U16804,0,3,0.03594937548041344,0
U16805,0,2,0.02597755193710327,0
U16806,0,2,0.01154465600848198,0
U16807,0,1,0.44075340032577515,0
U16808,0,5,0.005725877825170755,0
U16809,0,1,0.003624466247856617,0
U16810,0,2,0.004738023970276117,0
U16811,0,4,0.2731749713420868,0
U16812,0,2,0.07490931451320648,0
U16813,0,3,0.5327161550521851,1
U16814,0,3,0.12624827027320862,0
U16815,0,5,0.02233133465051651,0
U16816,0,3,0.005714017897844315,0
U16817,0,1,0.06764499843120575,0
U16818,0,3,0.17720259726047516,0
U16819,0,4,0.04358937218785286,0
U16820,0,1,0.014427462592720985,0
U16821,0,5,0.45709291100502014,0
U16822,0,5,0.14418280124664307,0
U16823,0,3,0.02334808185696602,0
U16824,0,1,0.003453583922237158,0
U16825,0,4,0.017321128398180008,0
U16826,0,1,0.00407095393165946,0
U16827,0,5,0.13815681636333466,0
U16828,0,3,0.03233666718006134,0
U16829,0,3,0.7630105018615723,1
U16830,0,3,0.3695835769176483,0
U16831,0,4,0.005225026048719883,0
U16832,0,3,0.0011492966441437602,0
U16833,0,2,0.029282858595252037,0
U16834,0,4,0.31060463190078735,0
U16835,0,1,0.004898269660770893,0
U16836,0,1,0.004100495018064976,0
U16837,0,2,0.006681524682790041,0
U16838,0,3,0.011845247820019722,0
U16839,0,2,0.028143683448433876,0
U16840,0,3,0.11872759461402893,0
U16841,0,5,0.6629651188850403,1
U16842,0,3,0.017939364537596703,0
U16843,0,4,0.008840800262987614,0
U16844,0,1,0.008774030022323132,0
U16845,0,2,0.017280418425798416,0
U16846,0,4,0.04243554547429085,0
U16847,0,1,0.294238805770874,0
U16848,0,2,0.024250570684671402,0
U16849,0,3,0.11429809778928757,0
U16850,0,2,0.038094788789749146,0
U16851,0,1,0.014991129748523235,0
U16852,0,2,0.029099298641085625,0
U16853,0,3,0.005512193311005831,0
U16854,0,5,0.03530377522110939,0
U16855,0,3,0.765711784362793,1
U16856,0,3,0.004238884896039963,0
U16857,0,5,0.045928243547677994,0
U16858,0,3,0.1232265755534172,0
U16859,0,1,0.0412653423845768,0
U16860,0,2,0.020156843587756157,0
U16861,0,5,0.021569103002548218,0
U16862,0,4,0.013227643445134163,0
U16863,0,2,0.010026879608631134,0
U16864,0,4,0.005199403502047062,0
U16865,0,3,0.026182537898421288,0
U16866,0,2,0.03379681333899498,0
U16867,0,3,0.07744051516056061,0
U16868,0,4,0.04396245628595352,0
U16869,0,2,0.04422386363148689,0
U16870,0,4,0.8099048733711243,1
U16871,0,3,0.34298330545425415,0
U16872,0,5,0.27767860889434814,0
U16873,0,2,0.07293695956468582,0
U16874,0,2,0.46863216161727905,0
U16875,0,3,0.004876160062849522,0
U16876,0,5,0.01170195173472166,0
U16877,0,4,0.0269294623285532,0
U16878,0,4,0.005602123681455851,0
U16879,0,4,0.22350585460662842,0
U16880,0,4,0.02063767984509468,0
U16881,0,1,0.01328533049672842,0
U16882,0,5,0.6632213592529297,1
U16883,0,4,0.0007544388645328581,0
U16884,0,1,0.2365058958530426,0
U16885,0,4,0.017517119646072388,0
U16886,0,1,0.027771269902586937,0
U16887,0,4,0.010967052541673183,0
U16888,0,2,0.01889829896390438,0
U16889,0,5,0.03720743581652641,0
U16890,0,3,0.06628343462944031,0
U16891,0,5,0.5129522085189819,1
U16892,0,5,0.006552606821060181,0
U16893,0,1,0.8183775544166565,1
U16894,0,4,0.002074098214507103,0
U16895,0,5,0.030273843556642532,0
U16896,0,3,0.09678533673286438,0
U16897,0,5,0.03557000309228897,0
U16898,0,1,0.12008035182952881,0
U16899,0,1,0.07096342742443085,0
U16900,0,1,0.02752983756363392,0
U16901,0,1,0.008775127120316029,0
U16902,0,4,0.055248815566301346,0
U16903,0,5,0.24894173443317413,0
U16904,0,4,0.028226060792803764,0
U16905,0,3,0.02211087942123413,0
U16906,0,4,0.09413193166255951,0
U16907,0,1,0.020837564021348953,0
U16908,0,1,0.13261732459068298,0
U16909,0,4,0.5334343910217285,1
U16910,0,4,0.13122476637363434,0
U16911,0,3,0.03472806513309479,0
U16912,0,2,0.10366722196340561,0
U16913,0,4,0.005652458406984806,0
U16914,0,4,0.5402160882949829,1
U16915,0,4,0.01671605370938778,0
U16916,0,2,0.002570631681010127,0
U16917,0,4,0.10475870221853256,0
U16918,0,5,0.44718223810195923,0
U16919,0,4,0.009399504400789738,0
U16920,0,4,0.042216457426548004,0
U16921,0,3,0.01588604599237442,0
U16922,0,1,0.2108316421508789,0
U16923,0,4,0.01695896126329899,0
U16924,0,3,0.022698888555169106,0
U16925,0,2,0.5157029628753662,1
U16926,0,5,0.0914035439491272,0
U16927,0,3,0.017398493364453316,0
U16928,0,3,0.025745779275894165,0
U16929,0,4,0.026161614805459976,0
U16930,0,2,0.016418656334280968,0
U16931,0,1,0.6706784963607788,1
U16932,0,5,0.045245714485645294,0
U16933,0,1,0.0027268959674984217,0
U16934,0,4,0.09721297025680542,0
U16935,0,5,0.18026742339134216,0
U16936,0,4,0.014992192387580872,0
U16937,0,4,0.06908120959997177,0
U16938,0,1,0.1393563449382782,0
U16939,0,5,0.2612667381763458,0
U16940,0,4,0.05276855081319809,0
U16941,0,5,0.04907519742846489,0
U16942,0,3,0.03910013660788536,0
U16943,0,1,0.031360041350126266,0
U16944,0,3,0.4792512357234955,0
U16945,0,4,0.38490748405456543,0
U16946,0,2,0.05359700322151184,0
U16947,0,3,0.005525073502212763,0
U16948,0,1,0.0058197807520627975,0
U16949,0,4,0.038090698421001434,0
U16950,0,2,0.2645890712738037,0
U16951,0,3,0.02623419463634491,0
U16952,0,3,0.9209402799606323,1
U16953,0,2,0.030839277431368828,0
U16954,0,4,0.023683449253439903,0
U16955,0,4,0.2192525863647461,0
U16956,0,5,0.02208719216287136,0
U16957,0,2,0.35679253935813904,0
U16958,0,5,0.19131939113140106,0
U16959,0,1,0.057224150747060776,0
U16960,0,3,0.04268498346209526,0
U16961,0,1,0.0077575272880494595,0
U16962,0,1,0.00468211155384779,0
U16963,0,2,0.7206314206123352,1
U16964,0,1,0.03701348975300789,0
U16965,0,2,0.013398761861026287,0
U16966,0,5,0.037250153720378876,0
U16967,0,3,0.0019486281089484692,0
U16968,0,2,0.3614124357700348,0
U16969,0,4,0.029213152825832367,0
U16970,0,4,0.04292963072657585,0
U16971,0,2,0.02235892042517662,0
U16972,0,1,0.0027379156090319157,0
U16973,0,2,0.2146022617816925,0
U16974,0,3,0.0198662169277668,0
U16975,0,4,0.5897426605224609,1
U16976,0,3,0.059343382716178894,0
U16977,0,5,0.4325365126132965,0
U16978,0,2,0.015085441991686821,0
U16979,0,2,0.138894721865654,0
U16980,0,2,0.008356893435120583,0
U16981,0,3,0.19174644351005554,0
U16982,0,2,0.7924473881721497,1
U16983,0,5,0.022039014846086502,0
U16984,0,2,0.010320411995053291,0
U16985,0,3,0.021982301026582718,0
U16986,0,5,0.40710875391960144,0
U16987,0,2,0.044615067541599274,0
U16988,0,5,0.8831214904785156,1
U16989,0,2,0.5255894660949707,1
U16990,0,5,0.1914692521095276,0
U16991,0,2,0.06373069435358047,0
U16992,0,4,0.11642111837863922,0
U16993,0,4,0.09231963753700256,0
U16994,0,2,0.07854782044887543,0
U16995,0,4,0.6219884753227234,1
U16996,0,3,0.15388739109039307,0
U16997,0,2,0.0189768485724926,0
U16998,0,2,0.0529928058385849,0
U16999,0,1,0.01871073804795742,0
U17000,0,1,0.674716055393219,1
U17001,0,3,0.010339337401092052,0
U17002,0,4,0.09434277564287186,0
U17003,0,4,0.030728258192539215,0
U17004,0,3,0.8556076884269714,1
U17005,0,5,0.874009370803833,1
U17006,0,5,0.33901458978652954,0
U17007,0,3,0.010765254497528076,0
U17008,0,5,0.007277346216142178,0
U17009,0,1,0.007636696100234985,0
U17010,0,1,0.058288946747779846,0
U17011,0,5,0.2811431884765625,0
U17012,0,4,0.01032712496817112,0
U17013,0,5,0.15201760828495026,0
U17014,0,3,0.0076815844513475895,0
U17015,0,4,0.9009055495262146,1
U17016,0,5,0.003970250952988863,0
U17017,0,3,0.8627557158470154,1
U17018,0,4,0.01765884831547737,0
U17019,0,3,0.7418661713600159,1
U17020,0,4,0.5461803674697876,1
U17021,0,2,0.02599676512181759,0
U17022,0,1,0.002063659019768238,0
U17023,0,1,0.858292281627655,1
U17024,0,1,0.048051852732896805,0
U17025,0,5,0.010935403406620026,0
U17026,0,5,0.8239049315452576,1
U17027,0,1,0.0163200031965971,0
U17028,0,2,0.10052408277988434,0
U17029,0,4,0.0011521227424964309,0
U17030,0,5,0.18687847256660461,0
U17031,0,1,0.007570203393697739,0
U17032,0,4,0.11949527263641357,0
U17033,0,5,0.003253680421039462,0
U17034,0,1,0.0034836872946470976,0
U17035,0,4,0.07417386025190353,0
U17036,0,4,0.10110282897949219,0
U17037,0,5,0.11033167690038681,0
U17038,0,4,0.03468611463904381,0
U17039,0,1,0.012907799333333969,0
U17040,0,5,0.19036872684955597,0
U17041,0,4,0.035799771547317505,0
U17042,0,4,0.09738077223300934,0
U17043,0,4,0.11367502063512802,0
U17044,0,2,0.6716960668563843,1
U17045,0,2,0.022969769313931465,0
U17046,0,3,0.02808007225394249,0
U17047,0,3,0.1533953845500946,0
U17048,0,5,0.015462785959243774,0
U17049,0,3,0.06705659627914429,0
U17050,0,3,0.03498303145170212,0
U17051,0,4,0.020115261897444725,0
U17052,0,3,0.012791786342859268,0
U17053,0,3,0.016871318221092224,0
U17054,0,3,0.04317564144730568,0
U17055,0,5,0.6711049675941467,1
U17056,0,1,0.06904355436563492,0
U17057,0,4,0.022094879299402237,0
U17058,0,1,0.01722876727581024,0
U17059,0,2,0.0037521286867558956,0
U17060,0,1,0.08916167914867401,0
U17061,0,3,0.2135871946811676,0
U17062,0,4,0.00969652459025383,0
U17063,0,3,0.028597116470336914,0
U17064,0,3,0.5595186352729797,1
U17065,0,1,0.8852001428604126,1
U17066,0,5,0.03418191894888878,0
U17067,0,3,0.06806586682796478,0
U17068,0,2,0.005531037226319313,0
U17069,0,1,0.045396387577056885,0
U17070,0,1,0.11645439267158508,0
U17071,0,4,0.018186038359999657,0
U17072,0,2,0.40138009190559387,0
U17073,0,5,0.021334607154130936,0
U17074,0,3,0.03947905823588371,0
U17075,0,3,0.010879626497626305,0
U17076,0,3,0.20033025741577148,0
U17077,0,2,0.04770909994840622,0
U17078,0,4,0.006962107960134745,0
U17079,0,2,0.03343673422932625,0
U17080,0,5,0.0075684296898543835,0
U17081,0,1,0.0057306913658976555,0
U17082,0,3,0.014139535836875439,0
U17083,0,1,0.010876471176743507,0
U17084,0,5,0.8572874069213867,1
U17085,0,5,0.8380367159843445,1
U17086,0,2,0.6235098242759705,1
U17087,0,4,0.7733474969863892,1
U17088,0,5,0.1640869826078415,0
U17089,0,5,0.02556263655424118,0
U17090,0,2,0.020880885422229767,0
U17091,0,1,0.03329331800341606,0
U17092,0,2,0.30416956543922424,0
U17093,0,2,0.012808341532945633,0
U17094,0,3,0.06461649388074875,0
U17095,0,4,0.0076386830769479275,0
U17096,0,2,0.004154609516263008,0
U17097,0,4,0.22910404205322266,0
U17098,0,4,0.08272363245487213,0
U17099,0,3,0.4709271788597107,0
U17100,0,1,0.0028815276455134153,0
U17101,0,1,0.12138903886079788,0
U17102,0,5,0.24039104580879211,0
U17103,0,1,0.022094402462244034,0
U17104,0,2,0.015015652403235435,0
U17105,0,5,0.07037410140037537,0
U17106,0,3,0.004682695027440786,0
U17107,0,1,0.008794819004833698,0
U17108,0,4,0.0388115718960762,0
U17109,0,3,0.24865639209747314,0
U17110,0,5,0.007011999376118183,0
U17111,0,1,0.24412542581558228,0
U17112,0,5,0.052922047674655914,0
U17113,0,1,0.03283560648560524,0
U17114,0,3,0.020934127271175385,0
U17115,0,4,0.1918339729309082,0
U17116,0,5,0.12805742025375366,0
U17117,0,3,0.049402352422475815,0
U17118,0,5,0.1428130567073822,0
U17119,0,1,0.7789016366004944,1
U17120,0,2,0.010875357314944267,0
U17121,0,4,0.06371788680553436,0
U17122,0,1,0.031910091638565063,0
U17123,0,4,0.006588472053408623,0
U17124,0,4,0.08589053899049759,0
U17125,0,2,0.0008885384304448962,0
U17126,0,3,0.02110309898853302,0
U17127,0,1,0.0154708968475461,0
U17128,0,1,0.5607755184173584,1
U17129,0,4,0.04050157964229584,0
U17130,0,4,0.021902767941355705,0
U17131,0,5,0.021148880943655968,0
U17132,0,4,0.027169162407517433,0
U17133,0,2,0.08198753744363785,0
U17134,0,4,0.1820506602525711,0
U17135,0,4,0.15768572688102722,0
U17136,0,1,0.007735638413578272,0
U17137,0,3,0.23089084029197693,0
U17138,0,4,0.010138284415006638,0
U17139,0,5,0.8386807441711426,1
U17140,0,2,0.6829950213432312,1
U17141,0,4,0.08155208081007004,0
U17142,0,4,0.04352879896759987,0
U17143,0,2,0.028681062161922455,0
U17144,0,4,0.008669622242450714,0
U17145,0,2,0.006291838362812996,0
U17146,0,5,0.846369743347168,1
U17147,0,2,0.018275009468197823,0
U17148,0,2,0.004607124719768763,0
U17149,0,5,0.07904220372438431,0
U17150,0,4,0.16823656857013702,0
U17151,0,5,0.36194777488708496,0
U17152,0,5,0.09883704036474228,0
U17153,0,5,0.30028027296066284,0
U17154,0,4,0.011368805542588234,0
U17155,0,4,0.009398499503731728,0
U17156,0,2,0.0009920585434883833,0
U17157,0,4,0.2627749443054199,0
U17158,0,1,0.014260869473218918,0
U17159,0,1,0.015931077301502228,0
U17160,0,5,0.05764786899089813,0
U17161,0,3,0.06641335785388947,0
U17162,0,3,0.017068369314074516,0
U17163,0,3,0.0009632069268263876,0
U17164,0,2,0.015869565308094025,0
U17165,0,4,0.10657515376806259,0
U17166,0,2,0.35308802127838135,0
U17167,0,5,0.015281913802027702,0
U17168,0,1,0.004076504614204168,0
U17169,0,3,0.015360772609710693,0
U17170,0,2,0.00786703359335661,0
U17171,0,1,0.0038627961184829473,0
U17172,0,3,0.3878592252731323,0
U17173,0,1,0.008416065946221352,0
U17174,0,3,0.052505023777484894,0
U17175,0,1,0.031712159514427185,0
U17176,0,5,0.017059670761227608,0
U17177,0,3,0.548588752746582,1
U17178,0,1,0.013103668577969074,0
U17179,0,2,0.5373854637145996,1
U17180,0,4,0.16761654615402222,0
U17181,0,4,0.03596438467502594,0
U17182,0,2,0.041250117123126984,0
U17183,0,4,0.019335372373461723,0
U17184,0,4,0.010635564103722572,0
U17185,0,2,0.0051217516884207726,0
U17186,0,1,0.001664989860728383,0
U17187,0,4,0.024018120020627975,0
U17188,0,5,0.7190767526626587,1
U17189,0,4,0.033341191709041595,0
U17190,0,4,0.010961592197418213,0
U17191,0,2,0.027641240507364273,0
U17192,0,2,0.0027914042584598064,0
U17193,0,2,0.13682636618614197,0
U17194,0,1,0.007684331387281418,0
U17195,0,2,0.015100285410881042,0
U17196,0,3,0.040463611483573914,0
U17197,0,1,0.2514715790748596,0
U17198,0,2,0.7533292770385742,1
U17199,0,2,0.004053343087434769,0
U17200,0,2,0.011115135625004768,0
U17201,0,1,0.010318432003259659,0
U17202,0,2,0.026053201407194138,0
U17203,0,3,0.003181155538186431,0
U17204,0,2,0.03819216787815094,0
U17205,0,4,0.10186611115932465,0
U17206,0,2,0.01233014464378357,0
U17207,0,2,0.0032577007077634335,0
U17208,0,4,0.011981072835624218,0
U17209,0,5,0.030321653932332993,0
U17210,0,3,0.9710199236869812,1
U17211,0,1,0.019642330706119537,0
U17212,0,4,0.05587869510054588,0
U17213,0,4,0.10971245914697647,0
U17214,0,5,0.11581695824861526,0
U17215,0,2,0.00767105957493186,0
U17216,0,1,0.004379488527774811,0
U17217,0,1,0.011988966725766659,0
U17218,0,3,0.1963282823562622,0
U17219,0,5,0.019251633435487747,0
U17220,0,4,0.0037674852646887302,0
U17221,0,2,0.010541689582169056,0
U17222,0,5,0.0025585212279111147,0
U17223,0,3,0.3031540811061859,0
U17224,0,5,0.006482274271547794,0
U17225,0,5,0.04405597224831581,0
U17226,0,5,0.08696731925010681,0
U17227,0,2,0.5136901140213013,1
U17228,0,3,0.8286432027816772,1
U17229,0,1,0.09556640684604645,0
U17230,0,4,0.7684075832366943,1
U17231,0,3,0.006247969344258308,0
U17232,0,5,0.001476834062486887,0
U17233,0,3,0.102597177028656,0
U17234,0,2,0.0015882651787251234,0
U17235,0,4,0.030001701787114143,0
U17236,0,3,0.007006214931607246,0
U17237,0,4,0.05964995175600052,0
U17238,0,4,0.021891281008720398,0
U17239,0,4,0.0037949939724057913,0
U17240,0,5,0.05458853393793106,0
U17241,0,5,0.7591431140899658,1
U17242,0,4,0.09970369935035706,0
U17243,0,4,0.4429299533367157,0
U17244,0,4,0.028111476451158524,0
U17245,0,2,0.6577406525611877,1
U17246,0,2,0.0019720036070793867,0
U17247,0,4,0.03731586039066315,0
U17248,0,2,0.023412447422742844,0
U17249,0,5,0.01241432223469019,0
U17250,0,1,0.0615285262465477,0
U17251,0,2,0.06432416290044785,0
U17252,0,4,0.0032420826610177755,0
U17253,0,1,0.002988804131746292,0
U17254,0,2,0.7721948623657227,1
U17255,0,3,0.03351358324289322,0
U17256,0,1,0.08025860786437988,0
U17257,0,2,0.006659338250756264,0
U17258,0,3,0.02786734327673912,0
U17259,0,1,0.9443938732147217,1
U17260,0,4,0.0017894215416163206,0
U17261,0,5,0.012161935679614544,0
U17262,0,1,0.1579938679933548,0
U17263,0,4,0.021628333255648613,0
U17264,0,5,0.11637454479932785,0
U17265,0,3,0.04185407608747482,0
U17266,0,1,0.016482193022966385,0
U17267,0,3,0.06972204148769379,0
U17268,0,5,0.01774352788925171,0
U17269,0,2,0.4704054892063141,0
U17270,0,1,0.00830988958477974,0
U17271,0,5,0.07434350252151489,0
U17272,0,1,0.049145862460136414,0
U17273,0,3,0.03881865739822388,0
U17274,0,5,0.006933306343853474,0
U17275,0,3,0.026315242052078247,0
U17276,0,3,0.027002152055501938,0
U17277,0,3,0.12228836119174957,0
U17278,0,4,0.005041651427745819,0
U17279,0,3,0.07892509549856186,0
U17280,0,2,0.08615767955780029,0
U17281,0,1,0.02704116515815258,0
U17282,0,4,0.02609337493777275,0
U17283,0,2,0.09941592812538147,0
U17284,0,3,0.015097495168447495,0
U17285,0,5,0.003353977110236883,0
U17286,0,2,0.07145434617996216,0
U17287,0,4,0.026535719633102417,0
U17288,0,3,0.11357832700014114,0
U17289,0,4,0.006490465719252825,0
U17290,0,4,0.8178349733352661,1
U17291,0,2,0.04958106204867363,0
U17292,0,1,0.9020320773124695,1
U17293,0,5,0.7037444710731506,1
U17294,0,3,0.009924942627549171,0
U17295,0,3,0.047638360410928726,0
U17296,0,3,0.01224151998758316,0
U17297,0,5,0.026992464438080788,0
U17298,0,2,0.029930800199508667,0
U17299,0,3,0.264864057302475,0
U17300,0,5,0.15062877535820007,0
U17301,0,4,0.020901994779706,0
U17302,0,4,0.07038566470146179,0
U17303,0,3,0.09166773408651352,0
U17304,0,4,0.0057455250062048435,0
U17305,0,2,0.6875467300415039,1
U17306,0,2,0.013026918284595013,0
U17307,0,5,0.13601872324943542,0
U17308,0,3,0.2031339406967163,0
U17309,0,4,0.25012072920799255,0
U17310,0,4,0.0546153262257576,0
U17311,0,1,0.04201364144682884,0
U17312,0,2,0.005837643519043922,0
U17313,0,2,0.016680361703038216,0
U17314,0,5,0.026937179267406464,0
U17315,0,2,0.09504768997430801,0
U17316,0,4,0.0030101800803095102,0
U17317,0,3,0.028677059337496758,0
U17318,0,3,0.04081251099705696,0
U17319,0,1,0.820323646068573,1
U17320,0,4,0.21353495121002197,0
U17321,0,2,0.002958768978714943,0
U17322,0,5,0.15916204452514648,0
U17323,0,3,0.10451355576515198,0
U17324,0,4,0.26721715927124023,0
U17325,0,4,0.04624141752719879,0
U17326,0,1,0.005988499615341425,0
U17327,0,5,0.28819555044174194,0
U17328,0,4,0.030239135026931763,0
U17329,0,3,0.002080636564642191,0
U17330,0,2,0.0029138028621673584,0
U17331,0,2,0.749346137046814,1
U17332,0,5,0.3415679335594177,0
U17333,0,4,0.01689271070063114,0
U17334,0,4,0.009598862379789352,0
U17335,0,5,0.009697425179183483,0
U17336,0,5,0.007737887091934681,0
U17337,0,3,0.03892352059483528,0
U17338,0,5,0.092668816447258,0
U17339,0,5,0.5205056071281433,1
U17340,0,4,0.003929746802896261,0
U17341,0,3,0.37937042117118835,0
U17342,0,4,0.07952237129211426,0
U17343,0,5,0.03346214070916176,0
U17344,0,4,0.07329593598842621,0
U17345,0,5,0.6027445197105408,1
U17346,0,2,0.7975205183029175,1
U17347,0,1,0.06563666462898254,0
U17348,0,2,0.05371871590614319,0
U17349,0,3,0.009583264589309692,0
U17350,0,5,0.0032044718973338604,0
U17351,0,4,0.06462536007165909,0
U17352,0,1,0.08879557251930237,0
U17353,0,5,0.003071547020226717,0
U17354,0,2,0.05466563254594803,0
U17355,0,2,0.05476173013448715,0
U17356,0,5,0.1973208785057068,0
U17357,0,3,0.07647792994976044,0
U17358,0,4,0.18028667569160461,0
U17359,0,4,0.039672136306762695,0
U17360,0,4,0.021552354097366333,0
U17361,0,1,0.04784819483757019,0
U17362,0,5,0.02918558567762375,0
U17363,0,1,0.8639520406723022,1
U17364,0,5,0.0363498255610466,0
U17365,0,2,0.0020546214655041695,0
U17366,0,5,0.002410981571301818,0
U17367,0,3,0.244146466255188,0
U17368,0,2,0.07138678431510925,0
U17369,0,5,0.18803545832633972,0
U17370,0,1,0.04286300390958786,0
U17371,0,3,0.020160425454378128,0
U17372,0,5,0.11418777704238892,0
U17373,0,1,0.001859254320152104,0
U17374,0,5,0.022535569965839386,0
U17375,0,5,0.005059162620455027,0
U17376,0,4,0.17321047186851501,0
U17377,0,2,0.03876441717147827,0
U17378,0,3,0.005950767546892166,0
U17379,0,4,0.017763599753379822,0
U17380,0,4,0.009066266939043999,0
U17381,0,4,0.002433213870972395,0
U17382,0,5,0.47525590658187866,0
U17383,0,3,0.547788143157959,1
U17384,0,1,0.004875285550951958,0
U17385,0,1,0.10689287632703781,0
U17386,0,3,0.3157002031803131,0
U17387,0,1,0.021558891981840134,0
U17388,0,2,0.6736525297164917,1
U17389,0,4,0.26322537660598755,0
U17390,0,5,0.03331533819437027,0
U17391,0,4,0.9032931327819824,1
U17392,0,4,0.00601528724655509,0
U17393,0,2,0.00363051425665617,0
U17394,0,3,0.0181247740983963,0
U17395,0,1,0.008737598545849323,0
U17396,0,4,0.01728353649377823,0
U17397,0,3,0.20921623706817627,0
U17398,0,2,0.08814038336277008,0
U17399,0,2,0.02656017616391182,0
U17400,0,4,0.02746724523603916,0
U17401,0,2,0.0066495914943516254,0
U17402,0,2,0.003985759802162647,0
U17403,0,4,0.009341569617390633,0
U17404,0,4,0.0035065500997006893,0
U17405,0,1,0.05058315768837929,0
U17406,0,3,0.24624401330947876,0
U17407,0,5,0.11280465126037598,0
U17408,0,3,0.0327938012778759,0
U17409,0,5,0.6125190854072571,1
U17410,0,4,0.026376783847808838,0
U17411,0,3,0.03833640366792679,0
U17412,0,1,0.030952077358961105,0
U17413,0,1,0.1763547956943512,0
U17414,0,4,0.006614741403609514,0
U17415,0,5,0.03337137773633003,0
U17416,0,2,0.005750761367380619,0
U17417,0,3,0.051969826221466064,0
U17418,0,5,0.002619292587041855,0
U17419,0,4,0.028681714087724686,0
U17420,0,2,0.0657416507601738,0
U17421,0,4,0.007857982069253922,0
U17422,0,2,0.44741183519363403,0
U17423,0,3,0.0011407188139855862,0
U17424,0,4,0.9103270173072815,1
U17425,0,5,0.7737890481948853,1
U17426,0,4,0.010514386929571629,0
U17427,0,5,0.09650598466396332,0
U17428,0,3,0.40358299016952515,0
U17429,0,3,0.6444031596183777,1
U17430,0,3,0.0443703755736351,0
U17431,0,4,0.24382257461547852,0
U17432,0,2,0.5893290042877197,1
U17433,0,4,0.16697189211845398,0
U17434,0,4,0.010793421417474747,0
U17435,0,1,0.00443760771304369,0
U17436,0,4,0.042504481971263885,0
U17437,0,1,0.6908987760543823,1
U17438,0,4,0.002654310781508684,0
U17439,0,3,0.029278196394443512,0
U17440,0,2,0.022319495677947998,0
U17441,0,2,0.48514604568481445,0
U17442,0,5,0.1643654704093933,0
U17443,0,4,0.0520428791642189,0
U17444,0,1,0.778342604637146,1
U17445,0,4,0.03758963942527771,0
U17446,0,1,0.012259558774530888,0
U17447,0,5,0.05211304500699043,0
U17448,0,5,0.2985537648200989,0
U17449,0,2,0.03166954964399338,0
U17450,0,1,0.7094956636428833,1
U17451,0,4,0.4777197241783142,0
U17452,0,2,0.004717634059488773,0
U17453,0,4,0.04593624919652939,0
U17454,0,3,0.15344056487083435,0
U17455,0,3,0.08394305408000946,0
U17456,0,4,0.8656789660453796,1
U17457,0,3,0.020633654668927193,0
U17458,0,4,0.5486043691635132,1
U17459,0,2,0.006691821850836277,0
U17460,0,1,0.011742750182747841,0
U17461,0,3,0.15936675667762756,0
U17462,0,1,0.02098831534385681,0
U17463,0,2,0.024376725777983665,0
U17464,0,3,0.0285906121134758,0
U17465,0,3,0.3678146302700043,0
U17466,0,1,0.016089297831058502,0
U17467,0,4,0.09082477539777756,0
U17468,0,4,0.6920831203460693,1
U17469,0,3,0.003319857642054558,0
U17470,0,4,0.016018442809581757,0
U17471,0,4,0.0037805214524269104,0
U17472,0,3,0.1448034942150116,0
U17473,0,1,0.003070454578846693,0
U17474,0,3,0.4567430913448334,0
U17475,0,2,0.024930324405431747,0
U17476,0,4,0.029924243688583374,0
U17477,0,1,0.03253757208585739,0
U17478,0,3,0.23159360885620117,0
U17479,0,3,0.013741462491452694,0
U17480,0,4,0.2146529257297516,0
U17481,0,2,0.04519890248775482,0
U17482,0,2,0.010320048779249191,0
U17483,0,3,0.9106873273849487,1
U17484,0,3,0.24828332662582397,0
U17485,0,1,0.24545934796333313,0
U17486,0,1,0.019814258441329002,0
U17487,0,3,0.007363149896264076,0
U17488,0,5,0.9455032348632812,1
U17489,0,4,0.012392795644700527,0
U17490,0,3,0.08556344360113144,0
U17491,0,2,0.011068630963563919,0
U17492,0,5,0.007870585657656193,0
U17493,0,1,0.8327791690826416,1
U17494,0,4,0.020864399150013924,0
U17495,0,4,0.3281833529472351,0
U17496,0,2,0.0057439375668764114,0
U17497,0,5,0.09118303656578064,0
U17498,0,4,0.02238992042839527,0
U17499,0,3,0.1240767389535904,0
U17500,0,5,0.01588321290910244,0
U17501,0,2,0.011064955033361912,0
U17502,0,2,0.7197408676147461,1
U17503,0,2,0.18427018821239471,0
U17504,0,2,0.830035388469696,1
U17505,0,1,0.0446915403008461,0
U17506,0,1,0.011928187683224678,0
U17507,0,3,0.003009926062077284,0
U17508,0,2,0.05280577391386032,0
U17509,0,2,0.2681579887866974,0
U17510,0,5,0.16245132684707642,0
U17511,0,3,0.15657350420951843,0
U17512,0,4,0.028728485107421875,0
U17513,0,2,0.02506030723452568,0
U17514,0,3,0.02267151139676571,0
U17515,0,4,0.01202666386961937,0
U17516,0,5,0.0033459379337728024,0
U17517,0,2,0.1203673928976059,0
U17518,0,1,0.04195484519004822,0
U17519,0,3,0.0053718965500593185,0
U17520,0,4,0.7604780197143555,1
U17521,0,2,0.002404998755082488,0
U17522,0,4,0.001971140969544649,0
U17523,0,2,0.0022040512412786484,0
U17524,0,2,0.8069804906845093,1
U17525,0,2,0.007982737384736538,0
U17526,0,5,0.0045338827185332775,0
U17527,0,3,0.014077567495405674,0
U17528,0,1,0.003659944050014019,0
U17529,0,1,0.006956113968044519,0
U17530,0,2,0.05152246356010437,0
U17531,0,5,0.11242911219596863,0
U17532,0,4,0.0028179066721349955,0
U17533,0,1,0.03778008371591568,0
U17534,0,1,0.02548113465309143,0
U17535,0,2,0.062069136649370193,0
U17536,0,4,0.004718805197626352,0
U17537,0,3,0.011066731065511703,0
U17538,0,2,0.013958930969238281,0
U17539,0,2,0.2425958663225174,0
U17540,0,3,0.009280126541852951,0
U17541,0,4,0.0546298623085022,0
U17542,0,2,0.02211221493780613,0
U17543,0,2,0.04429059848189354,0
U17544,0,3,0.45072150230407715,0
U17545,0,3,0.24214166402816772,0
U17546,0,2,0.008467379957437515,0
U17547,0,2,0.047996871173381805,0
U17548,0,5,0.0035682173911482096,0
U17549,0,4,0.5350066423416138,1
U17550,0,1,0.015208243392407894,0
U17551,0,3,0.011074157431721687,0
U17552,0,2,0.006250755861401558,0
U17553,0,5,0.0028241570107638836,0
U17554,0,2,0.011430436745285988,0
U17555,0,1,0.013200802728533745,0
U17556,0,1,0.08712948858737946,0
U17557,0,4,0.005070997402071953,0
U17558,0,2,0.006684564054012299,0
U17559,0,1,0.930048942565918,1
U17560,0,4,0.0579315647482872,0
U17561,0,4,0.006130035500973463,0
U17562,0,3,0.007823819294571877,0
U17563,0,3,0.00428201537579298,0
U17564,0,4,0.1725437045097351,0
U17565,0,5,0.014829074963927269,0
U17566,0,2,0.005019787698984146,0
U17567,0,3,0.06526479125022888,0
U17568,0,1,0.9112238883972168,1
U17569,0,5,0.1644856035709381,0
U17570,0,1,0.49336981773376465,0
U17571,0,1,0.029172785580158234,0
U17572,0,3,0.027258455753326416,0
U17573,0,4,0.021121589466929436,0
U17574,0,4,0.10571266710758209,0
U17575,0,1,0.060046710073947906,0
U17576,0,3,0.07015889883041382,0
U17577,0,2,0.12738581001758575,0
U17578,0,5,0.026158230379223824,0
U17579,0,2,0.6583050489425659,1
U17580,0,2,0.019510503858327866,0
U17581,0,4,0.014437554404139519,0
U17582,0,3,0.12386610358953476,0
U17583,0,5,0.25953561067581177,0
U17584,0,4,0.20823457837104797,0
U17585,0,3,0.3149615526199341,0
U17586,0,3,0.10478444397449493,0
U17587,0,5,0.015934132039546967,0
U17588,0,5,0.027655061334371567,0
U17589,0,2,0.004679659381508827,0
U17590,0,2,0.19564232230186462,0
U17591,0,1,0.7706530094146729,1
U17592,0,4,0.14971940219402313,0
U17593,0,1,0.022643476724624634,0
U17594,0,1,0.0371943823993206,0
U17595,0,5,0.6678034067153931,1
U17596,0,5,0.012949618510901928,0
U17597,0,2,0.08374657481908798,0
U17598,0,1,0.005694411229342222,0
U17599,0,3,0.014467604458332062,0
U17600,0,3,0.04545019194483757,0
U17601,0,4,0.24243545532226562,0
U17602,0,5,0.18267075717449188,0
U17603,0,5,0.009692809544503689,0
U17604,0,2,0.31335321068763733,0
U17605,0,5,0.007982882671058178,0
U17606,0,2,0.01467200182378292,0
U17607,0,3,0.034298986196517944,0
U17608,0,4,0.20597144961357117,0
U17609,0,2,0.06873380392789841,0
U17610,0,2,0.01058494858443737,0
U17611,0,2,0.004858645144850016,0
U17612,0,1,0.9729925990104675,1
U17613,0,5,0.034138619899749756,0
U17614,0,4,0.043245814740657806,0
U17615,0,2,0.06297524273395538,0
U17616,0,4,0.014265098609030247,0
U17617,0,5,0.011687194928526878,0
U17618,0,5,0.1869889199733734,0
U17619,0,5,0.1567215621471405,0
U17620,0,1,0.004646925255656242,0
U17621,0,5,0.5242160558700562,1
U17622,0,2,0.005107572302222252,0
U17623,0,5,0.047737300395965576,0
U17624,0,4,0.10601130872964859,0
U17625,0,2,0.035515256226062775,0
U17626,0,2,0.016803257167339325,0
U17627,0,4,0.43257230520248413,0
U17628,0,4,0.011120399460196495,0
U17629,0,4,0.42176151275634766,0
U17630,0,1,0.004906756337732077,0
U17631,0,4,0.02545878104865551,0
U17632,0,2,0.44032344222068787,0
U17633,0,1,0.03342895954847336,0
U17634,0,4,0.028675418347120285,0
U17635,0,3,0.20701968669891357,0
U17636,0,4,0.012240322306752205,0
U17637,0,5,0.8638138771057129,1
U17638,0,4,0.005846594925969839,0
U17639,0,1,0.004551988560706377,0
U17640,0,4,0.0810781717300415,0
U17641,0,3,0.03206562250852585,0
U17642,0,3,0.03989420458674431,0
U17643,0,4,0.0076132882386446,0
U17644,0,4,0.009200900793075562,0
U17645,0,2,0.0606338195502758,0
U17646,0,5,0.0022365779150277376,0
U17647,0,5,0.015322791412472725,0
U17648,0,4,0.013114724308252335,0
U17649,0,5,0.020570650696754456,0
U17650,0,4,0.02095482125878334,0
U17651,0,4,0.006195454858243465,0
U17652,0,2,0.17164772748947144,0
U17653,0,2,0.031556520611047745,0
U17654,0,5,0.030151579529047012,0
U17655,0,2,0.6680831909179688,1
U17656,0,5,0.32360169291496277,0
U17657,0,5,0.9903321862220764,1
U17658,0,1,0.003141366643831134,0
U17659,0,4,0.07280182838439941,0
U17660,0,4,0.20325937867164612,0
U17661,0,1,0.03300302475690842,0
U17662,0,4,0.514785647392273,1
U17663,0,3,0.2506725788116455,0
U17664,0,2,0.0020124756265431643,0
U17665,0,4,0.0323561429977417,0
U17666,0,5,0.5724467635154724,1
U17667,0,3,0.09449183940887451,0
U17668,0,5,0.005477347411215305,0
U17669,0,4,0.021806908771395683,0
U17670,0,5,0.03151744604110718,0
U17671,0,5,0.6099803447723389,1
U17672,0,3,0.6607781052589417,1
U17673,0,1,0.1608111560344696,0
U17674,0,3,0.03981435298919678,0
U17675,0,3,0.03520066663622856,0
U17676,0,4,0.056930579245090485,0
U17677,0,4,0.020355790853500366,0
U17678,0,3,0.2955036163330078,0
U17679,0,2,0.03787929564714432,0
U17680,0,4,0.5351349115371704,1
U17681,0,4,0.051954206079244614,0
U17682,0,5,0.02243615686893463,0
U17683,0,2,0.0024855947121977806,0
U17684,0,2,0.03824017941951752,0
U17685,0,1,0.0036779914516955614,0
U17686,0,5,0.013215901330113411,0
U17687,0,5,0.04820618778467178,0
U17688,0,5,0.023833639919757843,0
U17689,0,1,0.7409434914588928,1
U17690,0,3,0.05764645338058472,0
U17691,0,4,0.022239303216338158,0
U17692,0,1,0.2795944809913635,0
U17693,0,3,0.01909462735056877,0
U17694,0,4,0.3154030740261078,0
U17695,0,2,0.031437117606401443,0
U17696,0,1,0.054163750261068344,0
U17697,0,1,0.001320808194577694,0
U17698,0,5,0.5388621091842651,1
U17699,0,4,0.004665932152420282,0
U17700,0,4,0.013533058576285839,0
U17701,0,4,0.04179035872220993,0
U17702,0,3,0.11191926896572113,0
U17703,0,1,0.5594475865364075,1
U17704,0,2,0.0672527328133583,0
U17705,0,4,0.01881549321115017,0
U17706,0,1,0.023601094260811806,0
U17707,0,1,0.14881457388401031,0
U17708,0,4,0.0021160508040338755,0
U17709,0,3,0.16273964941501617,0
U17710,0,4,0.004248681478202343,0
U17711,0,2,0.040625736117362976,0
U17712,0,5,0.028065182268619537,0
U17713,0,3,0.003099022898823023,0
U17714,0,3,0.10841730237007141,0
U17715,0,1,0.019693927839398384,0
U17716,0,5,0.10701319575309753,0
U17717,0,5,0.6687788963317871,1
U17718,0,2,0.015050673857331276,0
U17719,0,2,0.1130450963973999,0
U17720,0,4,0.9389424324035645,1
U17721,0,4,0.011774151585996151,0
U17722,0,3,0.9793261885643005,1
U17723,0,5,0.9389235973358154,1
U17724,0,1,0.009878301061689854,0
U17725,0,1,0.06236682087182999,0
U17726,0,3,0.011750892736017704,0
U17727,0,5,0.04109184816479683,0
U17728,0,2,0.25645017623901367,0
U17729,0,5,0.24608275294303894,0
U17730,0,5,0.544102132320404,1
U17731,0,5,0.38608863949775696,0
U17732,0,5,0.019427184015512466,0
U17733,0,4,0.0011917183874174953,0
U17734,0,2,0.3820449113845825,0
U17735,0,3,0.1901262104511261,0
U17736,0,3,0.009365284815430641,0
U17737,0,1,0.006294215563684702,0
U17738,0,1,0.1593540906906128,0
U17739,0,3,0.024148598313331604,0
U17740,0,2,0.1346350610256195,0
U17741,0,3,0.2525651752948761,0
U17742,0,2,0.6898022890090942,1
U17743,0,1,0.1277334988117218,0
U17744,0,1,0.008191454224288464,0
U17745,0,5,0.046332091093063354,0
U17746,0,5,0.008723045699298382,0
U17747,0,4,0.01025516726076603,0
U17748,0,5,0.15873929858207703,0
U17749,0,1,0.0034571036230772734,0
U17750,0,1,0.899551510810852,1
U17751,0,3,0.0007736462284810841,0
U17752,0,3,0.0149539140984416,0
U17753,0,4,0.014813191257417202,0
U17754,0,2,0.008710558526217937,0
U17755,0,3,0.15596967935562134,0
U17756,0,3,0.40712475776672363,0
U17757,0,3,0.025533249601721764,0
U17758,0,3,0.2401411086320877,0
U17759,0,3,0.0027593395207077265,0
U17760,0,4,0.020398572087287903,0
U17761,0,2,0.012911280617117882,0
U17762,0,3,0.24081096053123474,0
U17763,0,5,0.2796119451522827,0
U17764,0,1,0.048214614391326904,0
U17765,0,2,0.0031980315688997507,0
U17766,0,5,0.004812282510101795,0
U17767,0,5,0.03537096083164215,0
U17768,0,5,0.009051109664142132,0
U17769,0,2,0.006773927249014378,0
U17770,0,3,0.048681147396564484,0
U17771,0,5,0.008482005447149277,0
U17772,0,3,0.0019523820374161005,0
U17773,0,3,0.06221134960651398,0
U17774,0,1,0.15348193049430847,0
U17775,0,5,0.010476619005203247,0
U17776,0,1,0.09240183979272842,0
U17777,0,1,0.053345829248428345,0
U17778,0,3,0.982043445110321,1
U17779,0,2,0.22067643702030182,0
U17780,0,2,0.036909788846969604,0
U17781,0,3,0.0007052320288494229,0
U17782,0,2,0.8196250200271606,1
U17783,0,5,0.04328441992402077,0
U17784,0,4,0.0673322081565857,0
U17785,0,3,0.04719148576259613,0
U17786,0,3,0.013759280554950237,0
U17787,0,1,0.03837708383798599,0
U17788,0,2,0.027319621294736862,0
U17789,0,1,0.024368004873394966,0
U17790,0,4,0.06469092518091202,0
U17791,0,1,0.0033265110105276108,0
U17792,0,5,0.015805477276444435,0
U17793,0,2,0.43387743830680847,0
U17794,0,2,0.4193316102027893,0
U17795,0,5,0.08252902328968048,0
U17796,0,5,0.03850780427455902,0
U17797,0,3,0.000992284156382084,0
U17798,0,1,0.006349014583975077,0
U17799,0,4,0.15863752365112305,0
U17800,0,3,0.06910189241170883,0
U17801,0,1,0.08291319012641907,0
U17802,0,1,0.018499379977583885,0
U17803,0,2,0.0025861384347081184,0
U17804,0,4,0.10315335541963577,0
U17805,0,1,0.02769266627728939,0
U17806,0,3,0.209770068526268,0
U17807,0,3,0.00619769562035799,0
U17808,0,5,0.18352088332176208,0
U17809,0,4,0.02431098371744156,0
U17810,0,1,0.0138560701161623,0
U17811,0,2,0.0826580747961998,0
U17812,0,1,0.3962894678115845,0
U17813,0,5,0.00439265463501215,0
U17814,0,1,0.016963951289653778,0
U17815,0,4,0.06020604074001312,0
U17816,0,5,0.4346948564052582,0
U17817,0,3,0.011980533599853516,0
U17818,0,3,0.26013651490211487,0
U17819,0,2,0.07013805210590363,0
U17820,0,2,0.005727788433432579,0
U17821,0,3,0.29555627703666687,0
U17822,0,3,0.01118931733071804,0
U17823,0,3,0.009661566466093063,0
U17824,0,4,0.05714865401387215,0
U17825,0,1,0.04709424078464508,0
U17826,0,3,0.03609108179807663,0
U17827,0,2,0.0971059799194336,0
U17828,0,5,0.4713733196258545,0
U17829,0,5,0.8573942184448242,1
U17830,0,2,0.2784508764743805,0
U17831,0,5,0.4808424413204193,0
U17832,0,4,0.019640406593680382,0
U17833,0,4,0.025257453322410583,0
U17834,0,4,0.049592383205890656,0
U17835,0,1,0.4417282044887543,0
U17836,0,1,0.14160779118537903,0
U17837,0,3,0.01430809311568737,0
U17838,0,1,0.008080428466200829,0
U17839,0,1,0.006887893658131361,0
U17840,0,3,0.0018873591907322407,0
U17841,0,4,0.037082284688949585,0
U17842,0,5,0.008025300689041615,0
U17843,0,4,0.01877310499548912,0
U17844,0,1,0.007576275151222944,0
U17845,0,4,0.47715574502944946,0
U17846,0,2,0.2547526955604553,0
U17847,0,1,0.0022816325072199106,0
U17848,0,5,0.04648122191429138,0
U17849,0,5,0.4655505418777466,0
U17850,0,5,0.2471369355916977,0
U17851,0,4,0.03663119673728943,0
U17852,0,5,0.17422984540462494,0
U17853,0,2,0.022712910547852516,0
U17854,0,5,0.010595293715596199,0
U17855,0,2,0.005718638654798269,0
U17856,0,3,0.895027756690979,1
U17857,0,2,0.4056340456008911,0
U17858,0,1,0.07483255863189697,0
U17859,0,3,0.4061225652694702,0
U17860,0,3,0.4380534887313843,0
U17861,0,3,0.6842741966247559,1
U17862,0,2,0.03928366303443909,0
U17863,0,4,0.5761305093765259,1
U17864,0,2,0.03230169415473938,0
U17865,0,4,0.14553453028202057,0
U17866,0,5,0.9507884979248047,1
U17867,0,5,0.2199016511440277,0
U17868,0,2,0.10395579040050507,0
U17869,0,2,0.002916180994361639,0
U17870,0,4,0.09754778444766998,0
U17871,0,1,0.005017460323870182,0
U17872,0,2,0.04461583122611046,0
U17873,0,4,0.01485601719468832,0
U17874,0,1,0.554439127445221,1
U17875,0,3,0.029888123273849487,0
U17876,0,5,0.6579566597938538,1
U17877,0,3,0.13344965875148773,0
U17878,0,4,0.0802668035030365,0
U17879,0,4,0.5193486213684082,1
U17880,0,4,0.02605579048395157,0
U17881,0,2,0.04855047166347504,0
U17882,0,3,0.020943112671375275,0
U17883,0,5,0.036853544414043427,0
U17884,0,3,0.007203295361250639,0
U17885,0,2,0.014210829511284828,0
U17886,0,2,0.10105365514755249,0
U17887,0,5,0.011670316569507122,0
U17888,0,1,0.10019367188215256,0
U17889,0,5,0.1626138687133789,0
U17890,0,1,0.007782536093145609,0
U17891,0,2,0.014816628769040108,0
U17892,0,1,0.7597593665122986,1
U17893,0,3,0.0055975960567593575,0
U17894,0,5,0.34336164593696594,0
U17895,0,2,0.017259640619158745,0
U17896,0,4,0.06328907608985901,0
U17897,0,5,0.024674516171216965,0
U17898,0,3,0.0027157331351190805,0
U17899,0,2,0.8345310091972351,1
U17900,0,5,0.10260520130395889,0
U17901,0,5,0.015624459832906723,0
U17902,0,2,0.02211768366396427,0
U17903,0,4,0.047778863459825516,0
U17904,0,3,0.027996767312288284,0
U17905,0,1,0.025723669677972794,0
U17906,0,2,0.024165943264961243,0
U17907,0,5,0.042818550020456314,0
U17908,0,5,0.13371503353118896,0
U17909,0,3,0.24811826646327972,0
U17910,0,4,0.006462041288614273,0
U17911,0,1,0.04507908225059509,0
U17912,0,2,0.17690329253673553,0
U17913,0,2,0.007803633809089661,0
U17914,0,4,0.051797959953546524,0
U17915,0,5,0.17805440723896027,0
U17916,0,4,0.22278043627738953,0
U17917,0,2,0.619384765625,1
U17918,0,1,0.003772394498810172,0
U17919,0,3,0.7338296175003052,1
U17920,0,2,0.0035595321096479893,0
U17921,0,3,0.034276656806468964,0
U17922,0,4,0.028784608468413353,0
U17923,0,3,0.28088995814323425,0
U17924,0,3,0.48583805561065674,0
U17925,0,3,0.0045458064414560795,0
U17926,0,4,0.8015031218528748,1
U17927,0,3,0.09917435050010681,0
U17928,0,4,0.2592310607433319,0
U17929,0,5,0.005597406066954136,0
U17930,0,1,0.0068963803350925446,0
U17931,0,2,0.12262067198753357,0
U17932,0,1,0.008974075317382812,0
U17933,0,3,0.012333044782280922,0
U17934,0,2,0.02224036492407322,0
U17935,0,3,0.09439222514629364,0
U17936,0,3,0.006685148924589157,0
U17937,0,3,0.049638599157333374,0
U17938,0,2,0.03571831434965134,0
U17939,0,4,0.1410825550556183,0
U17940,0,1,0.3760833740234375,0
U17941,0,1,0.009942268952727318,0
U17942,0,4,0.22856861352920532,0
U17943,0,2,0.03563825041055679,0
U17944,0,4,0.009405437856912613,0
U17945,0,4,0.12685906887054443,0
U17946,0,5,0.17674341797828674,0
U17947,0,5,0.3916398286819458,0
U17948,0,5,0.044278599321842194,0
U17949,0,2,0.05940820276737213,0
U17950,0,5,0.048379093408584595,0
U17951,0,1,0.0029665865004062653,0
U17952,0,3,0.28966864943504333,0
U17953,0,4,0.09037947654724121,0
U17954,0,4,0.023198138922452927,0
U17955,0,1,0.008614440448582172,0
U17956,0,4,0.03095823898911476,0
U17957,0,4,0.1890229433774948,0
U17958,0,3,0.01785684935748577,0
U17959,0,3,0.5521853566169739,1
U17960,0,3,0.007585362531244755,0
U17961,0,5,0.8893762826919556,1
U17962,0,1,0.5922598838806152,1
U17963,0,1,0.0030181030742824078,0
U17964,0,4,0.02766476944088936,0
U17965,0,2,0.11001889407634735,0
U17966,0,4,0.1735723614692688,0
U17967,0,1,0.018261611461639404,0
U17968,0,3,0.014326795935630798,0
U17969,0,4,0.0031047717202454805,0
U17970,0,1,0.2524213492870331,0
U17971,0,5,0.038708195090293884,0
U17972,0,2,0.0048348670825362206,0
U17973,0,1,0.0523538812994957,0
U17974,0,1,0.6737205386161804,1
U17975,0,3,0.05499030649662018,0
U17976,0,4,0.021225932985544205,0
U17977,0,5,0.0066560725681483746,0
U17978,0,5,0.04530259594321251,0
U17979,0,2,0.6621742248535156,1
U17980,0,3,0.0459882989525795,0
U17981,0,2,0.03921927884221077,0
U17982,0,1,0.7206746339797974,1
U17983,0,5,0.1319662630558014,0
U17984,0,4,0.05241335928440094,0
U17985,0,5,0.05005750060081482,0
U17986,0,5,0.023895496502518654,0
U17987,0,5,0.2132263481616974,0
U17988,0,5,0.056127168238162994,0
U17989,0,1,0.05237511545419693,0
U17990,0,1,0.003230069065466523,0
U17991,0,1,0.20508526265621185,0
U17992,0,2,0.012831442058086395,0
U17993,0,2,0.7618386745452881,1
U17994,0,5,0.016406485810875893,0
U17995,0,4,0.004387689288705587,0
U17996,0,2,0.814781904220581,1
U17997,0,4,0.021559536457061768,0
U17998,0,2,0.8164145946502686,1
U17999,0,3,0.08025816082954407,0
U18000,0,2,0.021077925339341164,0
U18001,0,1,0.009376310743391514,0
U18002,0,3,0.029282759875059128,0
U18003,0,3,0.10270258039236069,0
U18004,0,4,0.010693797841668129,0
U18005,0,3,0.007872781716287136,0
U18006,0,2,0.07055029273033142,0
U18007,0,1,0.01742878369987011,0
U18008,0,1,0.014097282662987709,0
U18009,0,1,0.004073640331625938,0
U18010,0,5,0.007736945524811745,0
U18011,0,4,0.22422343492507935,0
U18012,0,3,0.02777797356247902,0
U18013,0,4,0.029117461293935776,0
U18014,0,5,0.023034583777189255,0
U18015,0,4,0.08467990905046463,0
U18016,0,4,0.017391851171851158,0
U18017,0,2,0.045516520738601685,0
U18018,0,3,0.006911657750606537,0
U18019,0,4,0.004102405626326799,0
U18020,0,4,0.040922775864601135,0
U18021,0,5,0.007868432439863682,0
U18022,0,2,0.7227481603622437,1
U18023,0,4,0.5795484781265259,1
U18024,0,5,0.5052093863487244,1
U18025,0,2,0.05778980255126953,0
U18026,0,2,0.635936975479126,1
U18027,0,4,0.0029631364159286022,0
U18028,0,2,0.01621311530470848,0
U18029,0,3,0.545620322227478,1
U18030,0,5,0.04005618765950203,0
U18031,0,1,0.013833372853696346,0
U18032,0,2,0.7495965957641602,1
U18033,0,5,0.011380462907254696,0
U18034,0,1,0.004387654364109039,0
U18035,0,4,0.014626901596784592,0
U18036,0,5,0.06429187208414078,0
U18037,0,1,0.029544707387685776,0
U18038,0,3,0.08923858404159546,0
U18039,0,4,0.028871461749076843,0
U18040,0,3,0.02594902738928795,0
U18041,0,5,0.12480494379997253,0
U18042,0,1,0.31520912051200867,0
U18043,0,3,0.09571573138237,0
U18044,0,3,0.7730685472488403,1
U18045,0,2,0.03387999162077904,0
U18046,0,2,0.0061330413445830345,0
U18047,0,5,0.06791028380393982,0
U18048,0,1,0.45788639783859253,0
U18049,0,1,0.9150403141975403,1
U18050,0,4,0.05068816617131233,0
U18051,0,2,0.7746322751045227,1
U18052,0,1,0.8372077941894531,1
U18053,0,3,0.9041134119033813,1
U18054,0,5,0.01284282561391592,0
U18055,0,2,0.08144185692071915,0
U18056,0,5,0.5385110378265381,1
U18057,0,3,0.08894500881433487,0
U18058,0,2,0.5037042498588562,1
U18059,0,4,0.038282327353954315,0
U18060,0,1,0.04361654818058014,0
U18061,0,1,0.10716351121664047,0
U18062,0,3,0.19479838013648987,0
U18063,0,1,0.19890367984771729,0
U18064,0,4,0.18316349387168884,0
U18065,0,3,0.004991378169506788,0
U18066,0,2,0.012092862278223038,0
U18067,0,1,0.11033084988594055,0
U18068,0,5,0.23041510581970215,0
U18069,0,1,0.043526310473680496,0
U18070,0,3,0.0017791808350011706,0
U18071,0,2,0.15551480650901794,0
U18072,0,5,0.11332222074270248,0
U18073,0,3,0.7946878671646118,1
U18074,0,5,0.8265043497085571,1
U18075,0,3,0.05367957800626755,0
U18076,0,1,0.01207613106817007,0
U18077,0,4,0.3646526336669922,0
U18078,0,5,0.0016430577961727977,0
U18079,0,4,0.20890110731124878,0
U18080,0,5,0.01298630889505148,0
U18081,0,4,0.13988669216632843,0
U18082,0,3,0.05727556347846985,0
U18083,0,4,0.0044766380451619625,0
U18084,0,1,0.01818910241127014,0
U18085,0,5,0.9409257769584656,1
U18086,0,5,0.7592607736587524,1
U18087,0,4,0.01350376382470131,0
U18088,0,1,0.011568437330424786,0
U18089,0,2,0.10353107750415802,0
U18090,0,1,0.0025441471952944994,0
U18091,0,5,0.058213010430336,0
U18092,0,2,0.07581329345703125,0
U18093,0,5,0.30583444237709045,0
U18094,0,5,0.9668103456497192,1
U18095,0,1,0.0021447939798235893,0
U18096,0,1,0.017624126747250557,0
U18097,0,5,0.014809631742537022,0
U18098,0,4,0.00710750138387084,0
U18099,0,4,0.31430548429489136,0
U18100,0,3,0.041762575507164,0
U18101,0,2,0.8920215964317322,1
U18102,0,2,0.46747079491615295,0
U18103,0,2,0.18128815293312073,0
U18104,0,5,0.01158057525753975,0
U18105,0,1,0.7234010696411133,1
U18106,0,4,0.032530903816223145,0
U18107,0,5,0.0032241400331258774,0
U18108,0,2,0.7019984722137451,1
U18109,0,5,0.0007430814439430833,0
U18110,0,2,0.2430720180273056,0
U18111,0,1,0.013536747545003891,0
U18112,0,2,0.018505267798900604,0
U18113,0,3,0.022048896178603172,0
U18114,0,5,0.026574691757559776,0
U18115,0,3,0.00924362987279892,0
U18116,0,5,0.17568957805633545,0
U18117,0,1,0.011425699107348919,0
U18118,0,3,0.9502609372138977,1
U18119,0,3,0.37046417593955994,0
U18120,0,2,0.023623552173376083,0
U18121,0,5,0.014892593026161194,0
U18122,0,2,0.029253553599119186,0
U18123,0,4,0.03107083961367607,0
U18124,0,5,0.030778657644987106,0
U18125,0,1,0.06427862495183945,0
U18126,0,4,0.007254181429743767,0
U18127,0,4,0.007284850813448429,0
U18128,0,2,0.08604192733764648,0
U18129,0,2,0.091808021068573,0
U18130,0,5,0.11417906731367111,0
U18131,0,5,0.14852683246135712,0
U18132,0,4,0.10462651401758194,0
U18133,0,4,0.037328846752643585,0
U18134,0,3,0.34718355536460876,0
U18135,0,2,0.058907315135002136,0
U18136,0,1,0.00506804883480072,0
U18137,0,1,0.11588418483734131,0
U18138,0,4,0.46340733766555786,0
U18139,0,2,0.32279157638549805,0
U18140,0,5,0.2971348762512207,0
U18141,0,4,0.00683977734297514,0
U18142,0,4,0.41135233640670776,0
U18143,0,5,0.14170235395431519,0
U18144,0,1,0.9683120846748352,1
U18145,0,1,0.004228608217090368,0
U18146,0,1,0.012705463916063309,0
U18147,0,4,0.018331659957766533,0
U18148,0,4,0.062153782695531845,0
U18149,0,2,0.03698635846376419,0
U18150,0,4,0.03276326134800911,0
U18151,0,4,0.009536311961710453,0
U18152,0,2,0.7633500099182129,1
U18153,0,4,0.07500767707824707,0
U18154,0,1,0.013944273814558983,0
U18155,0,1,0.26393139362335205,0
U18156,0,1,0.9542399644851685,1
U18157,0,2,0.027517933398485184,0
U18158,0,2,0.011884741485118866,0
U18159,0,4,0.07175551354885101,0
U18160,0,5,0.031744178384542465,0
U18161,0,1,0.1945345103740692,0
U18162,0,2,0.002186480676755309,0
U18163,0,4,0.18778115510940552,0
U18164,0,3,0.3005359172821045,0
U18165,0,4,0.012108251452445984,0
U18166,0,4,0.04927796497941017,0
U18167,0,1,0.03479743003845215,0
U18168,0,4,0.0016083086375147104,0
U18169,0,3,0.34379225969314575,0
U18170,0,3,0.20437082648277283,0
U18171,0,5,0.014101581647992134,0
U18172,0,3,0.011832477524876595,0
U18173,0,5,0.01717817410826683,0
U18174,0,1,0.008617658168077469,0
U18175,0,2,0.0037843510508537292,0
U18176,0,5,0.001202607760205865,0
U18177,0,5,0.010987993329763412,0
U18178,0,1,0.7609248757362366,1
U18179,0,5,0.10522207617759705,0
U18180,0,3,0.3882661461830139,0
U18181,0,3,0.04088299721479416,0
U18182,0,5,0.025124384090304375,0
U18183,0,4,0.007892495952546597,0
U18184,0,4,0.10156188905239105,0
U18185,0,5,0.19965922832489014,0
U18186,0,3,0.02477117069065571,0
U18187,0,5,0.02158200740814209,0
U18188,0,4,0.04422832280397415,0
U18189,0,3,0.03342585638165474,0
U18190,0,1,0.7617485523223877,1
U18191,0,2,0.0701686218380928,0
U18192,0,4,0.1110062524676323,0
U18193,0,4,0.020622016862034798,0
U18194,0,2,0.6089262962341309,1
U18195,0,1,0.07620605826377869,0
U18196,0,4,0.14342084527015686,0
U18197,0,4,0.34526950120925903,0
U18198,0,5,0.07200642675161362,0
U18199,0,2,0.03803621977567673,0
U18200,0,5,0.282844603061676,0
U18201,0,5,0.8977477550506592,1
U18202,0,1,0.009245229884982109,0
U18203,0,4,0.534065842628479,1
U18204,0,3,0.8343430757522583,1
U18205,0,3,0.007416890934109688,0
U18206,0,3,0.03638092428445816,0
U18207,0,5,0.11006875336170197,0
U18208,0,1,0.036543041467666626,0
U18209,0,5,0.03609882667660713,0
U18210,0,1,0.02505631186068058,0
U18211,0,5,0.05730798467993736,0
U18212,0,4,0.028322137892246246,0
U18213,0,2,0.15820874273777008,0
U18214,0,5,0.36558952927589417,0
U18215,0,3,0.14101268351078033,0
U18216,0,2,0.15423354506492615,0
U18217,0,5,0.09260103851556778,0
U18218,0,4,0.14259551465511322,0
U18219,0,1,0.008381003513932228,0
U18220,0,3,0.0054123010486364365,0
U18221,0,4,0.006001680623739958,0
U18222,0,1,0.008458971977233887,0
U18223,0,3,0.1835680454969406,0
U18224,0,4,0.02815762348473072,0
U18225,0,3,0.04027716815471649,0
U18226,0,5,0.01648293063044548,0
U18227,0,4,0.016969934105873108,0
U18228,0,1,0.0036174440756440163,0
U18229,0,5,0.03428858518600464,0
U18230,0,2,0.39416372776031494,0
U18231,0,1,0.01425640657544136,0
U18232,0,4,0.0012306709541007876,0
U18233,0,5,0.013066010549664497,0
U18234,0,2,0.012414413504302502,0
U18235,0,4,0.23690003156661987,0
U18236,0,4,0.006530417129397392,0
U18237,0,5,0.047741666436195374,0
U18238,0,2,0.0850517749786377,0
U18239,0,5,0.6685478091239929,1
U18240,0,3,0.020027725026011467,0
U18241,0,5,0.015485234558582306,0
U18242,0,5,0.813519299030304,1
U18243,0,3,0.05233360081911087,0
U18244,0,2,0.008005511946976185,0
U18245,0,3,0.5655589699745178,1
U18246,0,2,0.02084764651954174,0
U18247,0,1,0.027643445879220963,0
U18248,0,2,0.0021493518725037575,0
U18249,0,1,0.0720442682504654,0
U18250,0,4,0.39923155307769775,0
U18251,0,4,0.049421150237321854,0
U18252,0,1,0.02793877199292183,0
U18253,0,2,0.05967046320438385,0
U18254,0,4,0.02638612873852253,0
U18255,0,4,0.16977858543395996,0
U18256,0,1,0.009051134809851646,0
U18257,0,1,0.017968114465475082,0
U18258,0,1,0.022016745060682297,0
U18259,0,3,0.14595665037631989,0
U18260,0,4,0.006579476408660412,0
U18261,0,5,0.052387651056051254,0
U18262,0,3,0.1879299283027649,0
U18263,0,2,0.0309760682284832,0
U18264,0,3,0.002831469988450408,0
U18265,0,4,0.02585265412926674,0
U18266,0,4,0.009362194687128067,0
U18267,0,3,0.02090814709663391,0
U18268,0,1,0.08906074613332748,0
U18269,0,1,0.024818338453769684,0
U18270,0,1,0.011236188933253288,0
U18271,0,2,0.02936164289712906,0
U18272,0,2,0.01300052460283041,0
U18273,0,1,0.0033365797717124224,0
U18274,0,2,0.003123133210465312,0
U18275,0,5,0.0697774887084961,0
U18276,0,2,0.21248562633991241,0
U18277,0,5,0.2589207589626312,0
U18278,0,1,0.33668553829193115,0
U18279,0,2,0.0080291498452425,0
U18280,0,3,0.001467937952838838,0
U18281,0,3,0.03819466382265091,0
U18282,0,1,0.8857994079589844,1
U18283,0,2,0.06943211704492569,0
U18284,0,1,0.9228438138961792,1
U18285,0,2,0.0343518890440464,0
U18286,0,1,0.2628055810928345,0
U18287,0,2,0.016869354993104935,0
U18288,0,2,0.005401921458542347,0
U18289,0,2,0.28296899795532227,0
U18290,0,1,0.7990428805351257,1
U18291,0,4,0.09105686098337173,0
U18292,0,4,0.7875150442123413,1
U18293,0,2,0.011775199323892593,0
U18294,0,3,0.04852266237139702,0
U18295,0,3,0.015451276674866676,0
U18296,0,3,0.5510594248771667,1
U18297,0,1,0.025603199377655983,0
U18298,0,5,0.23321637511253357,0
U18299,0,4,0.08528025448322296,0
U18300,0,3,0.00866283942013979,0
U18301,0,1,0.00853111781179905,0
U18302,0,2,0.008213318884372711,0
U18303,0,1,0.041217584162950516,0
U18304,0,3,0.4853823781013489,0
U18305,0,2,0.06557884067296982,0
U18306,0,4,0.01434837281703949,0
U18307,0,1,0.0062365285120904446,0
U18308,0,3,0.010120968334376812,0
U18309,0,2,0.0028601670637726784,0
U18310,0,3,0.007580556906759739,0
U18311,0,2,0.005450964905321598,0
U18312,0,5,0.04940101131796837,0
U18313,0,3,0.014871621504426003,0
U18314,0,4,0.7694090008735657,1
U18315,0,3,0.2857978641986847,0
U18316,0,1,0.14153577387332916,0
U18317,0,1,0.011925563216209412,0
U18318,0,4,0.0030094075482338667,0
U18319,0,2,0.030833806842565536,0
U18320,0,5,0.24633091688156128,0
U18321,0,2,0.2260444611310959,0
U18322,0,4,0.019541636109352112,0
U18323,0,1,0.09848105907440186,0
U18324,0,3,0.042903833091259,0
U18325,0,5,0.9832996129989624,1
U18326,0,3,0.059174589812755585,0
U18327,0,3,0.6170687675476074,1
U18328,0,3,0.0025237391237169504,0
U18329,0,5,0.06409047544002533,0
U18330,0,1,0.05139430612325668,0
U18331,0,1,0.24212688207626343,0
U18332,0,2,0.15854951739311218,0
U18333,0,4,0.005605722311884165,0
U18334,0,4,0.08693403750658035,0
U18335,0,4,0.07147908210754395,0
U18336,0,1,0.3555762767791748,0
U18337,0,1,0.11250755190849304,0
U18338,0,1,0.00794244185090065,0
U18339,0,5,0.6775122880935669,1
U18340,0,4,0.08232997357845306,0
U18341,0,1,0.13576890528202057,0
U18342,0,3,0.0033403176348656416,0
U18343,0,3,0.020727675408124924,0
U18344,0,1,0.01347442902624607,0
U18345,0,3,0.3595443367958069,0
U18346,0,5,0.01761963963508606,0
U18347,0,5,0.0018390459008514881,0
U18348,0,1,0.04021378979086876,0
U18349,0,4,0.005938878282904625,0
U18350,0,1,0.10911044478416443,0
U18351,0,1,0.0046475958079099655,0
U18352,0,5,0.0810006707906723,0
U18353,0,2,0.004018320236355066,0
U18354,0,2,0.11218282580375671,0
U18355,0,3,0.035277996212244034,0
U18356,0,1,0.05979706346988678,0
U18357,0,2,0.0034399274736642838,0
U18358,0,2,0.12190137803554535,0
U18359,0,1,0.8772165775299072,1
U18360,0,1,0.0168899018317461,0
U18361,0,1,0.0016233471687883139,0
U18362,0,1,0.836515486240387,1
U18363,0,3,0.001214097603224218,0
U18364,0,1,0.010134954936802387,0
U18365,0,3,0.013668212108314037,0
U18366,0,5,0.019880013540387154,0
U18367,0,4,0.2888604998588562,0
U18368,0,1,0.7555751800537109,1
U18369,0,2,0.03153666481375694,0
U18370,0,5,0.5131776928901672,1
U18371,0,5,0.3187350034713745,0
U18372,0,5,0.018963849171996117,0
U18373,0,1,0.1854027807712555,0
U18374,0,5,0.21204829216003418,0
U18375,0,5,0.04946129769086838,0
U18376,0,1,0.3814089298248291,0
U18377,0,1,0.056669481098651886,0
U18378,0,1,0.18175089359283447,0
U18379,0,4,0.12998689711093903,0
U18380,0,3,0.24389100074768066,0
U18381,0,4,0.8332209587097168,1
U18382,0,2,0.014674785546958447,0
U18383,0,2,0.020315032452344894,0
U18384,0,2,0.4422818124294281,0
U18385,0,4,0.010778415948152542,0
U18386,0,2,0.2077893614768982,0
U18387,0,5,0.0486053004860878,0
U18388,0,5,0.09293898940086365,0
U18389,0,2,0.007383737247437239,0
U18390,0,3,0.8855170011520386,1
U18391,0,1,0.024405058473348618,0
U18392,0,1,0.014015136286616325,0
U18393,0,1,0.043761659413576126,0
U18394,0,3,0.4139153063297272,0
U18395,0,3,0.04495127871632576,0
U18396,0,2,0.025984056293964386,0
U18397,0,1,0.03937910124659538,0
U18398,0,1,0.03134222328662872,0
U18399,0,2,0.15478172898292542,0
U18400,0,1,0.017790568992495537,0
U18401,0,5,0.027322055771946907,0
U18402,0,2,0.8562037348747253,1
U18403,0,1,0.001347638899460435,0
U18404,0,3,0.050206802785396576,0
U18405,0,5,0.007722444832324982,0
U18406,0,3,0.01906108669936657,0
U18407,0,3,0.016096413135528564,0
U18408,0,2,0.867784321308136,1
U18409,0,5,0.11669337004423141,0
U18410,0,3,0.11211562156677246,0
U18411,0,2,0.009937712922692299,0
U18412,0,4,0.18807482719421387,0
U18413,0,4,0.0038323942571878433,0
U18414,0,1,0.021572701632976532,0
U18415,0,2,0.07896016538143158,0
U18416,0,5,0.8341360688209534,1
U18417,0,3,0.23874521255493164,0
U18418,0,3,0.01170745026320219,0
U18419,0,1,0.03823498636484146,0
U18420,0,1,0.11447563022375107,0
U18421,0,3,0.2581959366798401,0
U18422,0,3,0.46467825770378113,0
U18423,0,4,0.21269693970680237,0
U18424,0,4,0.0348377525806427,0
U18425,0,2,0.011390245519578457,0
U18426,0,2,0.29915037751197815,0
U18427,0,2,0.16143566370010376,0
U18428,0,5,0.9767916798591614,1
U18429,0,4,0.014806348830461502,0
U18430,0,5,0.0438452810049057,0
U18431,0,1,0.0086717763915658,0
U18432,0,5,0.003858965588733554,0
U18433,0,4,0.1439027339220047,0
U18434,0,4,0.01893577165901661,0
U18435,0,4,0.02324707619845867,0
U18436,0,4,0.36932697892189026,0
U18437,0,5,0.0011751996353268623,0
U18438,0,3,0.659453272819519,1
U18439,0,1,0.1126234233379364,0
U18440,0,4,0.02177444100379944,0
U18441,0,3,0.4036223590373993,0
U18442,0,1,0.0017140915151685476,0
U18443,0,5,0.0061230226419866085,0
U18444,0,5,0.23110553622245789,0
U18445,0,2,0.10009187459945679,0
U18446,0,4,0.10664019733667374,0
U18447,0,4,0.195907324552536,0
U18448,0,2,0.0010079753119498491,0
U18449,0,3,0.03370770066976547,0
U18450,0,5,0.02269534021615982,0
U18451,0,5,0.02134189009666443,0
U18452,0,5,0.6972349882125854,1
U18453,0,5,0.020218607038259506,0
U18454,0,1,0.7151905298233032,1
U18455,0,4,0.9269573092460632,1
U18456,0,4,0.14278623461723328,0
U18457,0,3,0.02620885521173477,0
U18458,0,1,0.0025341585278511047,0
U18459,0,1,0.018980929628014565,0
U18460,0,2,0.013427776284515858,0
U18461,0,5,0.035439927130937576,0
U18462,0,4,0.024974457919597626,0
U18463,0,1,0.003773570293560624,0
U18464,0,5,0.27576255798339844,0
U18465,0,4,0.0026579881086945534,0
U18466,0,4,0.028941839933395386,0
U18467,0,4,0.004973721690475941,0
U18468,0,5,0.3982182741165161,0
U18469,0,5,0.20698395371437073,0
U18470,0,4,0.07501582056283951,0
U18471,0,1,0.2521904706954956,0
U18472,0,1,0.6247503161430359,1
U18473,0,3,0.06304321438074112,0
U18474,0,5,0.0034140811767429113,0
U18475,0,5,0.04015285521745682,0
U18476,0,2,0.2907753586769104,0
U18477,0,3,0.3992336690425873,0
U18478,0,3,0.9326027631759644,1
U18479,0,1,0.013303552754223347,0
U18480,0,4,0.018517833203077316,0
U18481,0,5,0.015120835974812508,0
U18482,0,3,0.25635820627212524,0
U18483,0,4,0.009438751265406609,0
U18484,0,2,0.054403774440288544,0
U18485,0,1,0.0029316211584955454,0
U18486,0,3,0.01593959890305996,0
U18487,0,3,0.0076242126524448395,0
U18488,0,1,0.02049987204372883,0
U18489,0,4,0.2072262316942215,0
U18490,0,3,0.16675803065299988,0
U18491,0,5,0.003148865420371294,0
U18492,0,3,0.06310676038265228,0
U18493,0,4,0.06955429911613464,0
U18494,0,3,0.008387699723243713,0
U18495,0,2,0.0030057202093303204,0
U18496,0,1,0.013245582580566406,0
U18497,0,3,0.07149416208267212,0
U18498,0,5,0.6956565380096436,1
U18499,0,1,0.0393950454890728,0
U18500,0,3,0.2591361403465271,0
U18501,0,4,0.005559180397540331,0
U18502,0,5,0.04255959764122963,0
U18503,0,5,0.030024919658899307,0
U18504,0,5,0.06673401594161987,0
U18505,0,4,0.0018375494983047247,0
U18506,0,5,0.07769301533699036,0
U18507,0,2,0.08722898364067078,0
U18508,0,3,0.007218989543616772,0
U18509,0,3,0.1178588941693306,0
U18510,0,3,0.011318733915686607,0
U18511,0,3,0.028572656214237213,0
U18512,0,2,0.6084188222885132,1
U18513,0,5,0.1992548406124115,0
U18514,0,3,0.013869180344045162,0
U18515,0,1,0.8061949610710144,1
U18516,0,1,0.7591039538383484,1
U18517,0,4,0.016075100749731064,0
U18518,0,4,0.0896298885345459,0
U18519,0,5,0.002025577239692211,0
U18520,0,3,0.6827514171600342,1
U18521,0,1,0.10756293684244156,0
U18522,0,3,0.011249788105487823,0
U18523,0,2,0.008703433908522129,0
U18524,0,4,0.00471838004887104,0
U18525,0,1,0.02596411108970642,0
U18526,0,4,0.0367569774389267,0
U18527,0,4,0.04958856478333473,0
U18528,0,4,0.17108389735221863,0
U18529,0,2,0.1477799266576767,0
U18530,0,2,0.013350598514080048,0
U18531,0,2,0.05007094889879227,0
U18532,0,2,0.008475923910737038,0
U18533,0,3,0.01853838376700878,0
U18534,0,5,0.9237756729125977,1
U18535,0,3,0.023553982377052307,0
U18536,0,2,0.034060362726449966,0
U18537,0,2,0.04555966705083847,0
U18538,0,5,0.8277739882469177,1
U18539,0,1,0.02742290310561657,0
U18540,0,4,0.13559450209140778,0
U18541,0,2,0.013916583731770515,0
U18542,0,2,0.12586191296577454,0
U18543,0,2,0.19900065660476685,0
U18544,0,5,0.13284647464752197,0
U18545,0,5,0.017321322113275528,0
U18546,0,1,0.045274168252944946,0
U18547,0,5,0.1721697300672531,0
U18548,0,4,0.004450504668056965,0
U18549,0,2,0.43003734946250916,0
U18550,0,2,0.02472974732518196,0
U18551,0,3,0.19299396872520447,0
U18552,0,1,0.005872816313058138,0
U18553,0,5,0.4753434956073761,0
U18554,0,4,0.29670223593711853,0
U18555,0,5,0.8758007287979126,1
U18556,0,2,0.15259645879268646,0
U18557,0,2,0.040122028440237045,0
U18558,0,3,0.01803452894091606,0
U18559,0,4,0.33909207582473755,0
U18560,0,3,0.0474281869828701,0
U18561,0,2,0.10921740531921387,0
U18562,0,5,0.019067201763391495,0
U18563,0,3,0.16784486174583435,0
U18564,0,1,0.025621864944696426,0
U18565,0,4,0.013879995793104172,0
U18566,0,2,0.032194312661886215,0
U18567,0,1,0.03418555110692978,0
U18568,0,1,0.0064920648001134396,0
U18569,0,2,0.004340960178524256,0
U18570,0,2,0.014462574385106564,0
U18571,0,3,0.028795093297958374,0
U18572,0,1,0.004559534601867199,0
U18573,0,2,0.2670193612575531,0
U18574,0,3,0.0008951240452006459,0
U18575,0,5,0.05271743983030319,0
U18576,0,3,0.04345141351222992,0
U18577,0,1,0.21001751720905304,0
U18578,0,2,0.01554324384778738,0
U18579,0,5,0.7772732973098755,1
U18580,0,3,0.07684376835823059,0
U18581,0,4,0.17407485842704773,0
U18582,0,4,0.023964079096913338,0
U18583,0,4,0.0057184211909770966,0
U18584,0,3,0.05259741470217705,0
U18585,0,5,0.9271160364151001,1
U18586,0,2,0.0625220537185669,0
U18587,0,4,0.016881980001926422,0
U18588,0,2,0.1878431737422943,0
U18589,0,1,0.0022320791613310575,0
U18590,0,2,0.027994390577077866,0
U18591,0,1,0.7744449973106384,1
U18592,0,4,0.07184894382953644,0
U18593,0,4,0.027561012655496597,0
U18594,0,3,0.18646074831485748,0
U18595,0,3,0.21867641806602478,0
U18596,0,5,0.044224899262189865,0
U18597,0,2,0.0012130048125982285,0
U18598,0,3,0.3131144344806671,0
U18599,0,5,0.035517267882823944,0
U18600,0,1,0.08512713015079498,0
U18601,0,1,0.022210340946912766,0
U18602,0,3,0.15359671413898468,0
U18603,0,5,0.8842371702194214,1
U18604,0,1,0.01222911849617958,0
U18605,0,1,0.007107614539563656,0
U18606,0,2,0.00218407716602087,0
U18607,0,3,0.13518251478672028,0
U18608,0,5,0.04135357216000557,0
U18609,0,4,0.9765812158584595,1
U18610,0,1,0.02159494161605835,0
U18611,0,1,0.10083571076393127,0
U18612,0,3,0.00984334945678711,0
U18613,0,4,0.007173881866037846,0
U18614,0,4,0.24837523698806763,0
U18615,0,1,0.7797009944915771,1
U18616,0,5,0.0027389181777834892,0
U18617,0,2,0.00998122338205576,0
U18618,0,1,0.04044102877378464,0
U18619,0,2,0.7927096486091614,1
U18620,0,4,0.07417428493499756,0
U18621,0,3,0.045609891414642334,0
U18622,0,5,0.027907906100153923,0
U18623,0,3,0.012139041908085346,0
U18624,0,2,0.16575747728347778,0
U18625,0,2,0.031428392976522446,0
U18626,0,2,0.14995937049388885,0
U18627,0,3,0.048746079206466675,0
U18628,0,1,0.014529016800224781,0
U18629,0,4,0.031393542885780334,0
U18630,0,5,0.4534834921360016,0
U18631,0,4,0.36457014083862305,0
U18632,0,4,0.012856774963438511,0
U18633,0,2,0.0014614425599575043,0
U18634,0,2,0.17678970098495483,0
U18635,0,1,0.012219459749758244,0
U18636,0,3,0.2887851893901825,0
U18637,0,3,0.022402357310056686,0
U18638,0,1,0.012792946770787239,0
U18639,0,4,0.008507603779435158,0
U18640,0,5,0.12229372560977936,0
U18641,0,3,0.03445266932249069,0
U18642,0,3,0.006719378288835287,0
U18643,0,2,0.0068380874581635,0
U18644,0,4,0.04623281955718994,0
U18645,0,3,0.054365988820791245,0
U18646,0,5,0.1393897980451584,0
U18647,0,1,0.8762610554695129,1
U18648,0,4,0.0036200315225869417,0
U18649,0,5,0.003142042551189661,0
U18650,0,5,0.7470107674598694,1
U18651,0,4,0.3385166525840759,0
U18652,0,4,0.14051195979118347,0
U18653,0,5,0.11925622820854187,0
U18654,0,5,0.03672453388571739,0
U18655,0,5,0.008500815369188786,0
U18656,0,4,0.006788250058889389,0
U18657,0,4,0.02508470229804516,0
U18658,0,5,0.0023162513971328735,0
U18659,0,4,0.03072473779320717,0
U18660,0,5,0.2669041156768799,0
U18661,0,3,0.017347531393170357,0
U18662,0,2,0.006570818368345499,0
U18663,0,5,0.07922292500734329,0
U18664,0,3,0.28507962822914124,0
U18665,0,2,0.9149117469787598,1
U18666,0,2,0.029443638399243355,0
U18667,0,4,0.11997555196285248,0
U18668,0,1,0.005856565665453672,0
U18669,0,5,0.008958164602518082,0
U18670,0,5,0.20230013132095337,0
U18671,0,3,0.4309074878692627,0
U18672,0,4,0.8531948924064636,1
U18673,0,1,0.05330778658390045,0
U18674,0,4,0.7414848804473877,1
U18675,0,4,0.03743794187903404,0
U18676,0,4,0.07921434193849564,0
U18677,0,5,0.004270871169865131,0
U18678,0,3,0.08927223086357117,0
U18679,0,3,0.016156041994690895,0
U18680,0,5,0.17990745604038239,0
U18681,0,3,0.14217543601989746,0
U18682,0,1,0.9571981430053711,1
U18683,0,3,0.04259644076228142,0
U18684,0,3,0.012549523264169693,0
U18685,0,4,0.011846531182527542,0
U18686,0,4,0.1687760055065155,0
U18687,0,4,0.20973019301891327,0
U18688,0,4,0.44353973865509033,0
U18689,0,5,0.9749046564102173,1
U18690,0,2,0.023683173581957817,0
U18691,0,2,0.44117140769958496,0
U18692,0,5,0.01512304600328207,0
U18693,0,3,0.37166306376457214,0
U18694,0,2,0.005891680717468262,0
U18695,0,5,0.28809496760368347,0
U18696,0,1,0.02695503644645214,0
U18697,0,4,0.12994305789470673,0
U18698,0,2,0.20346413552761078,0
U18699,0,3,0.006308167241513729,0
U18700,0,1,0.03573084622621536,0
U18701,0,4,0.06328439712524414,0
U18702,0,2,0.013777896761894226,0
U18703,0,4,0.5861343741416931,1
U18704,0,1,0.13564035296440125,0
U18705,0,4,0.009797237813472748,0
U18706,0,5,0.021551618352532387,0
U18707,0,3,0.14470922946929932,0
U18708,0,4,0.004067961126565933,0
U18709,0,5,0.0924711674451828,0
U18710,0,1,0.24892929196357727,0
U18711,0,5,0.051158394664525986,0
U18712,0,5,0.0026798525359481573,0
U18713,0,1,0.007002111524343491,0
U18714,0,2,0.02054424025118351,0
U18715,0,1,0.02743205614387989,0
U18716,0,3,0.27111324667930603,0
U18717,0,1,0.0717463418841362,0
U18718,0,5,0.04308219626545906,0
U18719,0,1,0.03750857338309288,0
U18720,0,1,0.013166873715817928,0
U18721,0,2,0.004631469026207924,0
U18722,0,5,0.0041365111246705055,0
U18723,0,3,0.09519413858652115,0
U18724,0,1,0.016048412770032883,0
U18725,0,3,0.040147315710783005,0
U18726,0,3,0.06602276861667633,0
U18727,0,1,0.16404135525226593,0
U18728,0,5,0.0012605374213308096,0
U18729,0,1,0.07123901695013046,0
U18730,0,5,0.2574111521244049,0
U18731,0,4,0.06758130341768265,0
U18732,0,5,0.07484475523233414,0
U18733,0,5,0.030223237350583076,0
U18734,0,1,0.027873268350958824,0
U18735,0,2,0.06479056179523468,0
U18736,0,4,0.07954517006874084,0
U18737,0,3,0.34216979146003723,0
U18738,0,4,0.037205688655376434,0
U18739,0,5,0.01230237353593111,0
U18740,0,2,0.0010586809366941452,0
U18741,0,1,0.9585435390472412,1
U18742,0,4,0.6782246828079224,1
U18743,0,5,0.45397627353668213,0
U18744,0,1,0.013360402546823025,0
U18745,0,2,0.45697033405303955,0
U18746,0,1,0.01699150539934635,0
U18747,0,4,0.018397176638245583,0
U18748,0,1,0.008844992145895958,0
U18749,0,4,0.23891295492649078,0
U18750,0,4,0.812281608581543,1
U18751,0,4,0.003433070844039321,0
U18752,0,1,0.611423134803772,1
U18753,0,2,0.009261016733944416,0
U18754,0,5,0.027574243023991585,0
U18755,0,5,0.056123584508895874,0
U18756,0,4,0.014249240979552269,0
U18757,0,5,0.00864898506551981,0
U18758,0,3,0.06242474913597107,0
U18759,0,3,0.007889771834015846,0
U18760,0,4,0.044252365827560425,0
U18761,0,5,0.009999828413128853,0
U18762,0,1,0.01260240189731121,0
U18763,0,3,0.04717489704489708,0
U18764,0,4,0.03412199392914772,0
U18765,0,3,0.057513315230607986,0
U18766,0,3,0.00529641704633832,0
U18767,0,4,0.06297606229782104,0
U18768,0,5,0.011930711567401886,0
U18769,0,2,0.03824782371520996,0
U18770,0,1,0.0961972177028656,0
U18771,0,2,0.010961264371871948,0
U18772,0,2,0.2881743609905243,0
U18773,0,5,0.43923646211624146,0
U18774,0,3,0.8652796745300293,1
U18775,0,5,0.06363242864608765,0
U18776,0,3,0.28060096502304077,0
U18777,0,2,0.007613261695951223,0
U18778,0,3,0.005166478920727968,0
U18779,0,1,0.8734917044639587,1
U18780,0,5,0.13182197511196136,0
U18781,0,1,0.03419113904237747,0
U18782,0,1,0.022167328745126724,0
U18783,0,3,0.011308628134429455,0
U18784,0,5,0.6737673282623291,1
U18785,0,3,0.04767867550253868,0
U18786,0,4,0.037346504628658295,0
U18787,0,3,0.026883874088525772,0
U18788,0,2,0.1939687430858612,0
U18789,0,2,0.00938406866043806,0
U18790,0,5,0.10338585078716278,0
U18791,0,1,0.021342776715755463,0
U18792,0,5,0.7113149762153625,1
U18793,0,2,0.07684166729450226,0
U18794,0,5,0.04019918292760849,0
U18795,0,1,0.1662895381450653,0
U18796,0,5,0.0033525051549077034,0
U18797,0,3,0.3613488972187042,0
U18798,0,5,0.005970562808215618,0
U18799,0,1,0.9268804788589478,1
U18800,0,3,0.03519653156399727,0
U18801,0,3,0.09400282800197601,0
U18802,0,3,0.10147903859615326,0
U18803,0,3,0.253389447927475,0
U18804,0,3,0.10632175952196121,0
U18805,0,5,0.8495978713035583,1
U18806,0,1,0.02426367998123169,0
U18807,0,5,0.05235864967107773,0
U18808,0,1,0.5013836026191711,1
U18809,0,5,0.003896409645676613,0
U18810,0,4,0.8016741275787354,1
U18811,0,1,0.0358792245388031,0
U18812,0,3,0.1611527055501938,0
U18813,0,5,0.6947402954101562,1
U18814,0,3,0.10898862779140472,0
U18815,0,1,0.024293025955557823,0
U18816,0,3,0.12512926757335663,0
U18817,0,4,0.05474057048559189,0
U18818,0,4,0.0577419251203537,0
U18819,0,2,0.2548780143260956,0
U18820,0,5,0.2678266167640686,0
U18821,0,1,0.13035167753696442,0
U18822,0,3,0.086686871945858,0
U18823,0,3,0.012760531157255173,0
U18824,0,2,0.06750628352165222,0
U18825,0,2,0.11604997515678406,0
U18826,0,1,0.0317433699965477,0
U18827,0,4,0.04734792932868004,0
U18828,0,4,0.015953509137034416,0
U18829,0,2,0.6197165250778198,1
U18830,0,4,0.06693579256534576,0
U18831,0,3,0.00693103251978755,0
U18832,0,1,0.03548349812626839,0
U18833,0,1,0.005552257411181927,0
U18834,0,4,0.04673972353339195,0
U18835,0,2,0.051456041634082794,0
U18836,0,4,0.016208015382289886,0
U18837,0,1,0.6567510366439819,1
U18838,0,2,0.6461961269378662,1
U18839,0,3,0.004497716668993235,0
U18840,0,3,0.2999771535396576,0
U18841,0,2,0.011201114393770695,0
U18842,0,3,0.24162688851356506,0
U18843,0,1,0.006885722279548645,0
U18844,0,5,0.09183379262685776,0
U18845,0,5,0.008678317070007324,0
U18846,0,1,0.010650512762367725,0
U18847,0,4,0.02355373278260231,0
U18848,0,2,0.02003115974366665,0
U18849,0,1,0.0037045900244265795,0
U18850,0,5,0.22601792216300964,0
U18851,0,3,0.6216634511947632,1
U18852,0,4,0.017377957701683044,0
U18853,0,1,0.03280705586075783,0
U18854,0,5,0.04743235558271408,0
U18855,0,3,0.00724929990246892,0
U18856,0,2,0.48528239130973816,0
U18857,0,4,0.005136578809469938,0
U18858,0,2,0.05265069007873535,0
U18859,0,5,0.7971415519714355,1
U18860,0,2,0.8027835488319397,1
U18861,0,4,0.013813692145049572,0
U18862,0,1,0.004628910683095455,0
U18863,0,1,0.010371549986302853,0
U18864,0,4,0.020693868398666382,0
U18865,0,4,0.013226959854364395,0
U18866,0,4,0.18814975023269653,0
U18867,0,4,0.03962056338787079,0
U18868,0,2,0.004594628699123859,0
U18869,0,3,0.129493847489357,0
U18870,0,2,0.6884556412696838,1
U18871,0,1,0.3938618302345276,0
U18872,0,5,0.30115413665771484,0
U18873,0,5,0.013757150620222092,0
U18874,0,3,0.0007255967939272523,0
U18875,0,5,0.599433958530426,1
U18876,0,3,0.22614440321922302,0
U18877,0,2,0.034188162535429,0
U18878,0,3,0.007638796232640743,0
U18879,0,4,0.9358880519866943,1
U18880,0,1,0.08230167627334595,0
U18881,0,4,0.03906426206231117,0
U18882,0,5,0.8429810404777527,1
U18883,0,1,0.004374908749014139,0
U18884,0,2,0.02251572720706463,0
U18885,0,2,0.4565516710281372,0
U18886,0,5,0.009327441453933716,0
U18887,0,5,0.034839507192373276,0
U18888,0,3,0.024051478132605553,0
U18889,0,3,0.08741211891174316,0
U18890,0,1,0.18595105409622192,0
U18891,0,4,0.006107787135988474,0
U18892,0,2,0.06874829530715942,0
U18893,0,1,0.033444758504629135,0
U18894,0,3,0.05939490348100662,0
U18895,0,4,0.003568243933841586,0
U18896,0,2,0.02458346262574196,0
U18897,0,2,0.4962884485721588,0
U18898,0,4,0.01807640865445137,0
U18899,0,2,0.01741551235318184,0
U18900,0,1,0.2350008189678192,0
U18901,0,5,0.28180137276649475,0
U18902,0,4,0.002993440954014659,0
U18903,0,3,0.019868379458785057,0
U18904,0,4,0.07987477630376816,0
U18905,0,4,0.0013669164618477225,0
U18906,0,2,0.006947569083422422,0
U18907,0,4,0.4690302610397339,0
U18908,0,1,0.9155972599983215,1
U18909,0,1,0.01675914041697979,0
U18910,0,5,0.014256766997277737,0
U18911,0,4,0.005345059558749199,0
U18912,0,5,0.22075340151786804,0
U18913,0,2,0.31146693229675293,0
U18914,0,2,0.08850640058517456,0
U18915,0,2,0.011478638276457787,0
U18916,0,1,0.010024061426520348,0
U18917,0,3,0.10443128645420074,0
U18918,0,4,0.16514377295970917,0
U18919,0,1,0.9340898990631104,1
U18920,0,5,0.014172093942761421,0
U18921,0,3,0.005560760851949453,0
U18922,0,1,0.6475868225097656,1
U18923,0,5,0.019253747537732124,0
U18924,0,3,0.008672669529914856,0
U18925,0,3,0.026580289006233215,0
U18926,0,4,0.007684821262955666,0
U18927,0,2,0.020489636808633804,0
U18928,0,3,0.006350597832351923,0
U18929,0,1,0.0016319028800353408,0
U18930,0,3,0.008934992365539074,0
U18931,0,3,0.005607976578176022,0
U18932,0,4,0.0033420647960156202,0
U18933,0,2,0.0024010681081563234,0
U18934,0,1,0.5989375114440918,1
U18935,0,5,0.6685521602630615,1
U18936,0,5,0.024291832000017166,0
U18937,0,4,0.08756331354379654,0
U18938,0,4,0.03876481577754021,0
U18939,0,2,0.009794628247618675,0
U18940,0,5,0.9278886318206787,1
U18941,0,3,0.11445769667625427,0
U18942,0,2,0.027878498658537865,0
U18943,0,5,0.28298598527908325,0
U18944,0,4,0.013113182969391346,0
U18945,0,5,0.8043102025985718,1
U18946,0,3,0.02130037732422352,0
U18947,0,2,0.2286895513534546,0
U18948,0,1,0.02700335718691349,0
U18949,0,2,0.07353677600622177,0
U18950,0,1,0.012570420280098915,0
U18951,0,4,0.09727413952350616,0
U18952,0,1,0.04444814473390579,0
U18953,0,1,0.003039133735001087,0
U18954,0,2,0.021059883758425713,0
U18955,0,2,0.9115877747535706,1
U18956,0,2,0.017252696678042412,0
U18957,0,1,0.13115932047367096,0
U18958,0,5,0.0030414313077926636,0
U18959,0,4,0.012558115646243095,0
U18960,0,3,0.026462160050868988,0
U18961,0,5,0.014432420954108238,0
U18962,0,4,0.08633001893758774,0
U18963,0,5,0.4499295651912689,0
U18964,0,4,0.011739479377865791,0
U18965,0,1,0.6021546125411987,1
U18966,0,1,0.054336413741111755,0
U18967,0,2,0.028571315109729767,0
U18968,0,4,0.01600625365972519,0
U18969,0,2,0.10078760236501694,0
U18970,0,1,0.0023960350081324577,0
U18971,0,5,0.013887278735637665,0
U18972,0,2,0.00507286237552762,0
U18973,0,2,0.951232373714447,1
U18974,0,2,0.33988329768180847,0
U18975,0,3,0.8574086427688599,1
U18976,0,2,0.07486417144536972,0
U18977,0,3,0.0281868577003479,0
U18978,0,3,0.055017560720443726,0
U18979,0,2,0.008446749299764633,0
U18980,0,4,0.33930981159210205,0
U18981,0,1,0.005871564149856567,0
U18982,0,2,0.003758744103834033,0
U18983,0,2,0.045642830431461334,0
U18984,0,3,0.11812420934438705,0
U18985,0,3,0.15671107172966003,0
U18986,0,4,0.03818178176879883,0
U18987,0,4,0.04526577144861221,0
U18988,0,1,0.4332582652568817,0
U18989,0,1,0.08440978080034256,0
U18990,0,1,0.011110782623291016,0
U18991,0,3,0.13191965222358704,0
U18992,0,2,0.003300872165709734,0
U18993,0,2,0.6631045937538147,1
U18994,0,3,0.016138780862092972,0
U18995,0,1,0.03133440017700195,0
U18996,0,5,0.011516120284795761,0
U18997,0,1,0.028447745367884636,0
U18998,0,1,0.3874985873699188,0
U18999,0,3,0.7763179540634155,1
U19000,0,1,0.021124817430973053,0
U19001,0,2,0.005598516669124365,0
U19002,0,5,0.13902272284030914,0
U19003,0,5,0.6494405269622803,1
U19004,0,2,0.0022697383537888527,0
U19005,0,2,0.03493529185652733,0
U19006,0,4,0.044495005160570145,0
U19007,0,1,0.0031521019991487265,0
U19008,0,3,0.5904650688171387,1
U19009,0,3,0.02437245287001133,0
U19010,0,1,0.15534497797489166,0
U19011,0,4,0.03338102623820305,0
U19012,0,3,0.00867140106856823,0
U19013,0,5,0.058171384036540985,0
U19014,0,1,0.03277578577399254,0
U19015,0,2,0.03827875852584839,0
U19016,0,1,0.008808380924165249,0
U19017,0,1,0.037645161151885986,0
U19018,0,5,0.0024622599594295025,0
U19019,0,4,0.007024302147328854,0
U19020,0,3,0.035696692764759064,0
U19021,0,1,0.012973436154425144,0
U19022,0,3,0.6591033935546875,1
U19023,0,2,0.1503618061542511,0
U19024,0,2,0.015063183382153511,0
U19025,0,3,0.35491594672203064,0
U19026,0,5,0.026249736547470093,0
U19027,0,3,0.7431432604789734,1
U19028,0,4,0.03534162789583206,0
U19029,0,2,0.006782338488847017,0
U19030,0,3,0.06706617772579193,0
U19031,0,3,0.7479380965232849,1
U19032,0,1,0.004327806644141674,0
U19033,0,2,0.012375256977975368,0
U19034,0,2,0.011037410236895084,0
U19035,0,5,0.012873956002295017,0
U19036,0,3,0.21097558736801147,0
U19037,0,4,0.021906591951847076,0
U19038,0,4,0.05303946137428284,0
U19039,0,2,0.3790181577205658,0
U19040,0,1,0.019841665402054787,0
U19041,0,1,0.010041086934506893,0
U19042,0,2,0.7196299433708191,1
U19043,0,4,0.01731535606086254,0
U19044,0,5,0.038988012820482254,0
U19045,0,1,0.018195074051618576,0
U19046,0,4,0.028954127803444862,0
U19047,0,2,0.22177530825138092,0
U19048,0,2,0.0642269104719162,0
U19049,0,1,0.8578961491584778,1
U19050,0,5,0.6335210204124451,1
U19051,0,1,0.00844268873333931,0
U19052,0,4,0.016502482816576958,0
U19053,0,4,0.04704904556274414,0
U19054,0,5,0.013805405236780643,0
U19055,0,4,0.0332893431186676,0
U19056,0,4,0.21023346483707428,0
U19057,0,3,0.16338787972927094,0
U19058,0,3,0.07961465418338776,0
U19059,0,2,0.01141725480556488,0
U19060,0,3,0.35117846727371216,0
U19061,0,5,0.02438395284116268,0
U19062,0,4,0.0036035063676536083,0
U19063,0,1,0.020924720913171768,0
U19064,0,4,0.8062447309494019,1
U19065,0,3,0.003613009350374341,0
U19066,0,2,0.5337687730789185,1
U19067,0,1,0.5054134130477905,1
U19068,0,3,0.008315712213516235,0
U19069,0,1,0.17759868502616882,0
U19070,0,2,0.0023134960792958736,0
U19071,0,4,0.09645617008209229,0
U19072,0,5,0.27176401019096375,0
U19073,0,1,0.027438221499323845,0
U19074,0,3,0.05452236905694008,0
U19075,0,2,0.1927131563425064,0
U19076,0,4,0.08075037598609924,0
U19077,0,2,0.4724348187446594,0
U19078,0,3,0.02617815136909485,0
U19079,0,2,0.08223234862089157,0
U19080,0,5,0.5030899047851562,1
U19081,0,3,0.006025210022926331,0
U19082,0,2,0.01143711432814598,0
U19083,0,5,0.8242965340614319,1
U19084,0,4,0.007508290931582451,0
U19085,0,1,0.004059473983943462,0
U19086,0,2,0.06603321433067322,0
U19087,0,3,0.003758762264624238,0
U19088,0,1,0.04117846488952637,0
U19089,0,5,0.02585705928504467,0
U19090,0,3,0.0191966500133276,0
U19091,0,2,0.43256282806396484,0
U19092,0,4,0.004611728712916374,0
U19093,0,2,0.7008786201477051,1
U19094,0,4,0.02641216479241848,0
U19095,0,1,0.005518247373402119,0
U19096,0,3,0.00799931026995182,0
U19097,0,5,0.13061267137527466,0
U19098,0,3,0.0071055288426578045,0
U19099,0,3,0.10507065802812576,0
U19100,0,3,0.12907089293003082,0
U19101,0,4,0.003949929028749466,0
U19102,0,4,0.009282751940190792,0
U19103,0,5,0.05826425552368164,0
U19104,0,4,0.005699517205357552,0
U19105,0,3,0.39874184131622314,0
U19106,0,1,0.028769776225090027,0
U19107,0,3,0.05478473752737045,0
U19108,0,5,0.005211567040532827,0
U19109,0,2,0.006133080925792456,0
U19110,0,2,0.06827263534069061,0
U19111,0,5,0.018686143681406975,0
U19112,0,3,0.14298567175865173,0
U19113,0,1,0.02345772087574005,0
U19114,0,2,0.16614890098571777,0
U19115,0,2,0.019615210592746735,0
U19116,0,3,0.007001064717769623,0
U19117,0,4,0.011528747156262398,0
U19118,0,2,0.015948105603456497,0
U19119,0,4,0.010716342367231846,0
U19120,0,3,0.1487012505531311,0
U19121,0,3,0.08382678031921387,0
U19122,0,4,0.12306029349565506,0
U19123,0,2,0.0214519165456295,0
U19124,0,5,0.010924108326435089,0
U19125,0,1,0.8556555509567261,1
U19126,0,2,0.07584460824728012,0
U19127,0,5,0.019639668986201286,0
U19128,0,1,0.07857672870159149,0
U19129,0,2,0.0031902045011520386,0
U19130,0,5,0.02145475707948208,0
U19131,0,5,0.009517480619251728,0
U19132,0,2,0.013573945499956608,0
U19133,0,3,0.018334658816456795,0
U19134,0,2,0.014354875311255455,0
U19135,0,5,0.1446288526058197,0
U19136,0,4,0.006253238767385483,0
U19137,0,3,0.006987821776419878,0
U19138,0,5,0.3299299478530884,0
U19139,0,5,0.0018769396701827645,0
U19140,0,3,0.010435130447149277,0
U19141,0,2,0.08068063110113144,0
U19142,0,2,0.024531971663236618,0
U19143,0,1,0.14587020874023438,0
U19144,0,2,0.5793404579162598,1
U19145,0,1,0.039312995970249176,0
U19146,0,3,0.0010409802198410034,0
U19147,0,3,0.015974845737218857,0
U19148,0,5,0.009401092305779457,0
U19149,0,2,0.001677062944509089,0
U19150,0,1,0.0135806854814291,0
U19151,0,1,0.00681774877011776,0
U19152,0,1,0.6859298944473267,1
U19153,0,3,0.6237128973007202,1
U19154,0,2,0.013884175568819046,0
U19155,0,5,0.496614933013916,0
U19156,0,1,0.02287675440311432,0
U19157,0,3,0.7756776809692383,1
U19158,0,1,0.004038953687995672,0
U19159,0,2,0.10747464746236801,0
U19160,0,4,0.0030328661669045687,0
U19161,0,1,0.007238965947180986,0
U19162,0,5,0.02500692382454872,0
U19163,0,4,0.323464035987854,0
U19164,0,1,0.013895479030907154,0
U19165,0,3,0.10099266469478607,0
U19166,0,4,0.4503481984138489,0
U19167,0,1,0.018208172172307968,0
U19168,0,4,0.11388429999351501,0
U19169,0,4,0.05092714726924896,0
U19170,0,2,0.24861496686935425,0
U19171,0,1,0.01475976686924696,0
U19172,0,4,0.4029790759086609,0
U19173,0,4,0.0032543702982366085,0
U19174,0,4,0.20250387489795685,0
U19175,0,5,0.014431408606469631,0
U19176,0,4,0.1294691562652588,0
U19177,0,1,0.2957445979118347,0
U19178,0,3,0.9033872485160828,1
U19179,0,5,0.14100991189479828,0
U19180,0,3,0.13971029222011566,0
U19181,0,2,0.023190569132566452,0
U19182,0,5,0.008675732649862766,0
U19183,0,1,0.012338806875050068,0
U19184,0,4,0.03922717273235321,0
U19185,0,1,0.004940473940223455,0
U19186,0,3,0.024738652631640434,0
U19187,0,2,0.040250152349472046,0
U19188,0,1,0.01690586842596531,0
U19189,0,5,0.013500875793397427,0
U19190,0,5,0.6952623128890991,1
U19191,0,5,0.0015454677632078528,0
U19192,0,4,0.009663272649049759,0
U19193,0,3,0.006443621590733528,0
U19194,0,2,0.8289614915847778,1
U19195,0,2,0.0033979846630245447,0
U19196,0,1,0.02349846251308918,0
U19197,0,2,0.029776103794574738,0
U19198,0,1,0.031684234738349915,0
U19199,0,5,0.02245199866592884,0
U19200,0,3,0.18077509105205536,0
U19201,0,2,0.7548796534538269,1
U19202,0,1,0.04855233430862427,0
U19203,0,2,0.03245968744158745,0
U19204,0,3,0.08502250909805298,0
U19205,0,4,0.7382986545562744,1
U19206,0,3,0.04177147522568703,0
U19207,0,3,0.12236948311328888,0
U19208,0,1,0.1356355994939804,0
U19209,0,5,0.19969211518764496,0
U19210,0,1,0.16240695118904114,0
U19211,0,3,0.026974815875291824,0
U19212,0,2,0.28315669298171997,0
U19213,0,4,0.03185851871967316,0
U19214,0,5,0.6127530336380005,1
U19215,0,4,0.008457588963210583,0
U19216,0,4,0.00838088896125555,0
U19217,0,4,0.006280481815338135,0
U19218,0,2,0.1093423068523407,0
U19219,0,2,0.08251911401748657,0
U19220,0,1,0.015473649837076664,0
U19221,0,2,0.4808386266231537,0
U19222,0,3,0.1417238414287567,0
U19223,0,4,0.02754024788737297,0
U19224,0,3,0.02417239546775818,0
U19225,0,2,0.003577386261895299,0
U19226,0,4,0.020890338346362114,0
U19227,0,3,0.02482328936457634,0
U19228,0,5,0.011702858842909336,0
U19229,0,2,0.008522857911884785,0
U19230,0,3,0.017621172592043877,0
U19231,0,3,0.0032253742683678865,0
U19232,0,2,0.2597520649433136,0
U19233,0,4,0.4530603885650635,0
U19234,0,2,0.044626250863075256,0
U19235,0,5,0.02976335771381855,0
U19236,0,1,0.03313669189810753,0
U19237,0,2,0.029605278745293617,0
U19238,0,5,0.018614105880260468,0
U19239,0,2,0.07059217989444733,0
U19240,0,2,0.009642479009926319,0
U19241,0,1,0.0112990727648139,0
U19242,0,1,0.0015497006243094802,0
U19243,0,2,0.008698607794940472,0
U19244,0,3,0.02328827790915966,0
U19245,0,5,0.006648206152021885,0
U19246,0,5,0.01037565991282463,0
U19247,0,3,0.03667651116847992,0
U19248,0,4,0.03083185665309429,0
U19249,0,1,0.011359947733581066,0
U19250,0,3,0.436903715133667,0
U19251,0,4,0.029224814847111702,0
U19252,0,5,0.14671039581298828,0
U19253,0,4,0.019605163484811783,0
U19254,0,5,0.010521810501813889,0
U19255,0,1,0.6657127737998962,1
U19256,0,3,0.03628608211874962,0
U19257,0,1,0.011463291943073273,0
U19258,0,3,0.10345757752656937,0
U19259,0,3,0.040922507643699646,0
U19260,0,3,0.43440544605255127,0
U19261,0,5,0.0031739461701363325,0
U19262,0,5,0.10920637100934982,0
U19263,0,5,0.12325127422809601,0
U19264,0,4,0.024453317746520042,0
U19265,0,2,0.042655207216739655,0
U19266,0,2,0.03950976952910423,0
U19267,0,2,0.0819425955414772,0
U19268,0,2,0.06723334640264511,0
U19269,0,4,0.006332205608487129,0
U19270,0,3,0.036597661674022675,0
U19271,0,5,0.689689576625824,1
U19272,0,2,0.034504763782024384,0
U19273,0,2,0.007454060949385166,0
U19274,0,1,0.008452409878373146,0
U19275,0,3,0.005055444315075874,0
U19276,0,1,0.007892531342804432,0
U19277,0,5,0.008554967120289803,0
U19278,0,3,0.5219945907592773,1
U19279,0,4,0.11151301860809326,0
U19280,0,5,0.001900894450955093,0
U19281,0,4,0.014412014745175838,0
U19282,0,4,0.006984671112149954,0
U19283,0,3,0.044080279767513275,0
U19284,0,3,0.44430971145629883,0
U19285,0,2,0.05367518961429596,0
U19286,0,3,0.12071491777896881,0
U19287,0,2,0.211338073015213,0
U19288,0,5,0.002434086287394166,0
U19289,0,2,0.01567351445555687,0
U19290,0,4,0.3530697524547577,0
U19291,0,3,0.049782223999500275,0
U19292,0,4,0.009625706821680069,0
U19293,0,2,0.46596330404281616,0
U19294,0,5,0.5477001667022705,1
U19295,0,3,0.028258144855499268,0
U19296,0,3,0.004234583582729101,0
U19297,0,5,0.018342778086662292,0
U19298,0,1,0.311698317527771,0
U19299,0,4,0.2139742076396942,0
U19300,0,1,0.00884519424289465,0
U19301,0,5,0.12304303050041199,0
U19302,0,4,0.7019951343536377,1
U19303,0,5,0.05655503645539284,0
U19304,0,5,0.0070765516720712185,0
U19305,0,3,0.004605749621987343,0
U19306,0,4,0.0035366355441510677,0
U19307,0,1,0.03165170177817345,0
U19308,0,1,0.20849567651748657,0
U19309,0,1,0.0661197230219841,0
U19310,0,5,0.0727078914642334,0
U19311,0,3,0.005298853386193514,0
U19312,0,2,0.5105802416801453,1
U19313,0,5,0.11159874498844147,0
U19314,0,5,0.006714041344821453,0
U19315,0,5,0.23441340029239655,0
U19316,0,1,0.009886241517961025,0
U19317,0,1,0.5933606624603271,1
U19318,0,4,0.03318370133638382,0
U19319,0,5,0.025912364944815636,0
U19320,0,3,0.021543409675359726,0
U19321,0,5,0.012751996517181396,0
U19322,0,3,0.03655090183019638,0
U19323,0,1,0.7739747166633606,1
U19324,0,3,0.03982480242848396,0
U19325,0,4,0.005452141165733337,0
U19326,0,5,0.7529231309890747,1
U19327,0,1,0.154434472322464,0
U19328,0,1,0.10894756019115448,0
U19329,0,3,0.014331900514662266,0
U19330,0,5,0.0038459310308098793,0
U19331,0,4,0.10234253108501434,0
U19332,0,5,0.003177416045218706,0
U19333,0,1,0.06366358697414398,0
U19334,0,2,0.3395557403564453,0
U19335,0,5,0.010165836662054062,0
U19336,0,4,0.004983570892363787,0
U19337,0,4,0.0707332044839859,0
U19338,0,1,0.020261526107788086,0
U19339,0,5,0.005953075364232063,0
U19340,0,1,0.7510389089584351,1
U19341,0,3,0.002675018971785903,0
U19342,0,4,0.2033538818359375,0
U19343,0,2,0.26275330781936646,0
U19344,0,2,0.06202993169426918,0
U19345,0,1,0.15144041180610657,0
U19346,0,3,0.15059807896614075,0
U19347,0,5,0.14617888629436493,0
U19348,0,5,0.00814138911664486,0
U19349,0,4,0.007574042305350304,0
U19350,0,3,0.9436430335044861,1
U19351,0,2,0.049096595495939255,0
U19352,0,5,0.010602772235870361,0
U19353,0,2,0.01980341412127018,0
U19354,0,1,0.008342827670276165,0
U19355,0,1,0.16335873305797577,0
U19356,0,5,0.022371238097548485,0
U19357,0,5,0.008446961641311646,0
U19358,0,4,0.002876778831705451,0
U19359,0,5,0.005977895576506853,0
U19360,0,5,0.023445365950465202,0
U19361,0,3,0.006145486608147621,0
U19362,0,4,0.024594023823738098,0
U19363,0,5,0.007031406741589308,0
U19364,0,5,0.04491901025176048,0
U19365,0,2,0.010002810508012772,0
U19366,0,2,0.0825914591550827,0
U19367,0,5,0.021237850189208984,0
U19368,0,3,0.061621833592653275,0
U19369,0,5,0.8407015204429626,1
U19370,0,4,0.0011546885361894965,0
U19371,0,3,0.019129987806081772,0
U19372,0,5,0.02184191346168518,0
U19373,0,2,0.07592479139566422,0
U19374,0,3,0.3982184827327728,0
U19375,0,1,0.37072351574897766,0
U19376,0,1,0.061165645718574524,0
U19377,0,1,0.01190758403390646,0
U19378,0,3,0.0026427493430674076,0
U19379,0,5,0.004707377403974533,0
U19380,0,5,0.012318733148276806,0
U19381,0,5,0.0022847200743854046,0
U19382,0,4,0.11985887587070465,0
U19383,0,2,0.16394826769828796,0
U19384,0,2,0.16144493222236633,0
U19385,0,5,0.0062478650361299515,0
U19386,0,5,0.33648550510406494,0
U19387,0,3,0.6840301156044006,1
U19388,0,1,0.002408571308478713,0
U19389,0,2,0.05622727796435356,0
U19390,0,1,0.04519052430987358,0
U19391,0,3,0.0035224652383476496,0
U19392,0,4,0.7116485834121704,1
U19393,0,3,0.01805642433464527,0
U19394,0,2,0.20507681369781494,0
U19395,0,5,0.1120619922876358,0
U19396,0,1,0.05561314523220062,0
U19397,0,1,0.021537255495786667,0
U19398,0,1,0.030382057651877403,0
U19399,0,2,0.08562638610601425,0
U19400,0,2,0.008466478437185287,0
U19401,0,2,0.4070909917354584,0
U19402,0,1,0.11226498335599899,0
U19403,0,1,0.1202944666147232,0
U19404,0,1,0.008534926921129227,0
U19405,0,2,0.030136313289403915,0
U19406,0,1,0.00771109526976943,0
U19407,0,4,0.08192063868045807,0
U19408,0,5,0.035728201270103455,0
U19409,0,2,0.08497017621994019,0
U19410,0,4,0.005804790183901787,0
U19411,0,3,0.01599602960050106,0
U19412,0,4,0.02548043616116047,0
U19413,0,3,0.011796832084655762,0
U19414,0,5,0.009133712388575077,0
U19415,0,5,0.007743465714156628,0
U19416,0,5,0.040138546377420425,0
U19417,0,4,0.02023264765739441,0
U19418,0,5,0.07183107733726501,0
U19419,0,1,0.05772089585661888,0
U19420,0,4,0.07362766563892365,0
U19421,0,4,0.04457410052418709,0
U19422,0,5,0.05639628320932388,0
U19423,0,3,0.06162078678607941,0
U19424,0,3,0.013075700961053371,0
U19425,0,4,0.026129990816116333,0
U19426,0,4,0.16219772398471832,0
U19427,0,5,0.03771185874938965,0
U19428,0,3,0.03448648005723953,0
U19429,0,4,0.14660021662712097,0
U19430,0,2,0.004774675238877535,0
U19431,0,1,0.02409515343606472,0
U19432,0,3,0.009297516196966171,0
U19433,0,1,0.0894133523106575,0
U19434,0,2,0.0037639918737113476,0
U19435,0,2,0.5725268125534058,1
U19436,0,2,0.042758356779813766,0
U19437,0,2,0.34025946259498596,0
U19438,0,3,0.0975312888622284,0
U19439,0,5,0.919471263885498,1
U19440,0,5,0.11148466914892197,0
U19441,0,2,0.04747724533081055,0
U19442,0,3,0.2520638406276703,0
U19443,0,1,0.013829946517944336,0
U19444,0,2,0.030751025304198265,0
U19445,0,1,0.10326461493968964,0
U19446,0,5,0.05090608820319176,0
U19447,0,5,0.02426917292177677,0
U19448,0,3,0.0009508183575235307,0
U19449,0,4,0.042127981781959534,0
U19450,0,4,0.11668087542057037,0
U19451,0,3,0.036953359842300415,0
U19452,0,4,0.008118054829537868,0
U19453,0,4,0.4512234926223755,0
U19454,0,1,0.4198848307132721,0
U19455,0,3,0.013123475015163422,0
U19456,0,5,0.08093428611755371,0
U19457,0,4,0.016916973516345024,0
U19458,0,2,0.38656091690063477,0
U19459,0,3,0.06279247254133224,0
U19460,0,4,0.017943482846021652,0
U19461,0,3,0.7350825071334839,1
U19462,0,1,0.003010162152349949,0
U19463,0,1,0.0009729749290272593,0
U19464,0,3,0.0005650390521623194,0
U19465,0,5,0.005718947388231754,0
U19466,0,1,0.17896606028079987,0
U19467,0,1,0.05207659304141998,0
U19468,0,4,0.0014049385208636522,0
U19469,0,2,0.013776896521449089,0
U19470,0,5,0.006372631061822176,0
U19471,0,5,0.0014642071910202503,0
U19472,0,5,0.13265743851661682,0
U19473,0,5,0.023930542171001434,0
U19474,0,4,0.09488879144191742,0
U19475,0,5,0.30589017271995544,0
U19476,0,2,0.7759263515472412,1
U19477,0,2,0.0019215731881558895,0
U19478,0,3,0.0405302494764328,0
U19479,0,1,0.019063884392380714,0
U19480,0,4,0.03209137171506882,0
U19481,0,4,0.22100064158439636,0
U19482,0,2,0.15495248138904572,0
U19483,0,1,0.005634835455566645,0
U19484,0,1,0.0014751804992556572,0
U19485,0,2,0.09947389364242554,0
U19486,0,1,0.04023081064224243,0
U19487,0,2,0.043744683265686035,0
U19488,0,1,0.04275441914796829,0
U19489,0,3,0.13344502449035645,0
U19490,0,1,0.7879074811935425,1
U19491,0,2,0.03774029761552811,0
U19492,0,1,0.003046297235414386,0
U19493,0,3,0.009785515256226063,0
U19494,0,3,0.5417300462722778,1
U19495,0,1,0.009565616026520729,0
U19496,0,2,0.5367274284362793,1
U19497,0,2,0.01733754388988018,0
U19498,0,1,0.06709327548742294,0
U19499,0,1,0.08008727431297302,0
U19500,0,5,0.7690899968147278,1
U19501,0,2,0.020780203863978386,0
U19502,0,1,0.010532538406550884,0
U19503,0,3,0.09104238450527191,0
U19504,0,1,0.008968447335064411,0
U19505,0,1,0.05209098011255264,0
U19506,0,2,0.021650228649377823,0
U19507,0,1,0.01419593021273613,0
U19508,0,2,0.008403366431593895,0
U19509,0,2,0.002716669114306569,0
U19510,0,2,0.401388943195343,0
U19511,0,1,0.06911282241344452,0
U19512,0,1,0.05738094449043274,0
U19513,0,2,0.001539183664135635,0
U19514,0,5,0.1031000018119812,0
U19515,0,4,0.19293443858623505,0
U19516,0,5,0.13953883945941925,0
U19517,0,1,0.41041573882102966,0
U19518,0,3,0.4855347275733948,0
U19519,0,3,0.05939062312245369,0
U19520,0,5,0.018949825316667557,0
U19521,0,2,0.005215615965425968,0
U19522,0,5,0.024310316890478134,0
U19523,0,4,0.430949330329895,0
U19524,0,5,0.0195673368871212,0
U19525,0,3,0.029099231585860252,0
U19526,0,1,0.8075006008148193,1
U19527,0,2,0.013521678745746613,0
U19528,0,4,0.03657577559351921,0
U19529,0,3,0.017992869019508362,0
U19530,0,5,0.12293776124715805,0
U19531,0,3,0.09717541933059692,0
U19532,0,3,0.09565339982509613,0
U19533,0,2,0.019170086830854416,0
U19534,0,2,0.02057305909693241,0
U19535,0,1,0.06761233508586884,0
U19536,0,2,0.650193452835083,1
U19537,0,5,0.3266001343727112,0
U19538,0,5,0.02902895212173462,0
U19539,0,3,0.0018415001686662436,0
U19540,0,2,0.05702980235219002,0
U19541,0,5,0.008963547646999359,0
U19542,0,2,0.03777723014354706,0
U19543,0,2,0.014904803596436977,0
U19544,0,4,0.3021925389766693,0
U19545,0,5,0.008333872072398663,0
U19546,0,5,0.010139879770576954,0
U19547,0,2,0.007112201303243637,0
U19548,0,3,0.17336410284042358,0
U19549,0,5,0.7825561761856079,1
U19550,0,5,0.05886271595954895,0
U19551,0,1,0.8909425735473633,1
U19552,0,4,0.15860384702682495,0
U19553,0,4,0.005053589586168528,0
U19554,0,5,0.8783159852027893,1
U19555,0,1,0.03842601180076599,0
U19556,0,2,0.5454952716827393,1
U19557,0,2,0.005709941498935223,0
U19558,0,2,0.014787496067583561,0
U19559,0,2,0.27739059925079346,0
U19560,0,2,0.22077949345111847,0
U19561,0,5,0.010677658952772617,0
U19562,0,1,0.002845785580575466,0
U19563,0,4,0.4145797789096832,0
U19564,0,3,0.0009375698864459991,0
U19565,0,5,0.012917628511786461,0
U19566,0,4,0.7027703523635864,1
U19567,0,4,0.14273671805858612,0
U19568,0,2,0.06941399723291397,0
U19569,0,4,0.2163570076227188,0
U19570,0,1,0.011787472292780876,0
U19571,0,3,0.014052086509764194,0
U19572,0,1,0.18500977754592896,0
U19573,0,5,0.2871628403663635,0
U19574,0,5,0.12300367653369904,0
U19575,0,3,0.039606835693120956,0
U19576,0,4,0.12165508419275284,0
U19577,0,4,0.059301894158124924,0
U19578,0,5,0.2682638168334961,0
U19579,0,3,0.002873505000025034,0
U19580,0,1,0.20230093598365784,0
U19581,0,4,0.031373247504234314,0
U19582,0,4,0.004084405954927206,0
U19583,0,5,0.008829356171190739,0
U19584,0,3,0.008277034386992455,0
U19585,0,1,0.7417774200439453,1
U19586,0,2,0.15315918624401093,0
U19587,0,2,0.6433883905410767,1
U19588,0,5,0.0349346399307251,0
U19589,0,5,0.09265943616628647,0
U19590,0,3,0.0064958613365888596,0
U19591,0,1,0.007542049512267113,0
U19592,0,4,0.003732686396688223,0
U19593,0,4,0.25227394700050354,0
U19594,0,3,0.03379069268703461,0
U19595,0,5,0.0055857812985777855,0
U19596,0,2,0.008050457574427128,0
U19597,0,3,0.05563436448574066,0
U19598,0,4,0.009027289226651192,0
U19599,0,1,0.46855229139328003,0
U19600,0,1,0.016510307788848877,0
U19601,0,3,0.045898281037807465,0
U19602,0,5,0.014630855061113834,0
U19603,0,1,0.030290473252534866,0
U19604,0,2,0.00635832455009222,0
U19605,0,5,0.07288441807031631,0
U19606,0,1,0.059532035142183304,0
U19607,0,2,0.0019016070291399956,0
U19608,0,4,0.12217695266008377,0
U19609,0,1,0.8381341099739075,1
U19610,0,5,0.21294954419136047,0
U19611,0,3,0.01691688783466816,0
U19612,0,5,0.07377710938453674,0
U19613,0,3,0.12742386758327484,0
U19614,0,2,0.018462035804986954,0
U19615,0,5,0.07427999377250671,0
U19616,0,2,0.0034265543799847364,0
U19617,0,1,0.10218261927366257,0
U19618,0,2,0.07772113382816315,0
U19619,0,3,0.017592553049325943,0
U19620,0,2,0.02336089499294758,0
U19621,0,1,0.00761659350246191,0
U19622,0,1,0.009701578877866268,0
U19623,0,1,0.005471404641866684,0
U19624,0,3,0.12233719974756241,0
U19625,0,2,0.020195595920085907,0
U19626,0,2,0.01392069086432457,0
U19627,0,1,0.06521803140640259,0
U19628,0,5,0.011997397057712078,0
U19629,0,1,0.00427890382707119,0
U19630,0,3,0.0157077144831419,0
U19631,0,2,0.025736412033438683,0
U19632,0,4,0.06012757495045662,0
U19633,0,3,0.00796207319945097,0
U19634,0,5,0.5440685749053955,1
U19635,0,1,0.02467259205877781,0
U19636,0,3,0.01918679103255272,0
U19637,0,3,0.10777158290147781,0
U19638,0,4,0.004442274570465088,0
U19639,0,1,0.7004855275154114,1
U19640,0,2,0.007443826179951429,0
U19641,0,5,0.27085965871810913,0
U19642,0,1,0.07342984527349472,0
U19643,0,4,0.09361231327056885,0
U19644,0,2,0.06009132042527199,0
U19645,0,3,0.004618392325937748,0
U19646,0,1,0.08344170451164246,0
U19647,0,1,0.006552609149366617,0
U19648,0,4,0.17059502005577087,0
U19649,0,1,0.12295974791049957,0
U19650,0,2,0.004498963709920645,0
U19651,0,3,0.11427749693393707,0
U19652,0,5,0.05610610544681549,0
U19653,0,2,0.06213497743010521,0
U19654,0,4,0.02295330911874771,0
U19655,0,1,0.03738272190093994,0
U19656,0,4,0.03257547691464424,0
U19657,0,3,0.10533919930458069,0
U19658,0,1,0.04340343549847603,0
U19659,0,5,0.2805916368961334,0
U19660,0,5,0.010047194547951221,0
U19661,0,3,0.0007836464210413396,0
U19662,0,4,0.008500578813254833,0
U19663,0,5,0.267742782831192,0
U19664,0,2,0.0397670716047287,0
U19665,0,4,0.005701650865375996,0
U19666,0,1,0.0711248591542244,0
U19667,0,4,0.006292372476309538,0
U19668,0,4,0.05988284572958946,0
U19669,0,2,0.05121651664376259,0
U19670,0,5,0.026625296100974083,0
U19671,0,4,0.034769490361213684,0
U19672,0,3,0.0013831071555614471,0
U19673,0,3,0.019853420555591583,0
U19674,0,5,0.301344633102417,0
U19675,0,4,0.06728412210941315,0
U19676,0,5,0.22645780444145203,0
U19677,0,1,0.004534534178674221,0
U19678,0,4,0.0030348182190209627,0
U19679,0,1,0.05924941971898079,0
U19680,0,4,0.07791902124881744,0
U19681,0,3,0.015896454453468323,0
U19682,0,1,0.7146788239479065,1
U19683,0,3,0.0020925390999764204,0
U19684,0,5,0.05730089545249939,0
U19685,0,4,0.03332914412021637,0
U19686,0,3,0.003863269928842783,0
U19687,0,2,0.008892778307199478,0
U19688,0,5,0.6394016146659851,1
U19689,0,2,0.06479212641716003,0
U19690,0,2,0.30988168716430664,0
U19691,0,2,0.039174631237983704,0
U19692,0,5,0.034312598407268524,0
U19693,0,4,0.023237116634845734,0
U19694,0,3,0.009471561759710312,0
U19695,0,2,0.01649363897740841,0
U19696,0,3,0.006517565809190273,0
U19697,0,1,0.7377659678459167,1
U19698,0,3,0.018082810565829277,0
U19699,0,1,0.007209018804132938,0
U19700,0,4,0.1655500829219818,0
U19701,0,2,0.5537298917770386,1
U19702,0,5,0.00408467510715127,0
U19703,0,5,0.001133932382799685,0
U19704,0,1,0.016722023487091064,0
U19705,0,1,0.011614255607128143,0
U19706,0,5,0.05040498077869415,0
U19707,0,4,0.03661251440644264,0
U19708,0,4,0.06473419815301895,0
U19709,0,3,0.04023360833525658,0
U19710,0,2,0.001800332684069872,0
U19711,0,3,0.5185667276382446,1
U19712,0,1,0.43039363622665405,0
U19713,0,2,0.05205750837922096,0
U19714,0,2,0.045217957347631454,0
U19715,0,4,0.14498865604400635,0
U19716,0,3,0.0026831580325961113,0
U19717,0,2,0.016750331968069077,0
U19718,0,3,0.010999923571944237,0
U19719,0,5,0.11242953687906265,0
U19720,0,2,0.017101572826504707,0
U19721,0,4,0.07639575004577637,0
U19722,0,4,0.007428451906889677,0
U19723,0,1,0.34696274995803833,0
U19724,0,5,0.005062200129032135,0
U19725,0,1,0.4049687087535858,0
U19726,0,3,0.9905385375022888,1
U19727,0,4,0.004865610506385565,0
U19728,0,2,0.01371814962476492,0
U19729,0,1,0.13404391705989838,0
U19730,0,4,0.25142884254455566,0
U19731,0,2,0.018939144909381866,0
U19732,0,1,0.019979145377874374,0
U19733,0,1,0.17835307121276855,0
U19734,0,2,0.029200799763202667,0
U19735,0,2,0.00455580884590745,0
U19736,0,1,0.0564071349799633,0
U19737,0,4,0.021957265213131905,0
U19738,0,5,0.024912940338253975,0
U19739,0,3,0.03424999490380287,0
U19740,0,4,0.9324878454208374,1
U19741,0,3,0.19740059971809387,0
U19742,0,5,0.04024350643157959,0
U19743,0,2,0.0034158851485699415,0
U19744,0,4,0.0039043831638991833,0
U19745,0,5,0.22960346937179565,0
U19746,0,2,0.35575157403945923,0
U19747,0,5,0.006834601983428001,0
U19748,0,1,0.019997883588075638,0
U19749,0,2,0.8325927257537842,1
U19750,0,4,0.002140195108950138,0
U19751,0,1,0.3818179965019226,0
U19752,0,3,0.06874100863933563,0
U19753,0,5,0.12418697774410248,0
U19754,0,4,0.03233298659324646,0
U19755,0,3,0.024857455864548683,0
U19756,0,5,0.0858365148305893,0
U19757,0,5,0.9491610527038574,1
U19758,0,2,0.6382203698158264,1
U19759,0,3,0.548331618309021,1
U19760,0,4,0.24501319229602814,0
U19761,0,1,0.06326504051685333,0
U19762,0,2,0.02677890658378601,0
U19763,0,3,0.16846680641174316,0
U19764,0,2,0.2876734435558319,0
U19765,0,5,0.6494733691215515,1
U19766,0,1,0.0826566219329834,0
U19767,0,3,0.005573729053139687,0
U19768,0,5,0.011091656982898712,0
U19769,0,5,0.05969460308551788,0
U19770,0,3,0.03724187985062599,0
U19771,0,1,0.30817553400993347,0
U19772,0,2,0.3796711564064026,0
U19773,0,1,0.4777129292488098,0
U19774,0,3,0.027056781575083733,0
U19775,0,1,0.3553209602832794,0
U19776,0,2,0.04168163612484932,0
U19777,0,2,0.0017333774594590068,0
U19778,0,4,0.04386777803301811,0
U19779,0,4,0.001896557747386396,0
U19780,0,3,0.0747639387845993,0
U19781,0,2,0.06318596750497818,0
U19782,0,5,0.003957702312618494,0
U19783,0,1,0.2641563415527344,0
U19784,0,4,0.06077537685632706,0
U19785,0,3,0.021187923848628998,0
U19786,0,1,0.014881422743201256,0
U19787,0,5,0.14839425683021545,0
U19788,0,3,0.03473054617643356,0
U19789,0,4,0.004291227087378502,0
U19790,0,4,0.005839508958160877,0
U19791,0,3,0.004353147931396961,0
U19792,0,5,0.8936153650283813,1
U19793,0,3,0.004867894574999809,0
U19794,0,1,0.7581462860107422,1
U19795,0,3,0.03171977400779724,0
U19796,0,1,0.0022007711231708527,0
U19797,0,4,0.017499221488833427,0
U19798,0,3,0.03690550476312637,0
U19799,0,3,0.6563516855239868,1
U19800,0,2,0.19773027300834656,0
U19801,0,2,0.05529133975505829,0
U19802,0,4,0.0072410330176353455,0
U19803,0,3,0.008883541449904442,0
U19804,0,3,0.057397499680519104,0
U19805,0,5,0.013802886940538883,0
U19806,0,4,0.011442161165177822,0
U19807,0,1,0.10137680172920227,0
U19808,0,1,0.0036493234802037477,0
U19809,0,2,0.411339670419693,0
U19810,0,5,0.2982860207557678,0
U19811,0,4,0.03222567215561867,0
U19812,0,2,0.9228915572166443,1
U19813,0,4,0.004383801948279142,0
U19814,0,5,0.0375615619122982,0
U19815,0,3,0.21697920560836792,0
U19816,0,1,0.004336120560765266,0
U19817,0,5,0.0065975612960755825,0
U19818,0,2,0.07232366502285004,0
U19819,0,2,0.7801538109779358,1
U19820,0,4,0.04671282693743706,0
U19821,0,4,0.19084474444389343,0
U19822,0,5,0.20559225976467133,0
U19823,0,3,0.026606488972902298,0
U19824,0,3,0.019396215677261353,0
U19825,0,2,0.16544701159000397,0
U19826,0,4,0.10513561964035034,0
U19827,0,4,0.021126553416252136,0
U19828,0,3,0.022686632350087166,0
U19829,0,1,0.0072095743380486965,0
U19830,0,5,0.681764543056488,1
U19831,0,4,0.016296442598104477,0
U19832,0,4,0.03024398908019066,0
U19833,0,4,0.021985044702887535,0
U19834,0,1,0.007528483401983976,0
U19835,0,4,0.5086937546730042,1
U19836,0,4,0.006453897804021835,0
U19837,0,2,0.01534645538777113,0
U19838,0,2,0.3364843726158142,0
U19839,0,4,0.02189873345196247,0
U19840,0,3,0.008991009555757046,0
U19841,0,4,0.05861939489841461,0
U19842,0,5,0.7752588391304016,1
U19843,0,4,0.05933389067649841,0
U19844,0,3,0.005840125493705273,0
U19845,0,3,0.23011523485183716,0
U19846,0,4,0.026364119723439217,0
U19847,0,4,0.06122308969497681,0
U19848,0,1,0.002412414876744151,0
U19849,0,2,0.003407417330890894,0
U19850,0,2,0.049600549042224884,0
U19851,0,3,0.012073970399796963,0
U19852,0,3,0.004694304428994656,0
U19853,0,4,0.21296611428260803,0
U19854,0,4,0.0015955622075125575,0
U19855,0,2,0.020669372752308846,0
U19856,0,4,0.00856399443000555,0
U19857,0,1,0.10520424693822861,0
U19858,0,3,0.007230476010590792,0
U19859,0,3,0.05077981948852539,0
U19860,0,5,0.07256563752889633,0
U19861,0,3,0.42690515518188477,0
U19862,0,3,0.6191409826278687,1
U19863,0,4,0.005409217905253172,0
U19864,0,4,0.02146270126104355,0
U19865,0,1,0.0402459092438221,0
U19866,0,4,0.2560079097747803,0
U19867,0,1,0.018544312566518784,0
U19868,0,3,0.016301250085234642,0
U19869,0,2,0.004502751398831606,0
U19870,0,1,0.07309908419847488,0
U19871,0,1,0.9331516027450562,1
U19872,0,2,0.019513506442308426,0
U19873,0,1,0.28178033232688904,0
U19874,0,4,0.001866627368144691,0
U19875,0,5,0.015176143497228622,0
U19876,0,4,0.124124675989151,0
U19877,0,1,0.09757062047719955,0
U19878,0,2,0.004669723566621542,0
U19879,0,5,0.061301011592149734,0
U19880,0,3,0.08709774911403656,0
U19881,0,3,0.02756393328309059,0
U19882,0,3,0.039303191006183624,0
U19883,0,5,0.004910796415060759,0
U19884,0,4,0.005103666801005602,0
U19885,0,5,0.073241226375103,0
U19886,0,1,0.0019704806618392467,0
U19887,0,3,0.43508559465408325,0
U19888,0,4,0.014701411128044128,0
U19889,0,4,0.058076146990060806,0
U19890,0,5,0.013892585411667824,0
U19891,0,1,0.06543685495853424,0
U19892,0,5,0.020112432539463043,0
U19893,0,5,0.04463961720466614,0
U19894,0,4,0.003553479677066207,0
U19895,0,4,0.009159612469375134,0
U19896,0,5,0.7155367136001587,1
U19897,0,2,0.21276766061782837,0
U19898,0,1,0.015452053397893906,0
U19899,0,2,0.0347849540412426,0
U19900,0,3,0.016716983169317245,0
U19901,0,1,0.020087556913495064,0
U19902,0,2,0.008708542212843895,0
U19903,0,4,0.001665293937548995,0
U19904,0,2,0.004688010551035404,0
U19905,0,5,0.948486328125,1
U19906,0,3,0.11714823544025421,0
U19907,0,1,0.1356019228696823,0
U19908,0,2,0.007220523897558451,0
U19909,0,5,0.9526105523109436,1
U19910,0,5,0.02278466895222664,0
U19911,0,5,0.014760555699467659,0
U19912,0,5,0.007155933883041143,0
U19913,0,3,0.008687817491590977,0
U19914,0,2,0.016586067155003548,0
U19915,0,3,0.07591824233531952,0
U19916,0,2,0.02791142649948597,0
U19917,0,2,0.030021309852600098,0
U19918,0,2,0.01581990346312523,0
U19919,0,1,0.8941624760627747,1
U19920,0,3,0.019641462713479996,0
U19921,0,1,0.005201614461839199,0
U19922,0,1,0.04828445240855217,0
U19923,0,1,0.08712384104728699,0
U19924,0,1,0.9522884488105774,1
U19925,0,4,0.02035684511065483,0
U19926,0,4,0.1283290684223175,0
U19927,0,3,0.1871216744184494,0
U19928,0,5,0.014562880620360374,0
U19929,0,1,0.10953649133443832,0
U19930,0,4,0.11065629124641418,0
U19931,0,4,0.4643821120262146,0
U19932,0,5,0.039012178778648376,0
U19933,0,4,0.913393497467041,1
U19934,0,2,0.27111974358558655,0
U19935,0,2,0.02718278020620346,0
U19936,0,2,0.9607104659080505,1
U19937,0,3,0.2241348773241043,0
U19938,0,4,0.047172486782073975,0
U19939,0,1,0.5954068303108215,1
U19940,0,2,0.025784388184547424,0
U19941,0,4,0.012107064947485924,0
U19942,0,1,0.052212659269571304,0
U19943,0,2,0.496242880821228,0
U19944,0,1,0.03606481850147247,0
U19945,0,5,0.003912843763828278,0
U19946,0,4,0.018482636660337448,0
U19947,0,4,0.029593395069241524,0
U19948,0,3,0.3532283306121826,0
U19949,0,5,0.04343126714229584,0
U19950,0,3,0.1667722761631012,0
U19951,0,5,0.6105510592460632,1
U19952,0,5,0.006977500393986702,0
U19953,0,1,0.05288894101977348,0
U19954,0,3,0.10398121923208237,0
U19955,0,5,0.01259711105376482,0
U19956,0,1,0.013837072066962719,0
U19957,0,2,0.1769266426563263,0
U19958,0,1,0.024429641664028168,0
U19959,0,2,0.009337213821709156,0
U19960,0,2,0.004761654417961836,0
U19961,0,5,0.012746240943670273,0
U19962,0,4,0.1892750859260559,0
U19963,0,3,0.15258580446243286,0
U19964,0,5,0.040645401924848557,0
U19965,0,1,0.006741770543158054,0
U19966,0,5,0.8702037334442139,1
U19967,0,1,0.3431147336959839,0
U19968,0,5,0.020056381821632385,0
U19969,0,2,0.029300527647137642,0
U19970,0,3,0.014492537826299667,0
U19971,0,1,0.00907336175441742,0
U19972,0,1,0.07114731520414352,0
U19973,0,1,0.6085637807846069,1
U19974,0,4,0.011744021438062191,0
U19975,0,1,0.012425442226231098,0
U19976,0,4,0.012966358102858067,0
U19977,0,1,0.009621954523026943,0
U19978,0,1,0.10539177060127258,0
U19979,0,2,0.24464254081249237,0
U19980,0,5,0.02077803574502468,0
U19981,0,2,0.0018621517810970545,0
U19982,0,1,0.006538717541843653,0
U19983,0,3,0.0012355638900771737,0
U19984,0,4,0.0916781947016716,0
U19985,0,1,0.04185466840863228,0
U19986,0,5,0.26776865124702454,0
U19987,0,5,0.11428965628147125,0
U19988,0,4,0.056550610810518265,0
U19989,0,4,0.002388661727309227,0
U19990,0,4,0.022897815331816673,0
U19991,0,3,0.37035560607910156,0
U19992,0,2,0.05165066197514534,0
U19993,0,5,0.008270543068647385,0
U19994,0,5,0.2695482671260834,0
U19995,0,5,0.018119964748620987,0
U19996,0,2,0.009419098496437073,0
U19997,0,5,0.9484314918518066,1
U19998,0,4,0.07708887755870819,0
U19999,0,3,0.03193388879299164,0
U20000,0,3,0.28190696239471436,0
